id,gt_answer,teacher_answer,num_choices,teacher_confidence,p0,logit0,p1,logit1,p2,logit2,p3,logit3,p4,logit4
train_07667,2,2,3,0.9714339375495911,0.020161468535661697,28.375,0.008404550142586231,27.5,0.9714339375495911,32.25,,,,
train_02628,0,0,3,0.9857708215713501,0.9857708215713501,32.75,0.004565024748444557,27.375,0.009664157405495644,28.125,,,,
train_00927,1,1,3,0.9949159622192383,0.0035882273223251104,28.125,0.9949159622192383,33.75,0.0014957955572754145,27.25,,,,
train_10389,1,1,3,0.9926199316978455,0.0021713473834097385,27.125,0.9926199316978455,33.25,0.005208791233599186,28.0,,,,
train_09024,1,1,3,0.9953815937042236,0.001028525410220027,26.375,0.9953815937042236,33.25,0.003589906496927142,27.625,,,,
train_07987,2,2,3,0.9950908422470093,0.0013202670961618423,26.625,0.0035888580605387688,27.625,0.9950908422470093,33.25,,,,
train_02336,2,2,3,0.9975225329399109,0.0005517140962183475,26.0,0.0019256715895608068,27.25,0.9975225329399109,33.5,,,,
train_03216,3,3,4,0.9923382997512817,0.00405545998364687,29.0,0.001690567354671657,28.125,0.0019156635971739888,28.25,0.9923382997512817,34.5,,
train_07464,3,3,5,0.3646928668022156,0.15202660858631134,31.375,0.28402310609817505,32.0,0.19520604610443115,31.625,0.3646928668022156,32.25,0.004051372408866882,27.75
train_02324,1,1,5,0.4412578344345093,0.019387517124414444,29.625,0.4412578344345093,32.75,0.3436519503593445,32.5,0.18394362926483154,31.875,0.011759122833609581,29.125
train_03672,1,2,5,0.8479360342025757,0.008312872610986233,28.875,0.06960282474756241,31.0,0.8479360342025757,33.5,0.054206732660532,30.75,0.01994154416024685,29.75
train_00006,0,0,5,0.6370757222175598,0.6370757222175598,32.5,0.12544764578342438,30.875,0.0760878473520279,30.375,0.14215081930160522,31.0,0.019238019362092018,29.0
train_11068,1,1,4,0.8690869212150574,0.012396859005093575,30.5,0.8690869212150574,34.75,0.117618128657341,32.75,0.0008980254642665386,27.875,,
train_12520,0,3,5,0.8514880537986755,0.012145823799073696,29.5,0.013763021677732468,29.625,0.11523637175559998,31.75,0.8514880537986755,33.75,0.0073668151162564754,29.0
train_11218,0,0,5,0.744541585445404,0.744541585445404,33.0,0.1007627472281456,31.0,0.11417915672063828,31.125,0.03706854209303856,30.0,0.003447911934927106,27.625
train_05607,0,1,5,0.46783024072647095,0.04930894449353218,30.75,0.46783024072647095,33.0,0.36434656381607056,32.75,0.10438703745603561,31.5,0.014127249829471111,29.5
train_08803,0,0,5,0.75384122133255,0.75384122133255,33.0,0.13099795579910278,31.25,0.06187905743718147,30.5,0.04252881556749344,30.125,0.010752967558801174,28.75
train_05726,1,4,5,0.6468144059181213,0.022132771089673042,29.375,0.09919220954179764,30.875,0.08753681182861328,30.75,0.14432381093502045,31.25,0.6468144059181213,32.75
train_09621,2,3,5,0.5670637488365173,0.010386135429143906,29.0,0.08696204423904419,31.125,0.2678619623184204,32.25,0.5670637488365173,33.0,0.06772610545158386,30.875
train_00887,3,3,5,0.9182652235031128,0.013098349794745445,30.0,0.007011041045188904,29.375,0.0029226369224488735,28.5,0.9182652235031128,34.25,0.058702729642391205,31.5
train_04332,2,2,5,0.8837568163871765,0.0302404947578907,30.125,0.023551320657134056,29.875,0.8837568163871765,33.5,0.05649667978286743,30.75,0.005954706575721502,28.5
train_04556,0,4,5,0.5689617991447449,0.0171811580657959,29.25,0.022061042487621307,29.5,0.04670323058962822,30.25,0.3450928032398224,32.25,0.5689617991447449,32.75
train_07522,0,1,5,0.6318715810775757,0.007954088971018791,29.125,0.6318715810775757,33.5,0.2984749972820282,32.75,0.058773208409547806,31.125,0.0029261461459100246,28.125
train_05975,0,0,5,0.8771539926528931,0.8771539926528931,33.75,0.06354082375764847,31.125,0.03401095047593117,30.5,0.023375362157821655,30.125,0.0019187666475772858,27.625
train_12442,0,0,5,0.8694683313369751,0.8694683313369751,33.5,0.04905204847455025,30.625,0.03371294587850571,30.25,0.03371294587850571,30.25,0.014053646475076675,29.375
train_09049,1,0,5,0.6224355697631836,0.6224355697631836,32.5,0.12256482988595963,30.875,0.20207524299621582,31.375,0.04508908465504646,29.875,0.007835308089852333,28.125
train_08454,1,1,5,0.9674083590507507,0.001454439596273005,28.25,0.9674083590507507,34.75,0.02275126427412033,31.0,0.0009996207663789392,27.875,0.00738625368103385,29.875
train_12421,1,1,5,0.7990645170211792,0.05788404121994972,31.125,0.7990645170211792,33.75,0.09543465077877045,31.625,0.007833752781152725,29.125,0.03978307917714119,30.75
train_07947,1,0,5,0.3161875605583191,0.3161875605583191,31.875,0.07994473725557327,30.5,0.16924302279949188,31.25,0.21731233596801758,31.5,0.21731233596801758,31.5
train_03445,1,1,5,0.8244082927703857,0.04650993272662163,30.875,0.8244082927703857,33.75,0.1115715280175209,31.75,0.007132528815418482,29.0,0.01037776842713356,29.375
train_10355,4,4,5,0.9474490880966187,0.022281866520643234,30.25,0.00563373789191246,28.875,0.004971756599843502,28.75,0.019663678482174873,30.125,0.9474490880966187,34.0
train_06203,0,0,5,0.6680744290351868,0.6680744290351868,33.0,0.13155165314674377,31.375,0.07041452825069427,30.75,0.11609391868114471,31.25,0.013865442015230656,29.125
train_08627,3,0,5,0.9223410487174988,0.9223410487174988,33.75,0.040524840354919434,30.625,0.013156488537788391,29.5,0.02169138379395008,30.0,0.002286254893988371,27.75
train_09042,2,2,5,0.8292160034179688,0.015187622047960758,29.5,0.0873987227678299,31.25,0.8292160034179688,33.5,0.0530100055038929,30.75,0.015187622047960758,29.5
train_01964,0,3,5,0.5077698826789856,0.16484874486923218,31.625,0.1283843219280243,31.375,0.1454785019159317,31.5,0.5077698826789856,32.75,0.05351854860782623,30.5
train_07404,3,3,5,0.7573661804199219,0.020183123648166656,29.875,0.020183123648166656,29.875,0.16899123787879944,32.0,0.7573661804199219,33.5,0.03327634558081627,30.375
train_09343,2,0,5,0.9116478562355042,0.9116478562355042,33.75,0.0660395547747612,31.125,0.016697414219379425,29.75,0.004783888813108206,28.5,0.0008313152357004583,26.75
train_08766,0,0,5,0.9562400579452515,0.9562400579452515,34.0,0.019846128299832344,30.125,0.010622868314385414,29.5,0.005017887335270643,28.75,0.008273097686469555,29.25
train_01748,3,0,5,0.6038532853126526,0.6038532853126526,32.75,0.13473787903785706,31.25,0.13473787903785706,31.25,0.0926039069890976,30.875,0.034067071974277496,29.875
train_05049,1,0,5,0.5880600810050964,0.5880600810050964,32.75,0.2163352519273758,31.75,0.10218951851129532,31.0,0.07958527654409409,30.75,0.013829848729074001,29.0
train_00077,4,1,5,0.738330602645874,0.0196758434176445,30.875,0.738330602645874,34.5,0.2115352600812912,33.25,0.028628183528780937,31.25,0.0018301386153325438,28.5
train_04688,3,3,5,0.8841167688369751,0.007649109233170748,29.0,0.007649109233170748,29.0,0.018349258229136467,29.875,0.8841167688369751,33.75,0.0822356715798378,31.375
train_12620,2,0,5,0.8905888795852661,0.8905888795852661,33.5,0.06451404094696045,30.875,0.012703567743301392,29.25,0.03047427535057068,30.125,0.0017192410305142403,27.25
train_07389,3,2,5,0.534707248210907,0.11930931359529495,31.25,0.09291817992925644,31.0,0.534707248210907,32.75,0.22289913892745972,31.875,0.03016611933708191,29.875
train_02484,0,2,5,0.3902116119861603,0.23667532205581665,32.25,0.30389711260795593,32.5,0.3902116119861603,32.75,0.0678086057305336,31.0,0.0014073229394853115,27.125
train_09296,0,4,5,0.44716429710388184,0.01733844168484211,29.5,0.09977584332227707,31.25,0.271218866109848,32.25,0.1645025610923767,31.75,0.44716429710388184,32.75
train_06364,3,2,5,0.5449846982955933,0.15614072978496552,31.5,0.15614072978496552,31.5,0.5449846982955933,32.75,0.12160252034664154,31.25,0.021131349727511406,29.5
train_08910,3,2,5,0.46676063537597656,0.00968730729073286,29.125,0.15153498947620392,31.875,0.46676063537597656,33.0,0.15153498947620392,31.875,0.22048211097717285,32.25
train_02379,4,2,5,0.32820209860801697,0.023774880915880203,29.875,0.13681498169898987,31.625,0.32820209860801697,32.5,0.2556040585041046,32.25,0.2556040585041046,32.25
train_01457,2,1,5,0.5096805095672607,0.1460259109735489,31.75,0.5096805095672607,33.0,0.24075601994991302,32.25,0.07816203683614731,31.125,0.025375496596097946,30.0
train_08554,1,3,5,0.5844013094902039,0.04797058179974556,30.25,0.06979678571224213,30.625,0.16743378341197968,31.5,0.5844013094902039,32.75,0.13039755821228027,31.25
train_11345,1,1,5,0.936631977558136,0.004914993420243263,29.25,0.936631977558136,34.5,0.05284116417169571,31.625,0.002630806528031826,28.625,0.0029810944106429815,28.75
train_02951,2,2,5,0.8684860467910767,0.006630972493439913,28.875,0.018024852499365807,29.875,0.8684860467910767,33.75,0.1037258729338646,31.625,0.003132249927148223,28.125
train_08496,0,2,5,0.6011708974838257,0.11837755888700485,31.375,0.09219254553318024,31.125,0.6011708974838257,33.0,0.17223834991455078,31.75,0.01602066121995449,29.375
train_11045,1,1,5,0.9552939534187317,0.0014362263027578592,28.0,0.9552939534187317,34.5,0.04197268560528755,31.375,0.0007687565521337092,27.375,0.0005283581558614969,27.0
train_01029,3,3,5,0.9223164319992065,0.0048398724757134914,28.25,0.009042072109878063,28.875,0.0048398724757134914,28.25,0.9223164319992065,33.5,0.058961715549230576,30.75
train_00335,1,2,5,0.42942848801612854,0.2028476595878601,31.75,0.09581845253705978,31.0,0.42942848801612854,32.5,0.2604615390300751,32.0,0.011443881317973137,28.875
train_10488,0,0,5,0.9093312621116638,0.9093312621116638,34.25,0.08458098024129868,31.875,0.0022540069185197353,28.25,0.002894202247262001,28.5,0.0009396098321303725,27.375
train_06291,3,2,5,0.37137848138809204,0.17542678117752075,31.75,0.07312875241041183,30.875,0.37137848138809204,32.5,0.15481358766555786,31.625,0.2252524346113205,32.0
train_00262,0,0,3,0.9697883129119873,0.9697883129119873,33.75,0.02280723676085472,30.0,0.007404424715787172,28.875,,,,
train_02624,0,0,3,0.9767546057701111,0.9767546057701111,33.75,0.015787767246365547,29.625,0.00745761301368475,28.875,,,,
train_03980,2,2,3,0.901568591594696,0.014572499319911003,29.875,0.08385893702507019,31.625,0.901568591594696,34.0,,,,
train_05128,0,0,3,0.978954017162323,0.978954017162323,33.75,0.01793016865849495,29.75,0.0031157962512224913,28.0,,,,
train_05373,2,2,3,0.901568591594696,0.014572499319911003,29.875,0.08385893702507019,31.625,0.901568591594696,34.0,,,,
train_06706,0,0,3,0.979312539100647,0.979312539100647,34.0,0.01793673448264599,30.0,0.0027506875339895487,28.125,,,,
train_07888,2,2,3,0.9031149744987488,0.012882242910563946,29.75,0.0840027779340744,31.625,0.9031149744987488,34.0,,,,
train_08098,1,1,3,0.9828601479530334,0.007504229433834553,29.625,0.9828601479530334,34.5,0.009635622613132,29.875,,,,
train_08544,0,0,3,0.9732432961463928,0.9732432961463928,33.75,0.020199019461870193,29.875,0.0065576620399951935,28.75,,,,
train_08581,0,0,3,0.9732432961463928,0.9732432961463928,33.5,0.020199019461870193,29.625,0.0065576620399951935,28.5,,,,
train_10217,2,2,3,0.901568591594696,0.014572499319911003,29.875,0.08385893702507019,31.625,0.901568591594696,34.0,,,,
train_10262,2,2,3,0.8388631343841553,0.015364314429461956,30.0,0.1457725465297699,32.25,0.8388631343841553,34.0,,,,
train_10530,2,2,3,0.910540759563446,0.014717520214617252,29.875,0.07474173605442047,31.5,0.910540759563446,34.0,,,,
train_12064,1,1,3,0.9806221723556519,0.00848404411226511,29.75,0.9806221723556519,34.5,0.010893729515373707,30.0,,,,
train_01728,4,0,5,0.2952898144721985,0.2952898144721985,31.875,0.26059234142303467,31.75,0.22997193038463593,31.625,0.07466095685958862,30.5,0.13948503136634827,31.125
train_00002,0,0,2,0.9840936064720154,0.9840936064720154,33.5,0.01590639166533947,29.375,,,,,,
train_00714,0,0,2,0.9859364032745361,0.9859364032745361,33.5,0.014063626527786255,29.25,,,,,,
train_01008,1,1,2,0.9840936064720154,0.01590639166533947,30.375,0.9840936064720154,34.5,,,,,,
train_03165,1,1,2,0.9859364032745361,0.014063626527786255,30.5,0.9859364032745361,34.75,,,,,,
train_04197,1,1,2,0.9875683188438416,0.01243165135383606,30.625,0.9875683188438416,35.0,,,,,,
train_06146,0,0,2,0.9796676635742188,0.9796676635742188,33.5,0.020332353189587593,29.625,,,,,,
train_06401,1,1,2,0.9875683188438416,0.01243165135383606,30.625,0.9875683188438416,35.0,,,,,,
train_07844,0,0,2,0.9740425944328308,0.9740425944328308,33.25,0.02595735713839531,29.625,,,,,,
train_08864,0,0,2,0.9840936064720154,0.9840936064720154,33.5,0.01590639166533947,29.375,,,,,,
train_08972,0,0,2,0.9820137619972229,0.9820137619972229,33.5,0.01798621006309986,29.5,,,,,,
train_09550,0,0,2,0.9796676635742188,0.9796676635742188,33.5,0.020332353189587593,29.625,,,,,,
train_09872,1,1,2,0.9875683188438416,0.01243165135383606,30.375,0.9875683188438416,34.75,,,,,,
train_10907,1,1,2,0.9859364032745361,0.014063626527786255,30.5,0.9859364032745361,34.75,,,,,,
train_12366,0,0,2,0.9820137619972229,0.9820137619972229,33.25,0.01798621006309986,29.25,,,,,,
train_12510,1,1,2,0.9890130758285522,0.01098694372922182,30.5,0.9890130758285522,35.0,,,,,,
train_02682,3,0,5,0.6579726934432983,0.6579726934432983,32.75,0.10090337693691254,30.875,0.0890469178557396,30.75,0.12956249713897705,31.125,0.02251458540558815,29.375
train_00158,4,2,5,0.4247266948223114,0.030767099931836128,29.875,0.05748050659894943,30.5,0.4247266948223114,32.5,0.15624824166297913,31.5,0.33077749609947205,32.25
train_12444,4,0,5,0.6982805728912354,0.6982805728912354,33.0,0.08339772373437881,30.875,0.10708479583263397,31.125,0.10708479583263397,31.125,0.004152128007262945,27.875
train_05822,3,2,5,0.6723963022232056,0.06254259496927261,30.875,0.10311532020568848,31.375,0.6723963022232056,33.25,0.1324026733636856,31.625,0.029543032869696617,30.125
train_06751,3,4,5,0.42759302258491516,0.07430452108383179,30.75,0.15730269253253937,31.5,0.1388191282749176,31.375,0.20198065042495728,31.75,0.42759302258491516,32.5
train_00566,1,2,5,0.3754875361919403,0.008830620907247066,29.25,0.29242998361587524,32.75,0.3754875361919403,33.0,0.29242998361587524,32.75,0.030821895226836205,30.5
train_01817,4,4,5,0.9168643951416016,0.016792958602309227,29.5,0.05861317738890648,30.75,0.004811262711882591,28.25,0.0029181786812841892,27.75,0.9168643951416016,33.5
train_12624,0,0,5,0.8897148370742798,0.8897148370742798,33.5,0.050194282084703445,30.625,0.03449798747897148,30.25,0.02092408761382103,29.75,0.00466879503801465,28.25
train_08499,3,3,5,0.7605041265487671,0.006579650100320578,28.5,0.008448438718914986,28.75,0.006579650100320578,28.5,0.7605041265487671,33.25,0.21788810193538666,32.0
train_07096,4,2,5,0.5941436290740967,0.013972919434309006,29.25,0.1502230316400528,31.625,0.5941436290740967,33.0,0.19289018213748932,31.875,0.04877027869224548,30.5
train_06685,0,0,5,0.8946934342384338,0.8946934342384338,33.5,0.021041173487901688,29.75,0.05719583481550217,30.75,0.021041173487901688,29.75,0.006028397008776665,28.5
train_06457,4,2,5,0.8097130656242371,0.008995099924504757,29.0,0.0403132401406765,30.5,0.8097130656242371,33.5,0.12417352944612503,31.625,0.01680505834519863,29.625
train_07986,4,3,5,0.6436544060707092,0.024957189336419106,29.75,0.059869181364774704,30.625,0.18441008031368256,31.75,0.6436544060707092,33.0,0.08710914850234985,31.0
train_04327,2,4,5,0.4499948024749756,0.028767205774784088,30.25,0.041856035590171814,30.625,0.3504563271999359,32.75,0.12892568111419678,31.75,0.4499948024749756,33.0
train_00021,0,1,5,0.6118630170822144,0.018476663157343864,30.0,0.6118630170822144,33.5,0.28902363777160645,32.75,0.0569121278822422,31.125,0.023724503815174103,30.25
train_02625,1,2,5,0.8086240291595459,0.035528458654880524,30.625,0.06637590378522873,31.25,0.8086240291595459,33.75,0.0852283388376236,31.5,0.0042432695627212524,28.5
train_05508,0,4,5,0.5994555950164795,0.03381897509098053,30.375,0.012441303580999374,29.375,0.22052742540836334,32.25,0.1337566375732422,31.75,0.5994555950164795,33.25
train_00032,1,1,5,0.9879314303398132,0.0035630371421575546,29.375,0.9879314303398132,35.0,0.005184188485145569,29.75,0.0005464094574563205,27.5,0.0027748963329941034,29.125
train_05533,3,3,5,0.7894479036331177,0.021038074046373367,29.625,0.011260868981480598,29.0,0.12106576561927795,31.375,0.7894479036331177,33.25,0.05718741565942764,30.625
train_08275,0,3,5,0.8592659831047058,0.017833495512604713,29.625,0.025947583839297295,30.0,0.04847647249698639,30.625,0.8592659831047058,33.5,0.04847647249698639,30.625
train_00277,0,0,5,0.8950433135032654,0.8950433135032654,33.5,0.01857602968811989,29.625,0.02104940079152584,29.75,0.03470459580421448,30.25,0.030626697465777397,30.125
train_02659,4,4,5,0.958500325679779,0.019893039017915726,30.125,0.003917172085493803,28.5,0.008292652666568756,29.25,0.009396807290613651,29.375,0.958500325679779,34.0
train_11069,3,3,5,0.90859055519104,0.031090259552001953,30.375,0.007860848680138588,29.0,0.031090259552001953,30.375,0.90859055519104,33.75,0.021368002519011497,30.0
train_04636,3,0,5,0.6175352931022644,0.6175352931022644,33.25,0.22717855870723724,32.25,0.10731153190135956,31.5,0.044734109193086624,30.625,0.003240527817979455,28.0
train_05129,3,3,5,0.9316251277923584,0.008060136809945107,29.5,0.009133332408964634,29.625,0.01505831815302372,30.125,0.9316251277923584,34.25,0.03612302616238594,31.0
train_02788,1,1,5,0.9398981332778931,0.006332984194159508,29.25,0.9398981332778931,34.25,0.025047436356544495,30.625,0.009214437566697598,29.625,0.019506962969899178,30.375
train_10032,0,0,5,0.974862277507782,0.974862277507782,34.0,0.013905663043260574,29.75,0.002132502617314458,27.875,0.003984039183706045,28.5,0.005115607753396034,28.75
train_07491,1,1,5,0.9619945883750916,0.0018570864340290427,28.25,0.9619945883750916,34.5,0.03291764482855797,31.125,0.0011263798223808408,27.75,0.0021043545566499233,28.375
train_02954,0,0,5,0.9741219282150269,0.9741219282150269,34.0,0.01389510277658701,29.75,0.0021308830473572016,27.875,0.0024146069772541523,28.0,0.007437512278556824,29.125
train_07713,4,2,5,0.9112727046012878,0.003286562627181411,28.625,0.024284595623612404,30.625,0.9112727046012878,34.25,0.05825571343302727,31.5,0.002900381339713931,28.5
train_01653,1,1,5,0.9626486301422119,0.001277223345823586,27.625,0.9626486301422119,34.25,0.025653718039393425,30.625,0.00648627569898963,29.25,0.003934124950319529,28.75
train_05268,4,4,5,0.9499027132987976,0.004398922435939312,28.125,0.009312518872320652,28.875,0.003882035380229354,28.0,0.0325038842856884,30.125,0.9499027132987976,33.5
train_12024,3,3,5,0.9281003475189209,0.013238639570772648,29.75,0.003347252495586872,28.375,0.0029539400711655617,28.25,0.9281003475189209,34.0,0.052359841763973236,31.125
train_08809,1,1,5,0.8823334574699402,0.03019179031252861,30.625,0.8823334574699402,34.0,0.06391602754592896,31.375,0.0028082740027457476,28.25,0.020750494673848152,30.25
train_08817,4,4,5,0.967495858669281,0.017720304429531097,29.75,0.003953934647142887,28.25,0.005752940196543932,28.625,0.005076952278614044,28.5,0.967495858669281,33.75
train_01174,3,3,5,0.8451598882675171,0.00938887894153595,29.0,0.00645287474617362,28.625,0.12960946559906006,31.625,0.8451598882675171,33.5,0.00938887894153595,29.0
train_12244,1,1,5,0.9445608258247375,0.002653077244758606,28.375,0.9445608258247375,34.25,0.019603734835982323,30.375,0.0008613279787823558,27.25,0.03232109546661377,30.875
train_08049,3,3,5,0.939006507396698,0.004927454050630331,29.0,0.006326976232230663,29.25,0.002988652093335986,28.5,0.939006507396698,34.25,0.046750377863645554,31.25
train_07380,0,2,5,0.8517352938652039,0.007368954364210367,29.25,0.08977223932743073,31.75,0.8517352938652039,34.0,0.048051618039608,31.125,0.0030718371272087097,28.375
train_05846,1,2,5,0.8413655161857605,0.003896295791491866,28.875,0.0326232835650444,31.0,0.8413655161857605,34.25,0.11386644095182419,32.25,0.008248457685112953,29.625
train_08188,1,0,5,0.8793849945068359,0.8793849945068359,33.5,0.0926864892244339,31.25,0.023434815928339958,29.875,0.0031715575605630875,27.875,0.0013221018016338348,27.0
train_09600,0,0,5,0.8747745752334595,0.8747745752334595,33.75,0.1044769287109375,31.625,0.0075682830065488815,29.0,0.0021683494560420513,27.75,0.011011786758899689,29.375
train_00867,2,2,5,0.9384996294975281,0.010425789281725883,29.0,0.01718921959400177,29.5,0.9384996294975281,33.5,0.022071396932005882,29.75,0.011813966557383537,29.125
train_07065,2,2,5,0.9598853588104248,0.012083173729479313,29.375,0.010663364082574844,29.25,0.9598853588104248,33.75,0.01551510114222765,29.625,0.0018530146917328238,27.5
train_00124,3,3,5,0.8577485680580139,0.02285822480916977,30.125,0.009528727270662785,29.25,0.00742097944021225,29.0,0.8577485680580139,33.75,0.10244346410036087,31.625
train_01568,3,3,5,0.8603531718254089,0.004514719359576702,28.25,0.012272278778254986,29.25,0.08002530783414841,31.125,0.8603531718254089,33.5,0.042834460735321045,30.5
train_05208,2,2,5,0.9129225611686707,0.00155527307651937,27.625,0.007898327894508839,29.25,0.9129225611686707,34.0,0.06613188982009888,31.375,0.01149199903011322,29.625
train_06907,2,2,5,0.9379564523696899,0.010419756174087524,29.75,0.02499569207429886,30.625,0.9379564523696899,34.25,0.007161385379731655,29.375,0.019466664642095566,30.375
train_12704,1,1,5,0.8769025802612305,0.007586693856865168,29.5,0.8769025802612305,34.25,0.09242484718561172,32.0,0.0024630390107631683,28.375,0.020622773095965385,30.5
train_05680,0,0,5,0.9353916049003601,0.9353916049003601,34.25,0.04109824076294899,31.125,0.004331722855567932,28.875,0.017132295295596123,30.25,0.002046160865575075,28.125
train_12239,0,0,5,0.7581480741500854,0.7581480741500854,33.25,0.033310700207948685,30.125,0.025942400097846985,29.875,0.14928819239139557,31.625,0.033310700207948685,30.125
train_06603,2,2,5,0.8678097128868103,0.026205582544207573,30.25,0.055477216839790344,31.0,0.8678097128868103,33.75,0.03812889754772186,30.625,0.012378640472888947,29.5
train_10064,2,2,5,0.9380074143409729,0.011807771399617195,29.375,0.011807771399617195,29.375,0.9380074143409729,33.75,0.024997051805257797,30.125,0.013379956595599651,29.5
train_07637,4,4,5,0.9321408867835999,0.010355150327086449,29.0,0.036143023520708084,30.25,0.00806459877640009,28.75,0.013296275399625301,29.25,0.9321408867835999,33.5
train_11013,3,3,5,0.8591918349266052,0.010815629735589027,29.375,0.01783195696771145,29.875,0.00954475998878479,29.25,0.8591918349266052,33.75,0.1026158332824707,31.625
train_12579,1,1,5,0.9052756428718567,0.007832168601453304,29.75,0.9052756428718567,34.5,0.07430955022573471,32.0,0.007832168601453304,29.75,0.004750450607389212,29.25
train_02426,1,1,5,0.981336772441864,0.0008948633330874145,27.75,0.981336772441864,34.75,0.013998016715049744,30.5,0.0010140129597857594,27.875,0.002756373258307576,28.875
train_01740,0,0,5,0.9734050631523132,0.9734050631523132,34.25,0.01782853528857231,30.25,0.0021293149329721928,28.125,0.0021293149329721928,28.125,0.004507760051637888,28.875
train_02465,0,0,4,0.7815394997596741,0.7815394997596741,33.25,0.09334158152341843,31.125,0.11985296756029129,31.375,0.0052659716457128525,28.25,,
train_02143,1,1,3,0.9819797277450562,0.014007188379764557,30.25,0.9819797277450562,34.5,0.004013126716017723,29.0,,,,
train_04078,0,0,3,0.9753991365432739,0.9753991365432739,34.25,0.02293918840587139,30.5,0.0016617093933746219,27.875,,,,
train_04261,2,2,3,0.6671044230461121,0.017777729779481888,29.875,0.31511783599853516,32.75,0.6671044230461121,33.5,,,,
train_05577,2,2,3,0.6094778180122375,0.020855184644460678,30.125,0.3696669936180115,33.0,0.6094778180122375,33.5,,,,
train_05758,2,2,3,0.638822078704834,0.05941971018910408,30.875,0.30175819993019104,32.5,0.638822078704834,33.25,,,,
train_05949,2,2,3,0.6942905187606812,0.05029423534870148,30.625,0.2554152309894562,32.25,0.6942905187606812,33.25,,,,
train_07121,2,2,3,0.6671044230461121,0.017777729779481888,30.125,0.31511783599853516,33.0,0.6671044230461121,33.75,,,,
train_07493,1,1,3,0.9130833148956299,0.051512639969587326,31.125,0.9130833148956299,34.0,0.035404082387685776,30.75,,,,
train_11022,2,2,3,0.638822078704834,0.05941971018910408,30.875,0.30175819993019104,32.5,0.638822078704834,33.25,,,,
train_11031,2,2,3,0.6109750270843506,0.018449848517775536,30.0,0.37057510018348694,33.0,0.6109750270843506,33.5,,,,
train_12541,0,0,3,0.9746622443199158,0.9746622443199158,34.0,0.022921860218048096,30.25,0.0024159462191164494,28.0,,,,
train_02050,0,0,2,0.970687747001648,0.970687747001648,33.5,0.02931223064661026,30.0,,,,,,
train_02217,1,1,2,0.9840936064720154,0.01590639166533947,30.875,0.9840936064720154,35.0,,,,,,
train_04350,1,1,2,0.9859364032745361,0.014063626527786255,30.5,0.9859364032745361,34.75,,,,,,
train_05210,1,1,2,0.9820137619972229,0.01798621006309986,30.75,0.9820137619972229,34.75,,,,,,
train_07825,1,1,2,0.9875683188438416,0.01243165135383606,30.625,0.9875683188438416,35.0,,,,,,
train_10191,1,1,2,0.9875683188438416,0.01243165135383606,30.625,0.9875683188438416,35.0,,,,,,
train_00550,2,2,4,0.9897957444190979,0.0011589316418394446,28.0,0.007557183504104614,29.875,0.9897957444190979,34.75,0.0014880977105349302,28.25,,
train_04465,1,1,2,0.970687747001648,0.02931223064661026,31.25,0.970687747001648,34.75,,,,,,
train_02455,0,0,2,0.9626730680465698,0.9626730680465698,34.5,0.037326883524656296,31.25,,,,,,
train_10763,0,0,2,0.9669140577316284,0.9669140577316284,34.5,0.03308597952127457,31.125,,,,,,
train_10149,1,1,2,0.9924227595329285,0.007577240467071533,29.875,0.9924227595329285,34.75,,,,,,
train_11753,1,1,2,0.9933071732521057,0.006692850962281227,29.75,0.9933071732521057,34.75,,,,,,
train_08452,0,0,2,0.9902915358543396,0.9902915358543396,34.25,0.009708477184176445,29.625,,,,,,
train_03902,0,0,2,0.970687747001648,0.970687747001648,34.5,0.02931223064661026,31.0,,,,,,
train_00325,1,1,2,0.9626730680465698,0.037326883524656296,31.25,0.9626730680465698,34.5,,,,,,
train_08425,1,1,2,0.9914224743843079,0.008577484637498856,30.0,0.9914224743843079,34.75,,,,,,
train_08742,1,1,2,0.9902915358543396,0.009708477184176445,29.875,0.9902915358543396,34.5,,,,,,
train_10885,1,1,2,0.9924227595329285,0.007577240467071533,29.875,0.9924227595329285,34.75,,,,,,
train_07591,0,0,2,0.9890130758285522,0.9890130758285522,34.25,0.01098694372922182,29.75,,,,,,
train_01772,0,0,2,0.9914224743843079,0.9914224743843079,34.5,0.008577484637498856,29.75,,,,,,
train_10945,3,3,4,0.9867908954620361,0.005867673084139824,29.125,0.00277169281616807,28.375,0.004569748882204294,28.875,0.9867908954620361,34.25,,
train_03890,1,1,2,0.9890130758285522,0.01098694372922182,30.0,0.9890130758285522,34.5,,,,,,
train_07597,1,1,2,0.9890130758285522,0.01098694372922182,30.25,0.9890130758285522,34.75,,,,,,
train_00901,1,1,3,0.7285919189453125,0.0033740501385182142,28.625,0.7285919189453125,34.0,0.2680340111255646,33.0,,,,
train_01033,0,0,3,0.49486470222473145,0.49486470222473145,33.25,0.49486470222473145,33.25,0.010270589031279087,29.375,,,,
train_01750,0,0,3,0.4925629496574402,0.4925629496574402,33.25,0.4925629496574402,33.25,0.014874111860990524,29.75,,,,
train_02249,1,1,3,0.9216352701187134,0.06676303595304489,31.875,0.9216352701187134,34.5,0.011601676233112812,30.125,,,,
train_02458,2,2,3,0.8148518204689026,0.0033301133662462234,28.25,0.18181802332401276,32.25,0.8148518204689026,33.75,,,,
train_02608,0,0,3,0.4934253394603729,0.4934253394603729,33.25,0.4934253394603729,33.25,0.013149339705705643,29.625,,,,
train_02787,1,1,3,0.9289225339889526,0.05938402935862541,31.5,0.9289225339889526,34.25,0.011693408712744713,29.875,,,,
train_02860,2,2,3,0.7748385071754456,0.0031665880233049393,28.0,0.22199496626853943,32.25,0.7748385071754456,33.5,,,,
train_03812,2,2,3,0.7962678074836731,0.0653616413474083,31.25,0.1383705884218216,32.0,0.7962678074836731,33.75,,,,
train_04077,0,0,3,0.8490124344825745,0.8490124344825745,33.0,0.061502259224653244,30.375,0.08948525041341782,30.75,,,,
train_05154,0,0,3,0.5548408627510071,0.5548408627510071,33.5,0.4321104884147644,33.25,0.013048606924712658,29.75,,,,
train_05782,1,1,3,0.9437606334686279,0.04698707535862923,31.75,0.9437606334686279,34.75,0.009252304211258888,30.125,,,,
train_06336,1,1,3,0.7745118737220764,0.0035867018159478903,28.875,0.7745118737220764,34.25,0.22190137207508087,33.0,,,,
train_06341,0,0,3,0.8580345511436462,0.8580345511436462,33.25,0.062155816704034805,30.625,0.07980964332818985,30.875,,,,
train_06863,1,1,3,0.7282647490501404,0.003821582766249776,28.75,0.7282647490501404,34.0,0.26791366934776306,33.0,,,,
train_07549,0,0,3,0.4934253394603729,0.4934253394603729,33.25,0.4934253394603729,33.25,0.013149339705705643,29.625,,,,
train_09198,1,1,3,0.7285919189453125,0.0033740501385182142,28.625,0.7285919189453125,34.0,0.2680340111255646,33.0,,,,
train_10726,1,1,3,0.9302006363868713,0.05946573615074158,31.5,0.9302006363868713,34.25,0.010333596728742123,29.75,,,,
train_11052,0,0,3,0.8580345511436462,0.8580345511436462,33.25,0.062155816704034805,30.625,0.07980964332818985,30.875,,,,
train_11282,2,2,3,0.7893978357315063,0.07342543452978134,31.375,0.1371767669916153,32.0,0.7893978357315063,33.75,,,,
train_11577,1,1,3,0.7288808822631836,0.0029787698294967413,28.5,0.7288808822631836,34.0,0.2681403160095215,33.0,,,,
train_11740,2,2,3,0.8214089870452881,0.06742535531520844,31.25,0.1111656129360199,31.75,0.8214089870452881,33.75,,,,
train_06806,0,0,2,0.9902915358543396,0.9902915358543396,34.5,0.009708477184176445,29.875,,,,,,
train_10185,1,1,2,0.9933071732521057,0.006692850962281227,29.75,0.9933071732521057,34.75,,,,,,
train_00323,0,0,2,0.9669140577316284,0.9669140577316284,34.5,0.03308597952127457,31.125,,,,,,
train_04050,1,1,2,0.9924227595329285,0.007577240467071533,29.875,0.9924227595329285,34.75,,,,,,
train_00824,0,0,2,0.9924227595329285,0.9924227595329285,34.5,0.007577240467071533,29.625,,,,,,
train_01253,1,1,2,0.970687747001648,0.02931223064661026,31.25,0.970687747001648,34.75,,,,,,
train_03686,1,1,2,0.9740425944328308,0.02595735713839531,31.125,0.9740425944328308,34.75,,,,,,
train_02231,1,1,2,0.977022647857666,0.022977370768785477,31.0,0.977022647857666,34.75,,,,,,
train_00600,1,1,2,0.9740425944328308,0.02595735713839531,31.125,0.9740425944328308,34.75,,,,,,
train_02703,0,0,2,0.9902915358543396,0.9902915358543396,34.5,0.009708477184176445,29.875,,,,,,
train_08840,1,1,2,0.9740425944328308,0.02595735713839531,31.125,0.9740425944328308,34.75,,,,,,
train_00747,0,0,2,0.9669140577316284,0.9669140577316284,34.5,0.03308597952127457,31.125,,,,,,
train_10742,0,0,2,0.970687747001648,0.970687747001648,34.5,0.02931223064661026,31.0,,,,,,
train_01435,1,1,2,0.9914224743843079,0.008577484637498856,29.75,0.9914224743843079,34.5,,,,,,
train_01091,0,0,2,0.9890130758285522,0.9890130758285522,34.5,0.01098694372922182,30.0,,,,,,
train_08482,0,0,3,0.9884004592895508,0.9884004592895508,34.0,0.010980137623846531,29.5,0.0006194569286890328,26.625,,,,
train_03680,2,2,3,0.991270899772644,0.001160658779554069,27.0,0.007568445987999439,28.875,0.991270899772644,33.75,,,,
train_00823,1,1,3,0.9989097118377686,0.0009108877275139093,27.75,0.9989097118377686,34.75,0.000179364433279261,26.125,,,,
train_01496,2,2,3,0.9788958430290222,0.0007877498283050954,27.125,0.020316334441304207,30.375,0.9788958430290222,34.25,,,,
train_09687,1,1,3,0.9981644749641418,0.0015006795292720199,28.0,0.9981644749641418,34.5,0.0003348468744661659,26.5,,,,
train_11460,3,3,4,0.9839178323745728,0.004021047614514828,28.75,0.00354856182821095,28.625,0.008512557484209538,29.5,0.9839178323745728,34.25,,
train_01841,1,1,2,0.9924227595329285,0.007577240467071533,30.125,0.9924227595329285,35.0,,,,,,
train_00001,1,1,2,0.9465966820716858,0.0534033328294754,31.625,0.9465966820716858,34.5,,,,,,
train_06023,0,0,2,0.9046505093574524,0.9046505093574524,33.25,0.09534946084022522,31.0,,,,,,
train_07704,0,0,2,0.9046505093574524,0.9046505093574524,33.5,0.09534946084022522,31.25,,,,,,
train_07767,1,1,2,0.9525741338729858,0.04742587357759476,31.5,0.9525741338729858,34.5,,,,,,
train_07918,0,0,2,0.9046505093574524,0.9046505093574524,33.5,0.09534946084022522,31.25,,,,,,
train_07996,1,1,2,0.957912266254425,0.042087726294994354,31.375,0.957912266254425,34.5,,,,,,
train_01829,2,2,3,0.941917896270752,0.004942731466144323,29.0,0.053139377385377884,31.375,0.941917896270752,34.25,,,,
train_02141,2,2,3,0.9424652457237244,0.004364480264484882,28.875,0.053170252591371536,31.375,0.9424652457237244,34.25,,,,
train_02991,0,0,3,0.9850317239761353,0.9850317239761353,34.25,0.010942715220153332,29.75,0.004025599453598261,28.75,,,,
train_03837,1,1,3,0.9914060831069946,0.006680041551589966,29.75,0.9914060831069946,34.75,0.0019138639327138662,28.5,,,,
train_06895,0,0,3,0.9561440944671631,0.9561440944671631,33.75,0.04201004281640053,30.625,0.0018457924015820026,27.5,,,,
train_07076,1,1,3,0.9899470210075378,0.008564719930291176,29.75,0.9899470210075378,34.5,0.0014883250696584582,28.0,,,,
train_07350,1,1,3,0.985909640789032,0.0031379342544823885,28.5,0.985909640789032,34.25,0.01095246709883213,29.75,,,,
train_07623,2,2,3,0.941917896270752,0.004942731466144323,29.25,0.053139377385377884,31.625,0.941917896270752,34.5,,,,
train_08066,0,0,3,0.9844739437103271,0.9844739437103271,34.0,0.012392697855830193,29.625,0.0031333649531006813,28.25,,,,
train_08636,1,1,3,0.9905250668525696,0.007562751416116953,29.375,0.9905250668525696,34.25,0.0019121632212772965,28.0,,,,
train_12594,2,2,3,0.9230100512504578,0.0012246316764503717,28.125,0.07576528191566467,32.25,0.9230100512504578,34.75,,,,
train_06764,2,2,4,0.812653124332428,0.10998064279556274,31.75,0.07558851689100266,31.375,0.812653124332428,33.75,0.0017776715103536844,27.625,,
train_02818,3,3,4,0.95583176612854,0.009370645508170128,29.625,0.0020908734295517206,28.125,0.032706763595342636,30.875,0.95583176612854,34.25,,
train_00144,2,2,3,0.7187020182609558,0.016902251169085503,30.25,0.26439571380615234,33.0,0.7187020182609558,34.0,,,,
train_02154,0,0,3,0.9168115258216858,0.9168115258216858,33.75,0.07525647431612015,31.25,0.007931973785161972,29.0,,,,
train_02245,0,0,3,0.9077159762382507,0.9077159762382507,33.5,0.08443073183298111,31.125,0.007853281684219837,28.75,,,,
train_02593,0,0,3,0.9067678451538086,0.9067678451538086,33.5,0.08434254676103592,31.125,0.008889639750123024,28.875,,,,
train_03024,1,1,3,0.9684480428695679,0.013814168982207775,30.25,0.9684480428695679,34.5,0.017737746238708496,30.5,,,,
train_04820,0,0,3,0.9176667928695679,0.9176667928695679,33.75,0.07532668113708496,31.25,0.00700647197663784,28.875,,,,
train_05464,0,0,3,0.9176667928695679,0.9176667928695679,33.75,0.07532668113708496,31.25,0.00700647197663784,28.875,,,,
train_06674,2,2,3,0.7187020182609558,0.016902251169085503,30.25,0.26439571380615234,33.0,0.7187020182609558,34.0,,,,
train_07299,1,1,3,0.9684480428695679,0.013814168982207775,30.25,0.9684480428695679,34.5,0.017737746238708496,30.5,,,,
train_07366,0,0,3,0.8140819072723389,0.8140819072723389,33.5,0.18164624273777008,32.0,0.004271910060197115,28.25,,,,
train_07973,0,0,3,0.863974392414093,0.863974392414093,33.75,0.1324947625398636,31.875,0.003530865767970681,28.25,,,,
train_08064,2,2,3,0.8352184295654297,0.019642455503344536,30.25,0.1451391875743866,32.25,0.8352184295654297,34.0,,,,
train_08584,2,2,3,0.7649592757225037,0.015876224264502525,30.125,0.21916452050209045,32.75,0.7649592757225037,34.0,,,,
train_09608,0,0,3,0.9168115258216858,0.9168115258216858,33.75,0.07525647431612015,31.25,0.007931973785161972,29.0,,,,
train_10627,0,0,3,0.9266313910484314,0.9266313910484314,33.75,0.06712495535612106,31.125,0.006243593525141478,28.75,,,,
train_11061,1,1,3,0.9598463773727417,0.017580199986696243,30.5,0.9598463773727417,34.5,0.022573422640562057,30.75,,,,
train_12439,1,1,3,0.9566383957862854,0.010627293027937412,28.25,0.9566383957862854,32.75,0.03273436427116394,29.375,,,,
train_03393,0,0,2,0.9796676635742188,0.9796676635742188,33.5,0.020332353189587593,29.625,,,,,,
train_04675,0,0,2,0.9840936064720154,0.9840936064720154,33.5,0.01590639166533947,29.375,,,,,,
train_05720,0,0,2,0.977022647857666,0.977022647857666,33.5,0.022977370768785477,29.75,,,,,,
train_05952,1,1,2,0.9933071732521057,0.006692850962281227,29.5,0.9933071732521057,34.5,,,,,,
train_07158,1,1,2,0.9933071732521057,0.006692850962281227,29.75,0.9933071732521057,34.75,,,,,,
train_08165,1,1,2,0.9940890073776245,0.005911068990826607,29.875,0.9940890073776245,35.0,,,,,,
train_08730,0,0,2,0.9796676635742188,0.9796676635742188,33.5,0.020332353189587593,29.625,,,,,,
train_11758,1,1,2,0.9924227595329285,0.007577240467071533,29.875,0.9924227595329285,34.75,,,,,,
train_11871,1,1,2,0.9924227595329285,0.007577240467071533,29.625,0.9924227595329285,34.5,,,,,,
train_12370,1,1,2,0.9933071732521057,0.006692850962281227,29.75,0.9933071732521057,34.75,,,,,,
train_00519,1,1,2,0.9914224743843079,0.008577484637498856,30.25,0.9914224743843079,35.0,,,,,,
train_00932,1,1,2,0.9924227595329285,0.007577240467071533,30.375,0.9924227595329285,35.25,,,,,,
train_00952,0,0,2,0.9796676635742188,0.9796676635742188,34.0,0.020332353189587593,30.125,,,,,,
train_01814,1,1,2,0.9940890073776245,0.005911068990826607,29.875,0.9940890073776245,35.0,,,,,,
train_03681,0,0,2,0.9820137619972229,0.9820137619972229,34.0,0.01798621006309986,30.0,,,,,,
train_03953,1,1,2,0.9914224743843079,0.008577484637498856,30.5,0.9914224743843079,35.25,,,,,,
train_04229,0,0,2,0.9820137619972229,0.9820137619972229,34.25,0.01798621006309986,30.25,,,,,,
train_06233,0,0,2,0.9796676635742188,0.9796676635742188,34.0,0.020332353189587593,30.125,,,,,,
train_07178,1,1,2,0.9924227595329285,0.007577240467071533,30.125,0.9924227595329285,35.0,,,,,,
train_08857,0,0,2,0.9820137619972229,0.9820137619972229,34.25,0.01798621006309986,30.25,,,,,,
train_10561,0,0,2,0.9796676635742188,0.9796676635742188,34.0,0.020332353189587593,30.125,,,,,,
train_12221,1,1,2,0.9924227595329285,0.007577240467071533,30.375,0.9924227595329285,35.25,,,,,,
train_10310,2,2,4,0.48390570282936096,0.15710118412971497,30.625,0.0654895156621933,29.75,0.48390570282936096,31.75,0.29350364208221436,31.25,,
train_02183,1,1,3,0.99817955493927,0.0009102219482883811,27.5,0.99817955493927,34.5,0.0009102219482883811,27.5,,,,
train_01136,1,1,2,0.9875683188438416,0.01243165135383606,30.375,0.9875683188438416,34.75,,,,,,
train_02296,1,1,2,0.9840936064720154,0.01590639166533947,30.375,0.9840936064720154,34.5,,,,,,
train_04008,1,1,2,0.9840936064720154,0.01590639166533947,30.375,0.9840936064720154,34.5,,,,,,
train_04781,1,1,2,0.9859364032745361,0.014063626527786255,30.25,0.9859364032745361,34.5,,,,,,
train_04853,0,0,2,0.9933071732521057,0.9933071732521057,34.25,0.006692850962281227,29.25,,,,,,
train_06782,1,1,2,0.9890130758285522,0.01098694372922182,30.25,0.9890130758285522,34.75,,,,,,
train_06804,1,1,2,0.9875683188438416,0.01243165135383606,30.125,0.9875683188438416,34.5,,,,,,
train_07630,1,1,2,0.9890130758285522,0.01098694372922182,29.75,0.9890130758285522,34.25,,,,,,
train_08576,1,1,2,0.9875683188438416,0.01243165135383606,30.125,0.9875683188438416,34.5,,,,,,
train_08658,0,0,2,0.9902915358543396,0.9902915358543396,34.0,0.009708477184176445,29.375,,,,,,
train_09952,0,0,2,0.9890130758285522,0.9890130758285522,33.75,0.01098694372922182,29.25,,,,,,
train_12206,0,0,2,0.9890130758285522,0.9890130758285522,33.75,0.01098694372922182,29.25,,,,,,
train_12405,0,0,2,0.9902915358543396,0.9902915358543396,34.25,0.009708477184176445,29.625,,,,,,
train_12517,1,1,2,0.9840936064720154,0.01590639166533947,30.375,0.9840936064720154,34.5,,,,,,
train_12610,0,0,3,0.996493399143219,0.996493399143219,33.0,0.002798945177346468,27.125,0.0007076840847730637,25.75,,,,
train_02948,1,1,3,0.958945095539093,0.015499903820455074,29.875,0.958945095539093,34.0,0.025555020198225975,30.375,,,,
train_05202,1,1,3,0.9606947898864746,0.013703574426472187,30.0,0.9606947898864746,34.25,0.025601647794246674,30.625,,,,
train_05226,2,2,3,0.6058889031410217,0.026620900258421898,30.125,0.3674902021884918,32.75,0.6058889031410217,33.25,,,,
train_06409,1,1,3,0.9606947898864746,0.013703574426472187,30.0,0.9606947898864746,34.25,0.025601647794246674,30.625,,,,
train_07198,1,1,3,0.9259825944900513,0.052240367978811264,30.875,0.9259825944900513,33.75,0.021777024492621422,30.0,,,,
train_07772,0,0,3,0.925847589969635,0.925847589969635,34.0,0.05918745696544647,31.25,0.014964932575821877,29.875,,,,
train_08589,2,2,3,0.7405034303665161,0.04733879864215851,30.25,0.21215778589248657,31.75,0.7405034303665161,33.0,,,,
train_09027,1,1,3,0.9691205620765686,0.01076595764607191,29.75,0.9691205620765686,34.25,0.02011345513164997,30.375,,,,
train_10588,0,0,3,0.9363167881965637,0.9363167881965637,34.0,0.059856727719306946,31.25,0.003826512722298503,28.5,,,,
train_11385,2,2,3,0.6594985723495483,0.02897634543478489,29.875,0.3115250766277313,32.25,0.6594985723495483,33.0,,,,
train_11914,1,1,3,0.9618332982063293,0.01554658729583025,30.125,0.9618332982063293,34.25,0.022620152682065964,30.5,,,,
train_02219,0,0,2,0.9399133324623108,0.9399133324623108,33.25,0.06008664518594742,30.5,,,,,,
train_02422,1,1,2,0.9796676635742188,0.020332353189587593,30.375,0.9796676635742188,34.25,,,,,,
train_03623,1,1,2,0.9820137619972229,0.01798621006309986,30.5,0.9820137619972229,34.5,,,,,,
train_03835,0,0,2,0.9626730680465698,0.9626730680465698,33.5,0.037326883524656296,30.25,,,,,,
train_04755,0,0,2,0.9669140577316284,0.9669140577316284,33.75,0.03308597952127457,30.375,,,,,,
train_07395,1,1,2,0.977022647857666,0.022977370768785477,30.5,0.977022647857666,34.25,,,,,,
train_08129,0,0,2,0.957912266254425,0.957912266254425,33.5,0.042087726294994354,30.375,,,,,,
train_09152,0,0,2,0.9525741338729858,0.9525741338729858,33.5,0.04742587357759476,30.5,,,,,,
train_09783,0,0,2,0.9669140577316284,0.9669140577316284,33.25,0.03308597952127457,29.875,,,,,,
train_10100,1,1,2,0.9796676635742188,0.020332353189587593,29.875,0.9796676635742188,33.75,,,,,,
train_10615,1,1,2,0.9796676635742188,0.020332353189587593,30.375,0.9796676635742188,34.25,,,,,,
train_10699,1,1,2,0.9740425944328308,0.02595735713839531,30.625,0.9740425944328308,34.25,,,,,,
train_10861,0,0,2,0.957912266254425,0.957912266254425,33.5,0.042087726294994354,30.375,,,,,,
train_11364,1,1,2,0.977022647857666,0.022977370768785477,30.75,0.977022647857666,34.5,,,,,,
train_12023,0,0,2,0.9525741338729858,0.9525741338729858,33.5,0.04742587357759476,30.5,,,,,,
train_12143,1,1,2,0.9820137619972229,0.01798621006309986,30.25,0.9820137619972229,34.25,,,,,,
train_01898,2,2,4,0.49501293897628784,0.1104523167014122,30.25,0.23382756114006042,31.0,0.49501293897628784,31.75,0.16070717573165894,30.625,,
train_06576,1,1,4,0.9662038683891296,0.022722937166690826,30.75,0.9662038683891296,34.5,0.008359300903975964,29.75,0.0027138679288327694,28.625,,
train_10704,1,1,3,0.9858306050300598,0.006642474327236414,29.0,0.9858306050300598,34.0,0.007526909001171589,29.125,,,,
train_05324,2,3,4,0.3755444586277008,0.03493107482790947,29.5,0.3314168155193329,31.75,0.2581076920032501,31.5,0.3755444586277008,31.875,,
train_11970,1,1,3,0.9873494505882263,0.001682068221271038,28.625,0.9873494505882263,35.0,0.010968462564051151,30.5,,,,
train_11050,0,0,4,0.4566948711872101,0.4566948711872101,30.875,0.16800867021083832,29.875,0.13084527850151062,29.625,0.24445116519927979,30.25,,
train_01575,1,1,4,0.9363033771514893,0.028273912146687508,31.0,0.9363033771514893,34.5,0.028273912146687508,31.0,0.007148764096200466,29.625,,
train_12092,3,3,4,0.9545567035675049,0.012016095221042633,30.125,0.019811192527413368,30.625,0.013616019859910011,30.25,0.9545567035675049,34.5,,
train_12056,2,2,4,0.9819497466087341,0.0013028316898271441,27.875,0.005838886369019747,29.375,0.9819497466087341,34.5,0.010908477008342743,30.0,,
train_07500,3,3,4,0.8065966963768005,0.09633424133062363,31.375,0.05156400054693222,30.75,0.04550507292151451,30.625,0.8065966963768005,33.5,,
train_02001,1,1,4,0.990256667137146,0.0031517702154815197,29.0,0.990256667137146,34.75,0.005888281390070915,29.625,0.0007032549474388361,27.5,,
train_06251,1,1,4,0.9901329278945923,0.0075597576797008514,29.625,0.9901329278945923,34.5,0.0016868101665750146,28.125,0.0006205426761880517,27.125,,
train_11139,1,1,4,0.9421960711479187,0.02215832844376564,30.0,0.9421960711479187,33.75,0.02845185622572899,30.25,0.007193755358457565,28.875,,
train_11769,0,0,4,0.9485278725624084,0.9485278725624084,33.25,0.028643060475587845,29.75,0.009299040772020817,28.625,0.013530023396015167,29.0,,
train_00557,1,1,2,0.9933071732521057,0.006692850962281227,29.5,0.9933071732521057,34.5,,,,,,
train_03159,0,0,2,0.9890130758285522,0.9890130758285522,33.75,0.01098694372922182,29.25,,,,,,
train_06822,0,0,2,0.9875683188438416,0.9875683188438416,33.5,0.01243165135383606,29.125,,,,,,
train_06894,1,1,2,0.9933071732521057,0.006692850962281227,29.5,0.9933071732521057,34.5,,,,,,
train_08254,0,0,2,0.9875683188438416,0.9875683188438416,34.0,0.01243165135383606,29.625,,,,,,
train_02069,0,0,4,0.48364803194999695,0.48364803194999695,31.75,0.024079415947198868,28.75,0.0654546394944191,29.75,0.4268178641796112,31.625,,
train_00315,3,3,4,0.749431848526001,0.029058625921607018,30.0,0.05428866297006607,30.625,0.1672208458185196,31.75,0.749431848526001,33.25,,
train_11174,3,3,4,0.6812389492988586,0.005201322957873344,28.875,0.118381567299366,32.0,0.19517822563648224,32.5,0.6812389492988586,33.75,,
train_04887,0,0,4,0.910021960735321,0.910021960735321,33.25,0.035285379737615585,30.0,0.014709134586155415,29.125,0.03998357430100441,30.125,,
train_06691,3,3,4,0.9295803904533386,0.00911328662186861,29.875,0.015025267377495766,30.375,0.046281080693006516,31.5,0.9295803904533386,34.5,,
train_00598,1,1,2,0.9669140577316284,0.03308597952127457,30.875,0.9669140577316284,34.25,,,,,,
train_02850,0,0,2,0.9669140577316284,0.9669140577316284,33.5,0.03308597952127457,30.125,,,,,,
train_03443,1,1,2,0.9740425944328308,0.02595735713839531,31.125,0.9740425944328308,34.75,,,,,,
train_04019,0,0,2,0.9626730680465698,0.9626730680465698,33.5,0.037326883524656296,30.25,,,,,,
train_06344,0,0,2,0.957912266254425,0.957912266254425,33.5,0.042087726294994354,30.375,,,,,,
train_08478,1,1,2,0.9740425944328308,0.02595735713839531,31.125,0.9740425944328308,34.75,,,,,,
train_08620,1,1,2,0.9740425944328308,0.02595735713839531,31.125,0.9740425944328308,34.75,,,,,,
train_10009,0,0,2,0.9525741338729858,0.9525741338729858,33.25,0.04742587357759476,30.25,,,,,,
train_10608,0,0,2,0.9626730680465698,0.9626730680465698,33.5,0.037326883524656296,30.25,,,,,,
train_12298,0,0,2,0.9669140577316284,0.9669140577316284,33.5,0.03308597952127457,30.125,,,,,,
train_03196,1,1,4,0.9935811758041382,0.005213835276663303,29.75,0.9935811758041382,35.0,0.0010266650933772326,28.125,0.00017840763030108064,26.375,,
train_05020,2,2,4,0.9916092753410339,0.002169136656448245,28.875,0.004052480682730675,29.5,0.9916092753410339,35.0,0.002169136656448245,28.875,,
train_10299,0,0,4,0.7818343043327332,0.7818343043327332,32.75,0.07272191345691681,30.375,0.07272191345691681,30.375,0.07272191345691681,30.375,,
train_11832,2,2,4,0.836891233921051,0.002350655384361744,27.875,0.015328198671340942,29.75,0.836891233921051,33.75,0.14542987942695618,32.0,,
train_03703,2,2,4,0.5879606604576111,0.31471267342567444,31.875,0.07957182079553604,30.5,0.5879606604576111,32.5,0.017754873260855675,29.0,,
train_04829,3,3,4,0.9496895670890808,0.0026674827095121145,28.625,0.02233455888926983,30.75,0.02530836872756481,30.875,0.9496895670890808,34.5,,
train_11028,1,1,4,0.9954690933227539,0.003168360097333789,29.5,0.9954690933227539,35.25,0.0010286158649250865,28.375,0.0003339426766615361,27.25,,
train_00203,1,1,3,0.983974277973175,0.008513045497238636,29.75,0.983974277973175,34.5,0.007512735668569803,29.625,,,,
train_00397,2,2,3,0.9584004878997803,0.004438275005668402,29.375,0.037161219865083694,31.5,0.9584004878997803,34.75,,,,
train_00858,1,1,3,0.9908674955368042,0.0024561150930821896,28.75,0.9908674955368042,34.75,0.006676412653177977,29.75,,,,
train_04251,1,1,3,0.9829909801483154,0.008504537865519524,29.75,0.9829909801483154,34.5,0.008504537865519524,29.75,,,,
train_06844,1,1,3,0.9878901839256287,0.00356288836337626,28.125,0.9878901839256287,33.75,0.008546924218535423,29.0,,,,
train_07213,2,2,3,0.9273117780685425,0.005513997282832861,28.625,0.06717424094676971,31.125,0.9273117780685425,33.75,,,,
train_07511,2,2,3,0.9429488778114319,0.00385361653752625,28.75,0.05319753661751747,31.375,0.9429488778114319,34.25,,,,
train_07927,0,0,3,0.9710322618484497,0.9710322618484497,34.25,0.025877133011817932,30.625,0.0030905830208212137,28.5,,,,
train_08201,0,0,3,0.9739938974380493,0.9739938974380493,34.25,0.022906141355633736,30.5,0.0031000091694295406,28.5,,,,
train_10232,2,2,3,0.948390543460846,0.004391919821500778,28.875,0.047217581421136856,31.25,0.948390543460846,34.25,,,,
train_10811,2,2,3,0.9541769027709961,0.003899503033608198,29.0,0.041923608630895615,31.375,0.9541769027709961,34.5,,,,
train_12535,2,2,4,0.9954198598861694,0.0007069216808304191,27.25,0.0016958171036094427,28.125,0.9954198598861694,34.5,0.0021774719934910536,28.375,,
train_00071,1,1,4,0.9981155395507812,0.00026076618814840913,26.75,0.9981155395507812,35.0,0.0015006059547886252,28.5,0.00012317723303567618,26.0,,
train_07516,1,1,4,0.9966451525688171,0.00029505157726816833,27.125,0.9966451525688171,35.25,0.002799371490254998,29.375,0.00026038207579404116,27.0,,
train_00948,0,0,4,0.9968940019607544,0.9968940019607544,34.25,0.0021806969307363033,28.125,0.0008022335241548717,27.125,0.00012302648974582553,25.25,,
train_09184,3,3,4,0.9950026869773865,0.0014959260588511825,28.25,0.0007066254038363695,27.5,0.0027947579510509968,28.875,0.9950026869773865,34.75,,
train_01901,0,0,4,0.9971441626548767,0.9971441626548767,34.25,0.00218124408274889,28.125,0.0005515048396773636,26.75,0.00012305736890994012,25.25,,
train_03249,1,1,4,0.9988866448402405,0.00037970574339851737,27.375,0.9988866448402405,35.25,0.000709383690264076,28.0,2.427377512503881e-05,24.625,,
train_08401,3,3,4,0.9929988384246826,0.001916938810609281,28.0,0.0010260633425787091,27.375,0.004058159422129393,28.75,0.9929988384246826,34.25,,
train_10042,3,3,4,0.9940388202667236,0.0021744510158896446,28.625,0.0006229905993677676,27.375,0.0031638077925890684,29.0,0.9940388202667236,34.75,,
train_11154,1,1,4,0.9984771609306335,0.00029559392714872956,27.125,0.9984771609306335,35.25,0.0011690965620800853,28.5,5.8205889217788354e-05,25.5,,
train_09726,0,0,4,0.9976646900177002,0.9976646900177002,34.5,0.001925945864059031,28.25,0.00033467920729890466,26.5,7.467703107977286e-05,25.0,,
train_10477,1,1,4,0.9992974996566772,0.0002033254422713071,26.5,0.9992974996566772,35.0,0.0004877524042967707,27.375,1.1470836398075335e-05,23.625,,
train_02479,2,2,4,0.9957815408706665,0.0013211834011599422,28.375,0.0024682956282049417,29.0,0.9957815408706665,35.0,0.0004289254720788449,27.25,,
train_11951,1,1,4,0.9991409778594971,0.0002610341180115938,27.0,0.9991409778594971,35.25,0.0005526092718355358,27.75,4.536093183560297e-05,25.25,,
train_03612,1,1,4,0.9989269375801086,0.0006260541267693043,28.375,0.9989269375801086,35.75,0.00043028034269809723,28.0,1.668377808528021e-05,24.75,,
train_03969,2,2,4,0.9968414306640625,0.0005513373762369156,27.0,0.0009090017410926521,27.5,0.9968414306640625,34.5,0.0016982388915494084,28.125,,
train_08565,3,3,4,0.9929642677307129,0.0010260276030749083,27.625,0.0007990711601451039,27.375,0.005210598465055227,29.25,0.9929642677307129,34.5,,
train_01022,1,1,4,0.9989410042762756,0.0005524986190721393,28.25,0.9989410042762756,35.75,0.0004875783924944699,28.125,1.8905464457930066e-05,24.875,,
train_04805,0,0,4,0.9969084858894348,0.9969084858894348,34.5,0.0021807285957038403,28.375,0.0007079788483679295,27.25,0.00020283935009501874,26.0,,
train_06377,2,2,4,0.9964601397514343,0.000908654008526355,27.25,0.0019236205844208598,28.0,0.9964601397514343,34.25,0.0007076604524627328,27.0,,
train_01365,0,0,4,0.9967369437217712,0.9967369437217712,34.5,0.002799629233777523,28.625,0.00037888859515078366,26.625,8.454146882286295e-05,25.125,,
train_11926,0,0,4,0.9969084858894348,0.9969084858894348,34.5,0.0021807285957038403,28.375,0.0007079788483679295,27.25,0.00020283935009501874,26.0,,
train_11369,3,3,4,0.9931409955024719,0.0011628485517576337,27.75,0.00048474743380211294,26.875,0.005211525596678257,29.25,0.9931409955024719,34.5,,
train_12511,2,2,4,0.9971771240234375,0.0011675743153318763,27.75,0.0010303807212039828,27.625,0.9971771240234375,34.5,0.0006249574944376945,27.125,,
train_10986,0,0,4,0.9973650574684143,0.9973650574684143,34.75,0.0019253675127401948,28.5,0.0006250752485357225,27.375,8.459473610855639e-05,25.375,,
train_00309,2,2,4,0.9964234232902527,0.00048634957056492567,27.125,0.001923549803905189,28.5,0.9964234232902527,34.75,0.0011666918871924281,28.0,,
train_12350,2,2,4,0.996777355670929,0.0007078857161104679,27.75,0.002180441515520215,28.875,0.996777355670929,35.0,0.0003343815333209932,27.0,,
train_07559,0,0,4,0.9984927177429199,0.9984927177429199,34.5,0.0010317402193322778,27.625,0.0003795560041908175,26.625,9.596678864909336e-05,25.25,,
train_00112,3,3,4,0.9944789409637451,0.0010275926906615496,27.875,0.0009068474173545837,27.75,0.0035866512916982174,29.125,0.9944789409637451,34.75,,
train_06837,0,0,4,0.9975618124008179,0.9975618124008179,34.75,0.0014997734688222408,28.25,0.0007084428216330707,27.5,0.00022999770590104163,26.375,,
train_05904,2,2,4,0.9971511960029602,0.0009092841646634042,27.5,0.0009092841646634042,27.5,0.9971511960029602,34.5,0.0010303539456799626,27.625,,
train_09827,2,2,4,0.9956399202346802,0.0004859671462327242,26.875,0.0016961920773610473,28.125,0.9956399202346802,34.5,0.00217795348726213,28.375,,
train_01143,1,1,4,0.9992959499359131,0.0002033251221291721,26.75,0.9992959499359131,35.25,0.0004877516475971788,27.625,1.2998139936826192e-05,24.0,,
train_09925,2,2,4,0.9967098236083984,0.0006246646516956389,27.125,0.0011670271633192897,27.75,0.9967098236083984,34.5,0.001498492551036179,28.0,,
train_00933,3,3,4,0.9914968609809875,0.0010245114099234343,27.375,0.0007978903013281524,27.125,0.006680653430521488,29.25,0.9914968609809875,34.25,,
train_07267,0,0,4,0.9974269270896912,0.9974269270896912,34.75,0.0019254869548603892,28.5,0.0005516612436622381,27.25,9.586435044184327e-05,25.5,,
train_01609,0,0,4,0.996639609336853,0.996639609336853,34.25,0.0027993556577712297,28.375,0.0004864551010541618,26.625,7.46003061067313e-05,24.75,,
train_01759,2,2,4,0.9956380724906921,0.0007070766296237707,27.5,0.0031688977032899857,29.0,0.9956380724906921,34.75,0.0004859662149101496,27.125,,
train_01349,2,2,4,0.995895266532898,0.0004289744538255036,26.75,0.0014972679782658815,28.0,0.995895266532898,34.5,0.0021785120479762554,28.375,,
train_02038,1,1,4,0.9982213377952576,0.00020310646505095065,26.75,0.9982213377952576,35.25,0.0015007650945335627,28.75,7.471870048902929e-05,25.75,,
train_08455,0,0,4,0.9970648884773254,0.9970648884773254,34.5,0.0024714767932891846,28.5,0.00037901324685662985,26.625,8.456927753286436e-05,25.125,,
train_05543,2,2,4,0.995830237865448,0.000550778117030859,27.25,0.0019224046263843775,28.5,0.995830237865448,34.75,0.0016965162940323353,28.375,,
train_00813,0,0,4,0.9976956248283386,0.9976956248283386,34.5,0.0014999747509136796,28.0,0.0006252824678085744,27.125,0.00017914643103722483,25.875,,
train_01158,3,3,4,0.9953243136405945,0.000706853810697794,27.25,0.0008009703014977276,27.375,0.003167899092659354,28.75,0.9953243136405945,34.5,,
train_10372,2,2,4,0.9962878227233887,0.0009084969060495496,27.75,0.002179370727390051,28.625,0.9962878227233887,34.75,0.0006244001560844481,27.375,,
train_02466,3,3,4,0.9938706159591675,0.0021740831434726715,28.125,0.0011637028073891997,27.5,0.002791578182950616,28.375,0.9938706159591675,34.25,,
train_11873,0,0,4,0.9969913959503174,0.9969913959503174,34.5,0.0021809099707752466,28.375,0.0006248410791158676,27.125,0.00020285621576476842,26.0,,
train_10786,2,2,4,0.9956011772155762,0.0008011931204237044,27.625,0.0027964389882981777,28.875,0.9956011772155762,34.75,0.0008011931204237044,27.625,,
train_11331,2,2,4,0.9965741634368896,0.00042926688911393285,27.0,0.0014982885913923383,28.25,0.9965741634368896,34.75,0.0014982885913923383,28.25,,
train_11997,1,1,4,0.9989653825759888,0.00020325786317698658,26.75,0.9989653825759888,35.25,0.0008039004169404507,28.125,2.750796193140559e-05,24.75,,
train_11308,1,1,4,0.9990081191062927,0.00026099939714185894,27.25,0.9990081191062927,35.5,0.0007094699540175498,28.25,2.1424137230496854e-05,24.75,,
train_06631,2,2,4,0.9968024492263794,0.0007079035858623683,27.5,0.0011671356623992324,28.0,0.9968024492263794,34.75,0.0013225380098447204,28.125,,
train_07432,2,2,4,0.997154951095581,0.0006249435828067362,27.625,0.0019249619217589498,28.75,0.997154951095581,35.0,0.0002952024806290865,26.875,,
train_10898,1,1,4,0.9992017149925232,0.0002958084223791957,27.375,0.9992017149925232,35.5,0.0004877056344412267,27.875,1.4727432244399097e-05,24.375,,
train_09820,0,0,4,0.9972360730171204,0.9972360730171204,34.5,0.002181445015594363,28.375,0.00048674619756639004,26.875,9.584600775269791e-05,25.25,,
train_00490,3,3,4,0.9951298236846924,0.0014961170963943005,28.0,0.0009074409608729184,27.5,0.002466680249199271,28.5,0.9951298236846924,34.5,,
train_10707,1,1,3,0.528252124786377,0.15134677290916443,29.75,0.528252124786377,31.0,0.320401132106781,30.5,,,,
train_01044,3,3,4,0.9478951692581177,0.0034186439588665962,29.125,0.01193223986774683,30.375,0.03675388544797897,31.5,0.9478951692581177,34.75,,
train_04661,1,1,4,0.9828039407730103,0.009635071270167828,30.125,0.9828039407730103,34.75,0.004016495309770107,29.25,0.003544544568285346,29.125,,
train_12124,3,3,4,0.9634270071983337,0.012127756141126156,30.125,0.010702707804739475,30.0,0.013742547482252121,30.25,0.9634270071983337,34.5,,
train_01078,0,0,3,0.9914060831069946,0.9914060831069946,33.75,0.006680041551589966,28.75,0.0019138639327138662,27.5,,,,
train_00609,1,1,2,0.9940890073776245,0.005911068990826607,29.875,0.9940890073776245,35.0,,,,,,
train_00831,0,0,2,0.9933071732521057,0.9933071732521057,34.0,0.006692850962281227,29.0,,,,,,
train_01089,0,0,2,0.9947799444198608,0.9947799444198608,34.25,0.005220125894993544,29.0,,,,,,
train_01638,1,1,2,0.9947799444198608,0.005220125894993544,29.5,0.9947799444198608,34.75,,,,,,
train_01742,0,0,2,0.9940890073776245,0.9940890073776245,34.5,0.005911068990826607,29.375,,,,,,
train_01844,1,1,2,0.9947799444198608,0.005220125894993544,29.75,0.9947799444198608,35.0,,,,,,
train_02909,1,1,2,0.9947799444198608,0.005220125894993544,29.5,0.9947799444198608,34.75,,,,,,
train_02978,1,1,2,0.9953904151916504,0.004609572701156139,29.625,0.9953904151916504,35.0,,,,,,
train_03320,1,1,2,0.9953904151916504,0.004609572701156139,29.625,0.9953904151916504,35.0,,,,,,
train_04593,1,1,2,0.9953904151916504,0.004609572701156139,29.875,0.9953904151916504,35.25,,,,,,
train_04824,0,0,2,0.9933071732521057,0.9933071732521057,34.25,0.006692850962281227,29.25,,,,,,
train_06515,1,1,2,0.9959298968315125,0.004070138093084097,29.5,0.9959298968315125,35.0,,,,,,
train_06638,1,1,2,0.9953904151916504,0.004609572701156139,29.625,0.9953904151916504,35.0,,,,,,
train_06997,0,0,2,0.9933071732521057,0.9933071732521057,34.0,0.006692850962281227,29.0,,,,,,
train_07209,1,1,2,0.9959298968315125,0.004070138093084097,29.75,0.9959298968315125,35.25,,,,,,
train_07294,1,1,2,0.9959298968315125,0.004070138093084097,29.75,0.9959298968315125,35.25,,,,,,
train_07612,1,1,2,0.9959298968315125,0.004070138093084097,29.5,0.9959298968315125,35.0,,,,,,
train_07808,0,0,2,0.9947799444198608,0.9947799444198608,34.0,0.005220125894993544,28.75,,,,,,
train_07894,0,0,2,0.9940890073776245,0.9940890073776245,34.5,0.005911068990826607,29.375,,,,,,
train_08403,1,1,2,0.9959298968315125,0.004070138093084097,29.75,0.9959298968315125,35.25,,,,,,
train_09842,0,0,2,0.9940890073776245,0.9940890073776245,34.25,0.005911068990826607,29.125,,,,,,
train_10113,1,1,2,0.9959298968315125,0.004070138093084097,29.5,0.9959298968315125,35.0,,,,,,
train_10143,1,1,2,0.9940890073776245,0.005911068990826607,29.375,0.9940890073776245,34.5,,,,,,
train_10287,1,1,2,0.9953904151916504,0.004609572701156139,29.375,0.9953904151916504,34.75,,,,,,
train_10292,0,0,2,0.9933071732521057,0.9933071732521057,34.0,0.006692850962281227,29.0,,,,,,
train_10444,0,0,2,0.9933071732521057,0.9933071732521057,34.25,0.006692850962281227,29.25,,,,,,
train_10896,0,0,2,0.9940890073776245,0.9940890073776245,34.25,0.005911068990826607,29.125,,,,,,
train_11005,1,1,2,0.9964063763618469,0.0035936026833951473,29.125,0.9964063763618469,34.75,,,,,,
train_11776,0,0,2,0.9940890073776245,0.9940890073776245,34.25,0.005911068990826607,29.125,,,,,,
train_11862,1,1,2,0.9940890073776245,0.005911068990826607,29.875,0.9940890073776245,35.0,,,,,,
train_11971,1,1,2,0.9968273043632507,0.0031726830638945103,29.5,0.9968273043632507,35.25,,,,,,
train_01032,3,3,4,0.9708384275436401,0.00396759482100606,29.0,0.01778152585029602,30.5,0.007412442471832037,29.625,0.9708384275436401,34.5,,
train_08006,2,2,4,0.9785435795783997,0.0031144898384809494,28.5,0.0074712722562253475,29.375,0.9785435795783997,34.25,0.01087063830345869,29.75,,
train_00546,1,1,2,0.9525741338729858,0.04742587357759476,32.0,0.9525741338729858,35.0,,,,,,
train_01247,1,1,2,0.9525741338729858,0.04742587357759476,32.0,0.9525741338729858,35.0,,,,,,
train_02506,1,1,2,0.9525741338729858,0.04742587357759476,32.0,0.9525741338729858,35.0,,,,,,
train_02566,1,1,2,0.9525741338729858,0.04742587357759476,32.0,0.9525741338729858,35.0,,,,,,
train_04960,0,0,2,0.9669140577316284,0.9669140577316284,34.0,0.03308597952127457,30.625,,,,,,
train_05334,1,1,2,0.9525741338729858,0.04742587357759476,32.0,0.9525741338729858,35.0,,,,,,
train_06516,0,0,2,0.9669140577316284,0.9669140577316284,34.0,0.03308597952127457,30.625,,,,,,
train_07107,1,1,2,0.9399133324623108,0.06008664518594742,32.25,0.9399133324623108,35.0,,,,,,
train_07126,0,0,2,0.9669140577316284,0.9669140577316284,34.0,0.03308597952127457,30.625,,,,,,
train_07433,1,1,2,0.9525741338729858,0.04742587357759476,31.75,0.9525741338729858,34.75,,,,,,
train_07711,0,0,2,0.9669140577316284,0.9669140577316284,34.0,0.03308597952127457,30.625,,,,,,
train_08154,1,1,2,0.9399133324623108,0.06008664518594742,32.25,0.9399133324623108,35.0,,,,,,
train_08686,0,0,2,0.9669140577316284,0.9669140577316284,34.0,0.03308597952127457,30.625,,,,,,
train_09058,1,1,2,0.9465966820716858,0.0534033328294754,31.875,0.9465966820716858,34.75,,,,,,
train_09410,0,0,2,0.9669140577316284,0.9669140577316284,34.0,0.03308597952127457,30.625,,,,,,
train_12263,0,0,2,0.9669140577316284,0.9669140577316284,34.0,0.03308597952127457,30.625,,,,,,
train_08867,2,2,3,0.9044840931892395,0.011385775171220303,28.375,0.08413012325763702,30.375,0.9044840931892395,32.75,,,,
train_08041,1,1,2,0.9465966820716858,0.0534033328294754,31.125,0.9465966820716858,34.0,,,,,,
train_05976,3,3,4,0.9422621130943298,0.010467587038874626,29.5,0.025110434740781784,30.375,0.0221598818898201,30.25,0.9422621130943298,34.0,,
train_08668,3,3,4,0.9710847735404968,0.0027275774627923965,29.375,0.008401529863476753,30.5,0.017786039039492607,31.25,0.9710847735404968,35.25,,
train_00527,1,1,3,0.9839067459106445,0.005163068883121014,29.0,0.9839067459106445,34.25,0.010930217802524567,29.75,,,,
train_01307,2,2,3,0.8489968776702881,0.0034696562215685844,28.25,0.14753352105617523,32.0,0.8489968776702881,33.75,,,,
train_01780,2,2,3,0.9274784922599792,0.01322976965457201,29.75,0.05929171293973923,31.25,0.9274784922599792,34.0,,,,
train_02194,1,1,3,0.976622462272644,0.020269151777029037,30.625,0.976622462272644,34.5,0.003108375472947955,28.75,,,,
train_02414,2,2,3,0.9354499578475952,0.011775577440857887,29.875,0.05277447775006294,31.375,0.9354499578475952,34.25,,,,
train_03770,1,1,3,0.9839067459106445,0.005163068883121014,29.25,0.9839067459106445,34.5,0.010930217802524567,30.0,,,,
train_05374,1,1,3,0.978954017162323,0.01793016865849495,30.25,0.978954017162323,34.25,0.0031157962512224913,28.5,,,,
train_06859,1,1,3,0.9785480499267578,0.01792273297905922,30.25,0.9785480499267578,34.25,0.0035291954409331083,28.625,,,,
train_06935,0,0,3,0.9812383055686951,0.9812383055686951,33.75,0.017972005531191826,29.75,0.0007896348251961172,26.625,,,,
train_07315,0,0,3,0.9854394793510437,0.9854394793510437,33.75,0.0124048525467515,29.375,0.002155640162527561,27.625,,,,
train_07846,0,0,3,0.9787933230400085,0.9787933230400085,33.75,0.020314205437898636,29.875,0.0008925439906306565,26.75,,,,
train_08984,1,1,3,0.980189859867096,0.00582842156291008,28.625,0.980189859867096,33.75,0.013981657102704048,29.5,,,,
train_10347,0,0,3,0.9871283769607544,0.9871283769607544,33.5,0.01096600666642189,29.0,0.0019056061282753944,27.25,,,,
train_11461,1,1,3,0.9839067459106445,0.005163068883121014,29.0,0.9839067459106445,34.25,0.010930217802524567,29.75,,,,
train_08993,2,2,3,0.8711382150650024,0.010966012254357338,29.125,0.11789573729038239,31.5,0.8711382150650024,33.5,,,,
train_04770,0,0,3,0.48090600967407227,0.48090600967407227,31.375,0.09469600021839142,29.75,0.4243980646133423,31.25,,,,
train_00115,1,1,2,0.9626730680465698,0.037326883524656296,31.0,0.9626730680465698,34.25,,,,,,
train_01126,0,0,2,0.9399133324623108,0.9399133324623108,33.25,0.06008664518594742,30.5,,,,,,
train_05973,0,0,2,0.9324532747268677,0.9324532747268677,33.25,0.06754669547080994,30.625,,,,,,
train_06152,1,1,2,0.9740425944328308,0.02595735713839531,30.875,0.9740425944328308,34.5,,,,,,
train_06818,1,1,2,0.9669140577316284,0.03308597952127457,30.875,0.9669140577316284,34.25,,,,,,
train_09779,0,0,2,0.9399133324623108,0.9399133324623108,33.25,0.06008664518594742,30.5,,,,,,
train_11784,0,0,2,0.9324532747268677,0.9324532747268677,33.25,0.06754669547080994,30.625,,,,,,
train_00772,1,1,2,0.9859364032745361,0.014063626527786255,30.5,0.9859364032745361,34.75,,,,,,
train_01783,1,1,2,0.9890130758285522,0.01098694372922182,30.25,0.9890130758285522,34.75,,,,,,
train_03635,1,1,2,0.9875683188438416,0.01243165135383606,30.375,0.9875683188438416,34.75,,,,,,
train_04082,1,1,2,0.9890130758285522,0.01098694372922182,30.25,0.9890130758285522,34.75,,,,,,
train_05357,1,1,2,0.9890130758285522,0.01098694372922182,30.5,0.9890130758285522,35.0,,,,,,
train_05736,1,1,2,0.9859364032745361,0.014063626527786255,30.25,0.9859364032745361,34.5,,,,,,
train_06242,1,1,2,0.9859364032745361,0.014063626527786255,30.5,0.9859364032745361,34.75,,,,,,
train_06501,0,0,2,0.9796676635742188,0.9796676635742188,34.0,0.020332353189587593,30.125,,,,,,
train_06662,0,0,2,0.9796676635742188,0.9796676635742188,34.0,0.020332353189587593,30.125,,,,,,
train_06996,0,0,2,0.9840936064720154,0.9840936064720154,34.0,0.01590639166533947,29.875,,,,,,
train_09080,1,1,2,0.9875683188438416,0.01243165135383606,30.125,0.9875683188438416,34.5,,,,,,
train_10929,0,0,2,0.9859364032745361,0.9859364032745361,34.0,0.014063626527786255,29.75,,,,,,
train_11505,0,0,2,0.9840936064720154,0.9840936064720154,34.0,0.01590639166533947,29.875,,,,,,
train_12282,1,1,2,0.9859364032745361,0.014063626527786255,30.25,0.9859364032745361,34.5,,,,,,
train_10585,0,0,3,0.9202904105186462,0.9202904105186462,33.75,0.027790362015366554,30.25,0.05191923305392265,30.875,,,,
train_08942,1,1,3,0.9960336089134216,0.0014974758960306644,29.0,0.9960336089134216,35.5,0.0024689205456525087,29.5,,,,
train_07793,0,0,3,0.9500883221626282,0.9500883221626282,34.0,0.03251023218035698,30.625,0.017401475459337234,30.0,,,,
train_04679,1,1,3,0.9867672324180603,0.0035588385071605444,29.375,0.9867672324180603,35.0,0.009673926047980785,30.375,,,,
train_06635,0,0,3,0.9456961154937744,0.9456961154937744,33.75,0.04708343371748924,30.75,0.0072204782627522945,28.875,,,,
train_04084,0,0,3,0.9472090005874634,0.9472090005874634,33.75,0.04715875908732414,30.75,0.005632310174405575,28.625,,,,
train_01286,0,0,2,0.977022647857666,0.977022647857666,33.75,0.022977370768785477,30.0,,,,,,
train_01315,0,0,2,0.9796676635742188,0.9796676635742188,33.5,0.020332353189587593,29.625,,,,,,
train_08656,1,1,2,0.977022647857666,0.022977370768785477,30.75,0.977022647857666,34.5,,,,,,
train_08720,1,1,2,0.9796676635742188,0.020332353189587593,30.625,0.9796676635742188,34.5,,,,,,
train_10354,0,0,2,0.8175744414329529,0.8175744414329529,34.0,0.18242551386356354,32.5,,,,,,
train_08291,2,2,4,0.9806170463562012,0.0018930361839011312,27.75,0.012344147078692913,29.625,0.9806170463562012,34.0,0.005145805887877941,28.75,,
train_06493,1,1,2,0.9924227595329285,0.007577240467071533,30.375,0.9924227595329285,35.25,,,,,,
train_10890,0,0,2,0.9525741338729858,0.9525741338729858,33.75,0.04742587357759476,30.75,,,,,,
train_01124,2,2,3,0.9438159465789795,0.019588274881243706,29.625,0.03659571707248688,30.25,0.9438159465789795,33.5,,,,
train_00036,0,0,2,0.9740425944328308,0.9740425944328308,34.0,0.02595735713839531,30.375,,,,,,
train_00653,0,0,2,0.970687747001648,0.970687747001648,34.0,0.02931223064661026,30.5,,,,,,
train_00803,1,1,2,0.9820137619972229,0.01798621006309986,30.5,0.9820137619972229,34.5,,,,,,
train_00926,1,1,2,0.9820137619972229,0.01798621006309986,30.75,0.9820137619972229,34.75,,,,,,
train_02396,0,0,2,0.9740425944328308,0.9740425944328308,33.5,0.02595735713839531,29.875,,,,,,
train_04298,1,1,2,0.9840936064720154,0.01590639166533947,30.625,0.9840936064720154,34.75,,,,,,
train_04978,0,0,2,0.970687747001648,0.970687747001648,33.75,0.02931223064661026,30.25,,,,,,
train_07879,0,0,2,0.9669140577316284,0.9669140577316284,33.75,0.03308597952127457,30.375,,,,,,
train_08182,0,0,2,0.970687747001648,0.970687747001648,33.75,0.02931223064661026,30.25,,,,,,
train_09088,0,0,2,0.977022647857666,0.977022647857666,34.0,0.022977370768785477,30.25,,,,,,
train_10593,0,0,2,0.9669140577316284,0.9669140577316284,33.75,0.03308597952127457,30.375,,,,,,
train_11499,1,1,2,0.9820137619972229,0.01798621006309986,30.25,0.9820137619972229,34.25,,,,,,
train_11993,1,1,2,0.9840936064720154,0.01590639166533947,30.625,0.9840936064720154,34.75,,,,,,
train_09892,0,0,3,0.9762184619903564,0.9762184619903564,34.25,0.0202607661485672,30.375,0.003520793514326215,28.625,,,,
train_09400,1,1,3,0.9911177158355713,0.001314995577558875,28.375,0.9911177158355713,35.0,0.007567276246845722,30.125,,,,
train_07815,1,1,3,0.9828601479530334,0.009635622613132,29.375,0.9828601479530334,34.0,0.007504229433834553,29.125,,,,
train_07583,1,1,2,0.9890130758285522,0.01098694372922182,30.0,0.9890130758285522,34.5,,,,,,
train_07013,2,2,3,0.9571743607521057,0.0007702697766944766,27.375,0.04205530509352684,31.375,0.9571743607521057,34.5,,,,
train_00091,1,1,2,0.9902915358543396,0.009708477184176445,30.375,0.9902915358543396,35.0,,,,,,
train_00216,1,1,2,0.9914224743843079,0.008577484637498856,30.25,0.9914224743843079,35.0,,,,,,
train_00632,1,1,2,0.9914224743843079,0.008577484637498856,30.25,0.9914224743843079,35.0,,,,,,
train_01463,1,1,2,0.9890130758285522,0.01098694372922182,30.0,0.9890130758285522,34.5,,,,,,
train_02412,0,0,2,0.9820137619972229,0.9820137619972229,34.5,0.01798621006309986,30.5,,,,,,
train_02493,1,1,2,0.9902915358543396,0.009708477184176445,30.375,0.9902915358543396,35.0,,,,,,
train_02718,1,1,2,0.9875683188438416,0.01243165135383606,30.375,0.9875683188438416,34.75,,,,,,
train_03106,0,0,2,0.9875683188438416,0.9875683188438416,34.5,0.01243165135383606,30.125,,,,,,
train_03498,0,0,2,0.9840936064720154,0.9840936064720154,34.5,0.01590639166533947,30.375,,,,,,
train_03850,0,0,2,0.9875683188438416,0.9875683188438416,34.5,0.01243165135383606,30.125,,,,,,
train_04285,0,0,2,0.9859364032745361,0.9859364032745361,34.5,0.014063626527786255,30.25,,,,,,
train_04706,0,0,2,0.9859364032745361,0.9859364032745361,34.5,0.014063626527786255,30.25,,,,,,
train_04895,0,0,2,0.9820137619972229,0.9820137619972229,34.5,0.01798621006309986,30.5,,,,,,
train_04921,0,0,2,0.9820137619972229,0.9820137619972229,34.25,0.01798621006309986,30.25,,,,,,
train_04942,1,1,2,0.9902915358543396,0.009708477184176445,30.375,0.9902915358543396,35.0,,,,,,
train_05183,1,1,2,0.9890130758285522,0.01098694372922182,30.25,0.9890130758285522,34.75,,,,,,
train_06187,1,1,2,0.9890130758285522,0.01098694372922182,30.25,0.9890130758285522,34.75,,,,,,
train_06302,1,1,2,0.9875683188438416,0.01243165135383606,30.125,0.9875683188438416,34.5,,,,,,
train_08036,0,0,2,0.9840936064720154,0.9840936064720154,34.5,0.01590639166533947,30.375,,,,,,
train_08076,0,0,2,0.9859364032745361,0.9859364032745361,34.5,0.014063626527786255,30.25,,,,,,
train_08272,1,1,2,0.9902915358543396,0.009708477184176445,30.125,0.9902915358543396,34.75,,,,,,
train_08517,1,1,2,0.9902915358543396,0.009708477184176445,30.125,0.9902915358543396,34.75,,,,,,
train_09116,0,0,2,0.9859364032745361,0.9859364032745361,34.5,0.014063626527786255,30.25,,,,,,
train_09232,1,1,2,0.9902915358543396,0.009708477184176445,30.125,0.9902915358543396,34.75,,,,,,
train_09674,0,0,2,0.9859364032745361,0.9859364032745361,34.5,0.014063626527786255,30.25,,,,,,
train_09915,1,1,2,0.9902915358543396,0.009708477184176445,30.125,0.9902915358543396,34.75,,,,,,
train_10458,0,0,2,0.9820137619972229,0.9820137619972229,34.25,0.01798621006309986,30.25,,,,,,
train_10993,0,0,2,0.9796676635742188,0.9796676635742188,34.25,0.020332353189587593,30.375,,,,,,
train_11846,0,0,2,0.9820137619972229,0.9820137619972229,34.25,0.01798621006309986,30.25,,,,,,
train_12477,1,1,2,0.9890130758285522,0.01098694372922182,30.5,0.9890130758285522,35.0,,,,,,
train_01703,1,1,2,0.9968273043632507,0.0031726830638945103,29.25,0.9968273043632507,35.0,,,,,,
train_01984,0,0,2,0.5,0.5,33.25,0.5,33.25,,,,,,
train_08616,0,0,3,0.9317018389701843,0.9317018389701843,33.25,0.04638670012354851,30.25,0.02191152609884739,29.5,,,,
train_00603,1,1,2,0.9890130758285522,0.01098694372922182,30.25,0.9890130758285522,34.75,,,,,,
train_11710,1,1,2,0.9953904151916504,0.004609572701156139,29.625,0.9953904151916504,35.0,,,,,,
train_09607,0,0,3,0.9978702068328857,0.9978702068328857,33.5,0.0016999916406348348,27.125,0.0004298251587897539,25.75,,,,
train_12397,1,1,3,0.9902182221412659,0.004585620481520891,29.375,0.9902182221412659,34.75,0.005196188576519489,29.5,,,,
train_10349,2,2,3,0.9867032766342163,0.006648354697972536,28.75,0.006648354697972536,28.75,0.9867032766342163,33.75,,,,
train_11242,1,1,3,0.983974277973175,0.007512735668569803,30.125,0.983974277973175,35.0,0.008513045497238636,30.25,,,,
train_10941,2,2,3,0.948390543460846,0.004391919821500778,28.375,0.047217581421136856,30.75,0.948390543460846,33.75,,,,
train_05910,1,1,3,0.8871284127235413,0.03035586327314377,30.375,0.8871284127235413,33.75,0.08251579105854034,31.375,,,,
train_06702,0,0,3,0.9381298422813416,0.9381298422813416,33.25,0.046706732362508774,30.25,0.01516345702111721,29.125,,,,
train_03244,0,0,2,0.9241418242454529,0.9241418242454529,33.5,0.07585817575454712,31.0,,,,,,
train_05076,0,0,2,0.9324532747268677,0.9324532747268677,33.5,0.06754669547080994,30.875,,,,,,
train_06609,1,1,2,0.977022647857666,0.022977370768785477,30.5,0.977022647857666,34.25,,,,,,
train_08678,0,0,2,0.9399133324623108,0.9399133324623108,33.5,0.06008664518594742,30.75,,,,,,
train_11583,1,1,2,0.977022647857666,0.022977370768785477,30.5,0.977022647857666,34.25,,,,,,
train_04985,2,2,3,0.9909536838531494,0.00315398839302361,27.75,0.005892425775527954,28.375,0.9909536838531494,33.5,,,,
train_00194,1,1,2,0.9924227595329285,0.007577240467071533,30.375,0.9924227595329285,35.25,,,,,,
train_09992,1,1,2,0.9947799444198608,0.005220125894993544,29.75,0.9947799444198608,35.0,,,,,,
train_01271,0,0,3,0.9975905418395996,0.9975905418395996,34.0,0.0014998166589066386,27.5,0.0009096848079934716,27.0,,,,
train_10808,0,0,3,0.9954460859298706,0.9954460859298706,33.75,0.004068160429596901,28.25,0.00048587252967990935,26.125,,,,
train_10147,1,1,3,0.9878826141357422,0.004574804566800594,29.625,0.9878826141357422,35.0,0.007542576175183058,30.125,,,,
train_04493,1,1,3,0.9760372638702393,0.001008537015877664,28.125,0.9760372638702393,35.0,0.022954197600483894,31.25,,,,
train_06834,2,2,3,0.9939029812812805,0.0014942727284505963,28.0,0.004602684639394283,29.125,0.9939029812812805,34.5,,,,
train_04870,2,2,3,0.9839067459106445,0.005163068883121014,28.5,0.010930217802524567,29.25,0.9839067459106445,33.75,,,,
train_01150,0,0,3,0.9980695843696594,0.9980695843696594,33.75,0.00150053680408746,27.25,0.0004299110150896013,26.0,,,,
train_03723,2,2,3,0.9874747395515442,0.005871739238500595,28.625,0.006653552409261465,28.75,0.9874747395515442,33.75,,,,
train_00138,2,2,3,0.9731370806694031,0.003976989071816206,28.0,0.022885991260409355,29.75,0.9731370806694031,33.5,,,,
train_10548,2,2,3,0.9700226187705994,0.01776658371090889,29.75,0.012210782617330551,29.375,0.9700226187705994,33.75,,,,
train_02526,2,2,3,0.9606947898864746,0.013703574426472187,29.5,0.025601647794246674,30.125,0.9606947898864746,33.75,,,,
train_10390,2,2,3,0.9556431770324707,0.002368802670389414,27.75,0.041988030076026917,30.625,0.9556431770324707,33.75,,,,
train_04615,2,2,3,0.9957062602043152,0.0014969836920499802,28.25,0.002796733984723687,28.875,0.9957062602043152,34.75,,,,
train_05296,1,1,3,0.9929405450820923,0.0024612536653876305,28.75,0.9929405450820923,34.75,0.004598227329552174,29.375,,,,
train_08174,0,0,3,0.9990377426147461,0.9990377426147461,34.25,0.0008039586246013641,27.125,0.00015830883057788014,25.5,,,,
train_09864,2,2,3,0.9902729392051697,0.002166213234886527,27.625,0.00756082683801651,28.875,0.9902729392051697,33.75,,,,
train_12202,2,2,3,0.9944934844970703,0.0019198240479454398,28.25,0.003586703445762396,28.875,0.9944934844970703,34.5,,,,
train_06248,1,1,3,0.9944408535957336,0.0014950813492760062,28.5,0.9944408535957336,35.0,0.004064052831381559,29.5,,,,
train_10606,0,0,3,0.9991771578788757,0.9991771578788757,33.75,0.000487693672766909,26.125,0.00033518660347908735,25.75,,,,
train_04413,0,0,3,0.9987542629241943,0.9987542629241943,33.75,0.000910745991859585,26.75,0.0003350447223056108,25.75,,,,
train_00166,1,1,3,0.9237741231918335,0.00039790882146917284,27.0,0.9237741231918335,34.75,0.07582799345254898,32.25,,,,
train_01800,1,1,3,0.9893981218338013,0.0009022143203765154,28.0,0.9893981218338013,35.0,0.009699718095362186,30.375,,,,
train_07169,1,1,3,0.9889301657676697,0.005880393553525209,29.625,0.9889301657676697,34.75,0.00518942903727293,29.5,,,,
train_04283,1,1,3,0.9931516647338867,0.002789558842778206,28.875,0.9931516647338867,34.75,0.004058783873915672,29.25,,,,
train_01791,2,2,3,0.9882474541664124,0.0058763339184224606,28.875,0.0058763339184224606,28.875,0.9882474541664124,34.0,,,,
train_02275,1,1,3,0.9944878220558167,0.0009068555082194507,28.0,0.9944878220558167,35.0,0.004605392459779978,29.625,,,,
train_01484,0,0,3,0.9991434812545776,0.9991434812545776,34.0,0.0006261898670345545,26.625,0.00023036239144857973,25.625,,,,
train_08214,1,1,2,0.9959298968315125,0.004070138093084097,29.75,0.9959298968315125,35.25,,,,,,
train_12524,1,1,3,0.904069721698761,0.0006420471472665668,27.25,0.904069721698761,34.5,0.0952882468700409,32.25,,,,
train_08783,2,2,3,0.9456961154937744,0.0072204782627522945,29.125,0.04708343371748924,31.0,0.9456961154937744,34.0,,,,
train_02825,2,2,3,0.9785699844360352,0.0074714734219014645,28.875,0.013958550058305264,29.5,0.9785699844360352,33.75,,,,
train_06853,2,2,3,0.9912236928939819,0.003574910806491971,28.375,0.005201464518904686,28.75,0.9912236928939819,34.0,,,,
train_01884,0,0,2,0.9669140577316284,0.9669140577316284,34.0,0.03308597952127457,30.625,,,,,,
train_03132,2,2,3,0.9889302849769592,0.005189429968595505,28.75,0.005880394019186497,28.875,0.9889302849769592,34.0,,,,
train_02236,2,2,3,0.9862732291221619,0.0027702387887984514,27.875,0.010956507176160812,29.25,0.9862732291221619,33.75,,,,
train_00416,2,2,3,0.9626038074493408,0.0044577401131391525,28.375,0.03293849155306816,30.375,0.9626038074493408,33.75,,,,
train_00833,0,0,2,0.9933071732521057,0.9933071732521057,34.0,0.006692850962281227,29.0,,,,,,
train_00929,0,0,2,0.9914224743843079,0.9914224743843079,33.75,0.008577484637498856,29.0,,,,,,
train_02990,1,1,2,0.9924227595329285,0.007577240467071533,29.375,0.9924227595329285,34.25,,,,,,
train_03490,0,0,2,0.9914224743843079,0.9914224743843079,33.75,0.008577484637498856,29.0,,,,,,
train_06025,1,1,2,0.9924227595329285,0.007577240467071533,29.625,0.9924227595329285,34.5,,,,,,
train_06797,0,0,2,0.9933071732521057,0.9933071732521057,33.75,0.006692850962281227,28.75,,,,,,
train_08907,0,0,2,0.9902915358543396,0.9902915358543396,33.75,0.009708477184176445,29.125,,,,,,
train_00153,1,1,3,0.9923654198646545,0.0035790286492556334,29.125,0.9923654198646545,34.75,0.004055570811033249,29.25,,,,
train_07845,0,0,3,0.9970420002937317,0.9970420002937317,33.75,0.0024714202154427767,27.75,0.0004866514937020838,26.125,,,,
train_02855,2,2,3,0.9794298410415649,0.006599346175789833,28.5,0.01397081557661295,29.25,0.9794298410415649,33.5,,,,
train_09977,1,1,3,0.9940441250801086,0.0031638245563954115,29.0,0.9940441250801086,34.75,0.0027920654974877834,28.875,,,,
train_09161,1,1,3,0.9923654198646545,0.0035790286492556334,29.125,0.9923654198646545,34.75,0.004055570811033249,29.25,,,,
train_04848,2,2,3,0.9888833165168762,0.0035664699971675873,28.375,0.007550216745585203,29.125,0.9888833165168762,34.0,,,,
train_00249,2,2,3,0.990537703037262,0.003572436748072505,28.375,0.005889952182769775,28.875,0.990537703037262,34.0,,,,
train_05048,1,1,3,0.9871800541877747,0.0031419778242707253,29.25,0.9871800541877747,35.0,0.009677973575890064,30.375,,,,
train_07656,2,2,3,0.9704707860946655,0.015686199069023132,29.375,0.013843022286891937,29.25,0.9704707860946655,33.5,,,,
train_09710,1,1,3,0.988150954246521,0.0021615715231746435,28.875,0.988150954246521,35.0,0.009687491692602634,30.375,,,,
train_10423,0,0,3,0.9978436231613159,0.9978436231613159,34.25,0.0019262913847342134,28.0,0.0002300626947544515,25.875,,,,
train_09761,0,0,3,0.9984009861946106,0.9984009861946106,33.75,0.001169007271528244,27.0,0.00043005376937799156,26.0,,,,
train_12376,1,1,2,0.9940890073776245,0.005911068990826607,30.125,0.9940890073776245,35.25,,,,,,
train_01754,0,0,3,0.9986649751663208,0.9986649751663208,33.75,0.000709226296748966,26.5,0.0006258899811655283,26.375,,,,
train_02664,2,2,3,0.9880033731460571,0.0010209014872089028,27.125,0.010975726880133152,29.5,0.9880033731460571,34.0,,,,
train_12712,0,0,3,0.9990872144699097,0.9990872144699097,34.0,0.0007095261244103312,26.75,0.00020328264508862048,25.5,,,,
train_02971,0,0,3,0.9970420002937317,0.9970420002937317,33.75,0.0024714202154427767,27.75,0.0004866514937020838,26.125,,,,
train_07546,1,1,3,0.9795157313346863,0.009602834470570087,30.125,0.9795157313346863,34.75,0.010881437920033932,30.25,,,,
train_03356,0,0,3,0.9991705417633057,0.9991705417633057,34.25,0.0006262068054638803,26.875,0.00020329959806986153,25.75,,,,
train_08290,1,1,3,0.9458760619163513,0.000761177740059793,27.625,0.9458760619163513,34.75,0.05336267873644829,31.875,,,,
train_08693,2,2,3,0.991357684135437,0.0045908973552286625,29.125,0.004051452502608299,29.0,0.991357684135437,34.5,,,,
train_12356,2,2,3,0.9816007614135742,0.007494613993912935,29.375,0.010904599912464619,29.75,0.9816007614135742,34.25,,,,
train_04739,0,0,3,0.999038815498352,0.999038815498352,33.75,0.000626124267000705,26.375,0.00033514018286950886,25.75,,,,
train_07360,0,0,3,0.997766375541687,0.997766375541687,33.5,0.0013238168321549892,26.875,0.0009098451700992882,26.5,,,,
train_12689,1,1,3,0.9899874329566956,0.0075586470775306225,29.875,0.9899874329566956,34.75,0.0024539337027817965,28.75,,,,
train_04018,2,2,3,0.9714339375495911,0.008404550142586231,29.25,0.020161468535661697,30.125,0.9714339375495911,34.0,,,,
train_05316,0,0,3,0.9967709183692932,0.9967709183692932,33.5,0.002799724694341421,27.625,0.00042935163946822286,25.75,,,,
train_00750,2,2,3,0.9889302849769592,0.005189429968595505,29.25,0.005880394019186497,29.375,0.9889302849769592,34.5,,,,
train_01924,0,0,3,0.9950908422470093,0.9950908422470093,33.75,0.0013202670961618423,27.125,0.0035888580605387688,28.125,,,,
train_09543,0,0,3,0.9984009861946106,0.9984009861946106,33.5,0.001169007271528244,26.75,0.00043005376937799156,25.75,,,,
train_06355,2,2,3,0.9862999320030212,0.004030782263725996,28.25,0.009669344872236252,29.125,0.9862999320030212,33.75,,,,
train_12041,0,0,3,0.9979671835899353,0.9979671835899353,33.5,0.001324083306826651,26.875,0.0007087307749316096,26.25,,,,
train_12311,2,2,3,0.9763128757476807,0.005805368069559336,28.375,0.017881793901324272,29.5,0.9763128757476807,33.5,,,,
train_08775,0,0,3,0.9993391633033752,0.9993391633033752,34.0,0.00043045790516771376,26.25,0.00023040750238578767,25.625,,,,
train_04024,1,1,3,0.9762549996376038,0.0007856246666051447,28.125,0.9762549996376038,35.25,0.02295931801199913,31.5,,,,
train_07153,2,2,3,0.9775681495666504,0.004527038894593716,28.125,0.01790478639304638,29.5,0.9775681495666504,33.5,,,,
train_07572,1,1,3,0.9858306050300598,0.007526909001171589,30.125,0.9858306050300598,35.0,0.006642474327236414,30.0,,,,
train_10245,1,1,3,0.9913210272789001,0.005894610192626715,29.625,0.9913210272789001,34.75,0.002784417010843754,28.875,,,,
train_08072,1,1,3,0.9874747395515442,0.005871739238500595,29.375,0.9874747395515442,34.5,0.006653552409261465,29.5,,,,
train_01370,0,0,3,0.9963994026184082,0.9963994026184082,33.75,0.0008018355001695454,26.625,0.0027986811473965645,27.875,,,,
train_01015,0,0,3,0.9973328113555908,0.9973328113555908,33.5,0.0014994291123002768,27.0,0.0011677566217258573,26.75,,,,
train_05841,2,2,3,0.9795157313346863,0.009602834470570087,28.875,0.010881437920033932,29.0,0.9795157313346863,33.5,,,,
train_04668,1,1,3,0.9790377616882324,0.01582467183470726,30.375,0.9790377616882324,34.5,0.005137518513947725,29.25,,,,
train_01691,2,2,3,0.99054354429245,0.0027822330594062805,27.875,0.006674229633063078,28.75,0.99054354429245,33.75,,,,
train_06182,2,2,3,0.9929405450820923,0.0024612536653876305,28.25,0.004598227329552174,28.875,0.9929405450820923,34.25,,,,
train_02294,1,1,3,0.9746900796890259,0.009555526077747345,30.125,0.9746900796890259,34.75,0.015754397958517075,30.625,,,,
train_05115,1,1,3,0.966670036315918,0.015624766238033772,30.625,0.966670036315918,34.75,0.017705179750919342,30.75,,,,
train_10325,0,0,3,0.9987660646438599,0.9987660646438599,33.75,0.0008037399966269732,26.625,0.0004302110173739493,26.0,,,,
train_03907,0,0,3,0.9973663687705994,0.9973663687705994,33.75,0.001925370073877275,27.5,0.000708304054569453,26.5,,,,
train_00864,0,0,3,0.9984809756278992,0.9984809756278992,34.0,0.001031727995723486,27.125,0.0004873538273386657,26.375,,,,
train_04988,2,2,3,0.9942429661750793,0.0016938121989369392,28.375,0.004063243977725506,29.25,0.9942429661750793,34.75,,,,
train_00352,1,1,3,0.991357684135437,0.0045908973552286625,29.375,0.991357684135437,34.75,0.004051452502608299,29.25,,,,
train_06771,0,0,3,0.9976970553398132,0.9976970553398132,33.25,0.0014999768463894725,26.75,0.000802879745606333,26.125,,,,
train_04704,1,1,3,0.9866006970405579,0.005866541992872953,29.625,0.9866006970405579,34.75,0.007532788906246424,29.875,,,,
train_08117,0,0,3,0.996493399143219,0.996493399143219,33.75,0.002798945177346468,27.875,0.0007076840847730637,26.5,,,,
train_07040,1,1,3,0.9932564496994019,0.003582242177799344,29.125,0.9932564496994019,34.75,0.0031613176688551903,29.0,,,,
train_03000,1,1,3,0.9832135438919067,0.0027616447769105434,29.125,0.9832135438919067,35.0,0.014024787582457066,30.75,,,,
train_12383,0,0,3,0.997920572757721,0.997920572757721,33.75,0.0017000773223116994,27.375,0.0003793385112658143,25.875,,,,
train_02880,2,2,3,0.9951373934745789,0.0016953358426690102,28.625,0.0031673042103648186,29.25,0.9951373934745789,35.0,,,,
train_01263,2,2,3,0.9818790555000305,0.009626003913581371,29.375,0.00849491823464632,29.25,0.9818790555000305,34.0,,,,
train_11253,1,1,3,0.992332935333252,0.0024597474839538336,28.5,0.992332935333252,34.5,0.005207285284996033,29.25,,,,
train_03184,2,2,3,0.979312539100647,0.0027506875339895487,27.875,0.01793673448264599,29.75,0.979312539100647,33.75,,,,
train_08137,2,2,3,0.9862913489341736,0.005175582133233547,28.25,0.008533092215657234,28.75,0.9862913489341736,33.5,,,,
train_06467,2,2,3,0.9878826141357422,0.004574804566800594,28.125,0.007542576175183058,28.625,0.9878826141357422,33.5,,,,
train_09889,1,1,3,0.9776113033294678,0.0065870932303369045,29.75,0.9776113033294678,34.75,0.01580161415040493,30.625,,,,
train_07624,1,1,3,0.9844739437103271,0.0031333649531006813,29.0,0.9844739437103271,34.75,0.012392697855830193,30.375,,,,
train_03054,2,2,3,0.9739938974380493,0.005791578907519579,28.375,0.020214596763253212,29.625,0.9739938974380493,33.5,,,,
train_05215,1,1,3,0.989291250705719,0.006665791850537062,29.75,0.989291250705719,34.75,0.004043007269501686,29.25,,,,
train_09037,0,0,3,0.9992738366127014,0.9992738366127014,34.0,0.0004304297617636621,26.25,0.0002958297554869205,25.875,,,,
train_02482,2,2,3,0.9918259382247925,0.0014911500038579106,27.5,0.006682870909571648,29.0,0.9918259382247925,34.0,,,,
train_07441,0,0,3,0.9993662238121033,0.9993662238121033,34.0,0.00043046954669989645,26.25,0.00020333941210992634,25.5,,,,
train_03031,2,2,3,0.9706328511238098,0.006540072616189718,29.0,0.02282709814608097,30.25,0.9706328511238098,34.0,,,,
train_11475,1,1,3,0.983974277973175,0.008513045497238636,30.25,0.983974277973175,35.0,0.007512735668569803,30.125,,,,
train_10715,0,0,3,0.996978759765625,0.996978759765625,33.25,0.0016984728863462806,26.875,0.0013227718882262707,26.625,,,,
train_08762,0,0,3,0.997438907623291,0.997438907623291,33.75,0.0021818887908011675,27.625,0.000379155419068411,25.875,,,,
train_02918,1,1,3,0.9923654198646545,0.0035790286492556334,29.125,0.9923654198646545,34.75,0.004055570811033249,29.25,,,,
train_01514,0,0,3,0.9984513521194458,0.9984513521194458,33.75,0.0011690662940964103,27.0,0.00037954028812237084,25.875,,,,
train_03694,1,1,3,0.9882473349571228,0.005876332987099886,29.375,0.9882473349571228,34.5,0.005876332987099886,29.375,,,,
train_07634,1,1,3,0.9897614121437073,0.006668959744274616,29.75,0.9897614121437073,34.75,0.003569636959582567,29.125,,,,
train_07626,1,1,3,0.9806221723556519,0.010893729515373707,30.0,0.9806221723556519,34.5,0.00848404411226511,29.75,,,,
train_03716,1,1,3,0.9922886490821838,0.001025329576805234,27.875,0.9922886490821838,34.75,0.006685988511890173,29.75,,,,
train_02890,2,2,3,0.994239330291748,0.0021748896688222885,28.625,0.0035857870243489742,29.125,0.994239330291748,34.75,,,,
train_11799,0,0,3,0.9960336089134216,0.9960336089134216,33.5,0.0014974758960306644,27.0,0.0024689205456525087,27.5,,,,
train_00661,0,0,3,0.9981198906898499,0.9981198906898499,33.75,0.0015006125904619694,27.25,0.00037941429764032364,25.875,,,,
train_00660,0,0,3,0.9968212842941284,0.9968212842941284,33.5,0.00247087306343019,27.5,0.0007079169154167175,26.25,,,,
train_09689,0,0,3,0.9986439347267151,0.9986439347267151,33.5,0.0008036417420953512,26.375,0.0005523343570530415,26.0,,,,
train_00910,1,1,3,0.9899874329566956,0.0075586470775306225,29.875,0.9899874329566956,34.75,0.0024539337027817965,28.75,,,,
train_04367,0,0,3,0.9975571632385254,0.9975571632385254,33.75,0.002182147465646267,27.625,0.00026062031975016,25.5,,,,
train_08723,2,2,3,0.9934773445129395,0.0024625842925161123,28.5,0.004060115199536085,29.0,0.9934773445129395,34.5,,,,
train_12095,1,1,3,0.9824768900871277,0.012367559596896172,30.125,0.9824768900871277,34.5,0.005155565682798624,29.25,,,,
train_09462,1,1,3,0.992408275604248,0.0016906865639612079,28.625,0.992408275604248,35.0,0.005901074968278408,29.875,,,,
train_09166,0,0,3,0.998588502407074,0.998588502407074,34.0,0.0010318391723558307,27.125,0.0003795924421865493,26.125,,,,
train_05838,1,1,3,0.9912236928939819,0.005201464518904686,29.5,0.9912236928939819,34.75,0.003574910806491971,29.125,,,,
train_03776,2,2,3,0.9723942875862122,0.007424321491271257,28.625,0.02018139883875847,29.625,0.9723942875862122,33.5,,,,
train_03624,2,2,3,0.9839741587638855,0.008513044565916061,29.25,0.007512735202908516,29.125,0.9839741587638855,34.0,,,,
train_05943,2,2,3,0.973451554775238,0.010814070701599121,29.25,0.01573437824845314,29.625,0.973451554775238,33.75,,,,
train_03550,0,0,3,0.9978702068328857,0.9978702068328857,33.75,0.0016999916406348348,27.375,0.0004298251587897539,26.0,,,,
train_03718,0,0,3,0.9980124235153198,0.9980124235153198,34.0,0.0015004510059952736,27.5,0.00048712515854276717,26.375,,,,
train_04740,1,1,3,0.9733693599700928,0.0006912619573995471,27.75,0.9733693599700928,35.0,0.025939414277672768,31.375,,,,
train_10314,2,2,3,0.9794298410415649,0.006599346175789833,28.5,0.01397081557661295,29.25,0.9794298410415649,33.5,,,,
train_09192,1,1,3,0.9932564496994019,0.003582242177799344,29.125,0.9932564496994019,34.75,0.0031613176688551903,29.0,,,,
train_09017,0,0,3,0.9984009861946106,0.9984009861946106,33.75,0.001169007271528244,27.0,0.00043005376937799156,26.0,,,,
train_07620,2,2,3,0.9896140694618225,0.005193017888814211,29.25,0.005193017888814211,29.25,0.9896140694618225,34.5,,,,
train_03378,2,2,3,0.9697883129119873,0.007404424715787172,28.625,0.02280723676085472,29.75,0.9697883129119873,33.5,,,,
train_04494,1,1,3,0.9867672324180603,0.0035588385071605444,29.125,0.9867672324180603,34.75,0.009673926047980785,30.125,,,,
train_09840,0,0,3,0.9927616715431213,0.9927616715431213,33.5,0.006689175497740507,28.5,0.000549080956261605,26.0,,,,
train_12165,0,0,3,0.9983806610107422,0.9983806610107422,33.25,0.0009104053024202585,26.25,0.0007090243743732572,26.0,,,,
train_04148,1,1,3,0.990066647529602,0.004046176094561815,29.5,0.990066647529602,35.0,0.005887151230126619,29.875,,,,
train_11767,2,2,3,0.9808617234230042,0.013991240411996841,29.5,0.005147089716047049,28.5,0.9808617234230042,33.75,,,,
train_05699,2,2,3,0.98875892162323,0.004578862804919481,29.125,0.0066622053273022175,29.5,0.98875892162323,34.5,,,,
train_04352,0,0,3,0.9990676045417786,0.9990676045417786,33.75,0.0003797745448537171,25.875,0.0005525686428882182,26.25,,,,
train_01695,0,0,3,0.9989004135131836,0.9989004135131836,34.0,0.0008038481464609504,26.875,0.0002957192191388458,25.875,,,,
train_12643,2,2,3,0.980177640914917,0.012338615022599697,29.375,0.007483747787773609,28.875,0.980177640914917,33.75,,,,
train_03994,1,1,3,0.9790377616882324,0.01582467183470726,30.625,0.9790377616882324,34.75,0.005137518513947725,29.5,,,,
train_00410,1,1,3,0.9943704009056091,0.0031648629810661077,29.0,0.9943704009056091,34.75,0.0024647978134453297,28.75,,,,
train_00297,2,2,3,0.9858306050300598,0.006642474327236414,29.5,0.007526909001171589,29.625,0.9858306050300598,34.5,,,,
train_05457,0,0,3,0.9986592531204224,0.9986592531204224,33.75,0.0009106593788601458,26.75,0.00043016503332182765,26.0,,,,
train_08818,0,0,3,0.9990377426147461,0.9990377426147461,34.0,0.0008039586246013641,26.875,0.00015830883057788014,25.25,,,,
train_08101,2,2,3,0.9897614121437073,0.003569636959582567,28.375,0.006668959744274616,29.0,0.9897614121437073,34.0,,,,
train_04101,0,0,3,0.9973913431167603,0.9973913431167603,33.5,0.0016991758020594716,27.125,0.0009095032000914216,26.5,,,,
train_10128,2,2,3,0.9755586981773376,0.006573263090103865,28.5,0.017867982387542725,29.5,0.9755586981773376,33.5,,,,
train_02857,1,1,3,0.983230710029602,0.0058465031906962395,29.875,0.983230710029602,35.0,0.010922707617282867,30.5,,,,
train_11596,0,0,3,0.9985381364822388,0.9985381364822388,33.5,0.001031787134706974,26.625,0.0004301128501538187,25.75,,,,
train_00051,0,0,3,0.998894989490509,0.998894989490509,33.5,0.0005524731823243201,26.0,0.0005524731823243201,26.0,,,,
train_08510,0,0,3,0.998342752456665,0.998342752456665,33.75,0.0010315851541236043,26.875,0.0006256880005821586,26.375,,,,
train_07423,0,0,3,0.9993084669113159,0.9993084669113159,34.0,0.00043044466292485595,26.25,0.0002610778610687703,25.75,,,,
train_03569,0,0,3,0.9978705644607544,0.9978705644607544,33.5,0.00192634342238307,27.25,0.00020303510245867074,25.0,,,,
train_09072,1,1,3,0.9937053322792053,0.004601769149303436,29.375,0.9937053322792053,34.75,0.001692896243184805,28.375,,,,
train_07882,2,2,3,0.9892978668212891,0.0031487185042351484,28.5,0.007553382311016321,29.375,0.9892978668212891,34.25,,,,
train_01189,1,1,3,0.984503984451294,0.004559158347547054,29.625,0.984503984451294,35.0,0.010936852544546127,30.5,,,,
train_05345,0,0,3,0.9984638690948486,0.9984638690948486,33.75,0.0009104812052100897,26.75,0.0006257639033719897,26.375,,,,
train_02557,2,2,3,0.9851720333099365,0.005169708281755447,28.75,0.009658287279307842,29.375,0.9851720333099365,34.0,,,,
train_06700,1,1,3,0.5600550770759583,0.003773621516302228,28.25,0.5600550770759583,33.25,0.4361713230609894,33.0,,,,
train_11033,2,2,3,0.9848435521125793,0.006635823752731085,29.25,0.00852056685835123,29.5,0.9848435521125793,34.25,,,,
train_08528,0,0,3,0.9981884360313416,0.9981884360313416,34.0,0.0013243769062682986,27.375,0.00048721107305027544,26.375,,,,
train_11227,0,0,3,0.9975226521492004,0.9975226521492004,34.0,0.002182072028517723,27.875,0.00029531135805882514,25.875,,,,
train_02321,2,2,3,0.994231641292572,0.0011641255114227533,27.5,0.004604206420481205,28.875,0.994231641292572,34.25,,,,
train_02413,0,0,3,0.9956364035606384,0.9956364035606384,33.5,0.004068938549607992,28.0,0.00029475291376002133,25.375,,,,
train_00425,2,2,3,0.9746571779251099,0.005114531144499779,29.0,0.020228363573551178,30.375,0.9746571779251099,34.25,,,,
train_00134,0,0,3,0.9971492886543274,0.9971492886543274,34.0,0.0024716861080378294,28.0,0.00037904531927779317,26.125,,,,
train_11741,2,2,3,0.9914060831069946,0.0019138639327138662,28.25,0.006680041551589966,29.5,0.9914060831069946,34.5,,,,
train_05560,1,1,3,0.9886693358421326,0.00855366513133049,30.0,0.9886693358421326,34.75,0.0027769687585532665,28.875,,,,
train_10278,0,0,3,0.9984959363937378,0.9984959363937378,33.75,0.0011691184481605887,27.0,0.0003349580802023411,25.75,,,,
train_00163,1,1,3,0.989291250705719,0.006665791850537062,29.75,0.989291250705719,34.75,0.004043007269501686,29.25,,,,
train_07379,1,1,3,0.9862999320030212,0.009669344872236252,30.125,0.9862999320030212,34.75,0.004030782263725996,29.25,,,,
train_00846,0,0,3,0.9986020922660828,0.9986020922660828,33.5,0.0009106072247959673,26.5,0.0004874129663221538,25.875,,,,
train_00427,1,1,3,0.9939515590667725,0.002463759621605277,28.75,0.9939515590667725,34.75,0.0035847490653395653,29.125,,,,
train_03679,0,0,3,0.9959220886230469,0.9959220886230469,33.75,0.003591855987906456,28.125,0.00048610486555844545,26.125,,,,
train_10766,0,0,3,0.9988865256309509,0.9988865256309509,33.5,0.0006260288064368069,26.125,0.0004875517915934324,25.875,,,,
train_01603,1,1,3,0.9940441250801086,0.0031638245563954115,29.25,0.9940441250801086,35.0,0.0027920654974877834,29.125,,,,
train_11962,2,2,3,0.9704707860946655,0.013843022286891937,29.0,0.015686199069023132,29.125,0.9704707860946655,33.25,,,,
train_02609,0,0,3,0.9955019354820251,0.9955019354820251,33.75,0.0035903407260775566,28.125,0.000907780253328383,26.75,,,,
train_02831,2,2,3,0.9864277243614197,0.0011549880728125572,27.25,0.012417292222380638,29.625,0.9864277243614197,34.0,,,,
train_01680,1,1,3,0.9862913489341736,0.005175582133233547,29.5,0.9862913489341736,34.75,0.008533092215657234,30.0,,,,
train_02695,0,0,3,0.9967709183692932,0.9967709183692932,33.5,0.002799724694341421,27.625,0.00042935163946822286,25.75,,,,
train_07898,2,2,3,0.9909536838531494,0.00315398839302361,28.25,0.005892425775527954,28.875,0.9909536838531494,34.0,,,,
train_03713,0,0,3,0.9985371828079224,0.9985371828079224,33.5,0.0009105480276048183,26.5,0.0005522752762772143,26.0,,,,
train_02605,0,0,3,0.9994606375694275,0.9994606375694275,34.25,0.0004305102047510445,26.5,0.00010885003575822338,25.125,,,,
train_10655,0,0,3,0.9984513521194458,0.9984513521194458,33.75,0.0011690662940964103,27.0,0.00037954028812237084,25.875,,,,
train_04158,1,1,3,0.9918298125267029,0.003577096853405237,29.375,0.9918298125267029,35.0,0.004593083634972572,29.625,,,,
train_06726,1,1,3,0.9746571779251099,0.005114531144499779,28.5,0.9746571779251099,33.75,0.020228363573551178,29.875,,,,
train_01501,1,1,3,0.9902182221412659,0.004585620481520891,29.375,0.9902182221412659,34.75,0.005196188576519489,29.5,,,,
train_05474,1,1,2,0.9959298968315125,0.004070138093084097,29.5,0.9959298968315125,35.0,,,,,,
train_12550,0,0,2,0.9669140577316284,0.9669140577316284,34.75,0.03308597952127457,31.375,,,,,,
train_05107,0,0,3,0.9989098310470581,0.9989098310470581,34.0,0.0009108878439292312,27.0,0.00017936444783117622,25.375,,,,
train_00268,2,2,3,0.9851720333099365,0.005169708281755447,28.25,0.009658287279307842,28.875,0.9851720333099365,33.5,,,,
train_01585,0,0,3,0.998342752456665,0.998342752456665,33.75,0.0010315851541236043,26.875,0.0006256880005821586,26.375,,,,
train_02210,2,2,3,0.9888833165168762,0.0035664699971675873,27.875,0.007550216745585203,28.625,0.9888833165168762,33.5,,,,
train_09160,1,1,3,0.9946584105491638,0.0021758065558969975,28.625,0.9946584105491638,34.75,0.0031657798681408167,29.0,,,,
train_01773,2,2,3,0.9934773445129395,0.0024625842925161123,28.5,0.004060115199536085,29.0,0.9934773445129395,34.5,,,,
train_12407,0,0,3,0.9976751208305359,0.9976751208305359,34.0,0.0016996592748910189,27.625,0.0006252696039155126,26.625,,,,
train_01549,1,1,3,0.9888833165168762,0.0035664699971675873,29.875,0.9888833165168762,35.5,0.007550216745585203,30.625,,,,
train_00899,2,2,3,0.9922468662261963,0.0031581043731421232,28.5,0.004595015197992325,28.875,0.9922468662261963,34.25,,,,
train_00580,0,0,3,0.6460855603218079,0.6460855603218079,31.75,0.1441611796617508,30.25,0.20975326001644135,30.625,,,,
train_06505,1,1,3,0.8059742450714111,0.0849490538239479,31.0,0.8059742450714111,33.25,0.10907674580812454,31.25,,,,
train_07737,2,2,3,0.785597026348114,0.03911257162690163,29.75,0.17529039084911346,31.25,0.785597026348114,32.75,,,,
train_03416,1,1,3,0.984503984451294,0.004559158347547054,30.125,0.984503984451294,35.5,0.010936852544546127,31.0,,,,
train_04160,2,2,3,0.985612154006958,0.005860663950443268,29.125,0.00852721557021141,29.5,0.985612154006958,34.25,,,,
train_10721,2,2,3,0.9323317408561707,0.008066250011324883,30.0,0.05960197001695633,32.0,0.9323317408561707,34.75,,,,
train_10329,2,2,3,0.9413607716560364,0.03650051727890968,31.0,0.0221386831253767,30.5,0.9413607716560364,34.25,,,,
train_10340,1,1,3,0.9968031644821167,0.0016981738153845072,29.375,0.9968031644821167,35.75,0.0014986329479143023,29.25,,,,
train_03456,0,0,3,0.998588502407074,0.998588502407074,34.0,0.0010318391723558307,27.125,0.0003795924421865493,26.125,,,,
train_12590,2,2,3,0.9776113033294678,0.0065870932303369045,29.25,0.01580161415040493,30.125,0.9776113033294678,34.25,,,,
train_00312,2,2,3,0.989291250705719,0.004043007269501686,29.0,0.006665791850537062,29.5,0.989291250705719,34.5,,,,
train_02595,2,2,4,0.9235358238220215,0.0015733541222289205,28.125,0.007990150712430477,29.75,0.9235358238220215,34.5,0.06690071523189545,31.875,,
train_06006,2,2,4,0.9582611918449402,0.001632512896321714,28.375,0.007316414266824722,29.875,0.9582611918449402,34.75,0.032789893448352814,31.375,,
train_03802,0,0,4,0.9837878942489624,0.9837878942489624,35.0,0.012384062632918358,30.625,0.00167600077111274,28.625,0.002152027329429984,28.875,,
train_11847,1,1,4,0.9938251972198486,0.0016931004356592894,29.125,0.9938251972198486,35.5,0.003163127927109599,29.75,0.0013185878051444888,28.875,,
train_06188,0,0,3,0.9989004135131836,0.9989004135131836,34.0,0.0008038481464609504,26.875,0.0002957192191388458,25.875,,,,
train_02587,0,0,3,0.9984160661697388,0.9984160661697388,34.0,0.0010316609404981136,27.125,0.0005522083374671638,26.5,,,,
train_00392,1,1,3,0.9902182221412659,0.004585620481520891,29.875,0.9902182221412659,35.25,0.005196188576519489,30.0,,,,
train_01097,1,1,3,0.9931516647338867,0.002789558842778206,29.625,0.9931516647338867,35.5,0.004058783873915672,30.0,,,,
train_00793,1,1,3,0.9944137334823608,0.002793103689327836,29.625,0.9944137334823608,35.5,0.002793103689327836,29.625,,,,
train_10525,0,0,2,0.9980732202529907,0.9980732202529907,34.5,0.0019267346942797303,28.25,,,,,,
train_05254,0,0,3,0.9600770473480225,0.9600770473480225,34.25,0.037226226180791855,31.0,0.0026966589502990246,28.375,,,,
train_02835,2,2,3,0.9806221723556519,0.00848404411226511,29.5,0.010893729515373707,29.75,0.9806221723556519,34.25,,,,
train_03947,0,0,3,0.998633086681366,0.998633086681366,34.0,0.0010318852728232741,27.125,0.0003350040933582932,26.0,,,,
train_03699,2,2,3,0.9934813976287842,0.0019178702495992184,28.5,0.004600731655955315,29.375,0.9934813976287842,34.75,,,,
train_00168,1,1,3,0.997133731842041,0.001698736916296184,29.125,0.997133731842041,35.5,0.0011675235582515597,28.75,,,,
train_09470,1,1,3,0.9889301657676697,0.005880393553525209,30.375,0.9889301657676697,35.5,0.00518942903727293,30.25,,,,
train_06488,2,2,3,0.9828601479530334,0.007504229433834553,29.125,0.009635622613132,29.375,0.9828601479530334,34.0,,,,
train_01839,2,2,3,0.98875892162323,0.004578862804919481,28.875,0.0066622053273022175,29.25,0.98875892162323,34.25,,,,
train_07403,2,2,3,0.9896140694618225,0.005193017888814211,29.0,0.005193017888814211,29.0,0.9896140694618225,34.25,,,,
train_00724,0,0,3,0.9982789754867554,0.9982789754867554,34.0,0.0011688644299283624,27.25,0.0005521324928849936,26.5,,,,
train_05133,0,0,3,0.9988865256309509,0.9988865256309509,34.0,0.0006260288064368069,26.625,0.0004875517915934324,26.375,,,,
train_06851,0,0,3,0.9993391633033752,0.9993391633033752,34.5,0.00043045790516771376,26.75,0.00023040750238578767,26.125,,,,
train_07351,0,0,3,0.9340677857398987,0.9340677857398987,32.75,0.041040077805519104,29.625,0.024892063811421394,29.125,,,,
train_07330,0,0,3,0.998050332069397,0.998050332069397,34.0,0.001324193668551743,27.375,0.000625504762865603,26.625,,,,
train_12320,0,0,2,0.9978172779083252,0.9978172779083252,34.25,0.002182716503739357,28.125,,,,,,
train_07668,0,0,3,0.998588502407074,0.998588502407074,33.75,0.0010318391723558307,26.875,0.0003795924421865493,25.875,,,,
train_07336,2,2,3,0.989291250705719,0.004043007269501686,28.75,0.006665791850537062,29.25,0.989291250705719,34.25,,,,
train_11464,0,0,3,0.9982455968856812,0.9982455968856812,34.0,0.001324452692642808,27.375,0.00042998683056794107,26.25,,,,
train_09694,0,0,3,0.9987096786499023,0.9987096786499023,34.25,0.0009107053629122674,27.25,0.00037963848444633186,26.375,,,,
train_12611,2,2,3,0.9913210272789001,0.002784417010843754,28.625,0.005894610192626715,29.375,0.9913210272789001,34.5,,,,
train_01198,2,2,3,0.9851720333099365,0.005169708281755447,28.75,0.009658287279307842,29.375,0.9851720333099365,34.0,,,,
train_09770,2,2,3,0.9956101775169373,0.002467870945110917,28.5,0.001921979826875031,28.25,0.9956101775169373,34.5,,,,
train_09263,3,3,4,0.9790578484535217,0.008470510132610798,29.75,0.004001185763627291,29.0,0.008470510132610798,29.75,0.9790578484535217,34.5,,
train_07419,1,1,3,0.9796292185783386,0.004536583553999662,30.125,0.9796292185783386,35.5,0.015834230929613113,31.375,,,,
train_11507,2,2,3,0.9934773445129395,0.0024625842925161123,28.5,0.004060115199536085,29.0,0.9934773445129395,34.5,,,,
train_08187,1,1,3,0.9965002536773682,0.002470077248290181,29.5,0.9965002536773682,35.5,0.0010296814143657684,28.625,,,,
train_01508,0,0,3,0.9980282187461853,0.9980282187461853,34.0,0.0011685708304867148,27.25,0.0008031462784856558,26.875,,,,
train_09707,2,2,3,0.9738498330116272,0.013891221024096012,30.0,0.01225895993411541,29.875,0.9738498330116272,34.25,,,,
train_02973,1,1,4,0.9712430834770203,0.0035028494894504547,29.375,0.9712430834770203,35.0,0.020157506689429283,31.125,0.005096615757793188,29.75,,
train_04169,0,0,3,0.9988032579421997,0.9988032579421997,34.25,0.000709324493072927,27.0,0.0004875111626461148,26.625,,,,
train_01160,2,2,3,0.9237741231918335,0.00039790882146917284,26.25,0.07582799345254898,31.5,0.9237741231918335,34.0,,,,
train_07794,0,0,3,0.9854394793510437,0.9854394793510437,33.75,0.0124048525467515,29.375,0.002155640162527561,27.625,,,,
train_06392,0,0,3,0.9909536838531494,0.9909536838531494,33.5,0.005892425775527954,28.375,0.00315398839302361,27.75,,,,
train_04667,1,1,2,0.9046505093574524,0.09534946084022522,31.0,0.9046505093574524,33.25,,,,,,
train_06646,0,0,4,0.9942177534103394,0.9942177534103394,34.5,0.0046041421592235565,29.125,0.0003779309627134353,26.625,0.0008000798407010734,27.375,,
train_05413,1,1,3,0.9169458150863647,0.05861838161945343,31.25,0.9169458150863647,34.0,0.024435777217149734,30.375,,,,
train_07936,0,0,3,0.9875446557998657,0.9875446557998657,33.75,0.009681547060608864,29.125,0.002773809712380171,27.875,,,,
train_05982,2,2,3,0.9752546548843384,0.013911260291934013,29.75,0.01083410158753395,29.5,0.9752546548843384,34.0,,,,
train_05696,2,2,3,0.9747056365013123,0.007441968657076359,29.375,0.017852356657385826,30.25,0.9747056365013123,34.25,,,,
train_02564,1,1,3,0.9947403073310852,0.0027940208092331886,29.625,0.9947403073310852,35.5,0.0024657147005200386,29.5,,,,
train_12043,2,2,3,0.9902182221412659,0.004585620481520891,28.875,0.005196188576519489,29.0,0.9902182221412659,34.25,,,,
train_05037,1,1,3,0.9888833165168762,0.0035664699971675873,28.625,0.9888833165168762,34.25,0.007550216745585203,29.375,,,,
train_06192,1,1,3,0.966670036315918,0.017705179750919342,30.5,0.966670036315918,34.5,0.015624766238033772,30.375,,,,
train_06752,2,2,3,0.9511468410491943,0.01197317149490118,29.125,0.03687996417284012,30.25,0.9511468410491943,33.5,,,,
train_08273,2,1,3,0.5538785457611084,0.014760362915694714,29.125,0.5538785457611084,32.75,0.43136104941368103,32.5,,,,
train_06979,0,0,3,0.9978131055831909,0.9978131055831909,33.75,0.0016998943174257874,27.375,0.0004870278644375503,26.125,,,,
train_07034,0,0,3,0.9130832552909851,0.9130832552909851,33.25,0.03540407866239548,30.0,0.05151263251900673,30.375,,,,
train_11891,0,0,3,0.5922008156776428,0.5922008156776428,31.625,0.0908169373869896,29.75,0.3169822692871094,31.0,,,,
train_11703,1,1,2,0.9796676635742188,0.020332353189587593,30.625,0.9796676635742188,34.5,,,,,,
train_11913,3,3,4,0.9960028529167175,0.0009082370670512319,28.25,0.001922737923450768,29.0,0.0011661994503811002,28.5,0.9960028529167175,35.25,,
train_11709,2,2,3,0.9889302849769592,0.005189429968595505,29.0,0.005880394019186497,29.125,0.9889302849769592,34.25,,,,
train_11430,1,1,4,0.9976266026496887,0.001323631382547319,28.125,0.9976266026496887,34.75,0.0010308452183380723,27.875,1.8880587958847173e-05,23.875,,
train_12545,0,0,4,0.9926055669784546,0.9926055669784546,34.25,0.006688123568892479,29.25,0.0005489946343004704,26.75,0.00015728958533145487,25.5,,
train_11719,3,3,4,0.9951950907707214,0.0007067620754241943,28.0,0.0019211785402148962,29.0,0.0021769804880023003,29.125,0.9951950907707214,35.25,,
train_01859,2,2,4,0.9946078062057495,0.000906964938621968,28.0,0.003165618749335408,29.25,0.9946078062057495,35.0,0.001319626229815185,28.375,,
train_01610,0,0,4,0.9946877956390381,0.9946877956390381,34.0,0.0035874044988304377,28.375,0.0014954525977373123,27.5,0.00022933508444111794,25.625,,
train_05578,0,0,4,0.9934687614440918,0.9934687614440918,34.25,0.0059073809534311295,29.125,0.0004849074175581336,26.625,0.0001389282988384366,25.375,,
train_05808,1,1,2,0.9964063763618469,0.0035936026833951473,29.875,0.9964063763618469,35.5,,,,,,
train_08475,0,0,3,0.6673668026924133,0.6673668026924133,32.25,0.21666228771209717,31.125,0.11597095429897308,30.5,,,,
train_10297,2,2,3,0.8899053931236267,0.016299186274409294,30.25,0.09379533678293228,32.0,0.8899053931236267,34.25,,,,
train_06171,0,0,3,0.9906320571899414,0.9906320571899414,34.0,0.008570646867156029,29.25,0.0007971943123266101,26.875,,,,
train_09269,1,1,3,0.9956101775169373,0.001921979826875031,29.25,0.9956101775169373,35.5,0.002467870945110917,29.5,,,,
train_02819,2,2,3,0.9854978322982788,0.0035542603582143784,28.375,0.010947893373668194,29.5,0.9854978322982788,34.0,,,,
train_00778,1,1,3,0.9378929138183594,0.05291229858994484,31.125,0.9378929138183594,34.0,0.009194779209792614,29.375,,,,
train_07812,2,2,3,0.8605967164039612,0.02293412573635578,29.625,0.11646910011768341,31.25,0.8605967164039612,33.25,,,,
train_01559,0,0,2,0.9820137619972229,0.9820137619972229,34.5,0.01798621006309986,30.5,,,,,,
train_04258,1,1,2,0.9978172779083252,0.002182716503739357,28.625,0.9978172779083252,34.75,,,,,,
train_04927,2,2,3,0.9966493248939514,0.0005512311472557485,27.75,0.002799383131787181,29.375,0.9966493248939514,35.25,,,,
train_00093,2,2,4,0.9841820597648621,0.004022127483040094,29.25,0.006631366442888975,29.75,0.9841820597648621,34.75,0.005164513364434242,29.5,,
train_09888,1,1,2,0.9959298968315125,0.004070138093084097,29.5,0.9959298968315125,35.0,,,,,,
train_07666,3,3,4,0.9690829515457153,0.015663767233490944,30.625,0.004487744998186827,29.375,0.010765540413558483,30.25,0.9690829515457153,34.75,,
train_00504,0,0,3,0.6984179615974426,0.6984179615974426,32.5,0.25693362951278687,31.5,0.044648364186286926,29.75,,,,
train_06483,1,1,3,0.989291250705719,0.006665791850537062,30.0,0.989291250705719,35.0,0.004043007269501686,29.5,,,,
train_11566,1,1,3,0.9195862412452698,0.02162659540772438,30.0,0.9195862412452698,33.75,0.05878717824816704,31.0,,,,
train_10944,1,1,2,0.9796676635742188,0.020332353189587593,31.125,0.9796676635742188,35.0,,,,,,
train_08982,1,1,3,0.9928258657455444,0.0004845936200581491,26.875,0.9928258657455444,34.5,0.006689608097076416,29.5,,,,
train_06056,0,0,2,0.9324532747268677,0.9324532747268677,33.75,0.06754669547080994,31.125,,,,,,
train_02480,2,2,3,0.8978524208068848,0.018634332343935966,30.375,0.0835132822394371,31.875,0.8978524208068848,34.25,,,,
train_02394,0,0,3,0.8279687166213989,0.8279687166213989,32.75,0.11205337941646576,30.75,0.059977855533361435,30.125,,,,
train_03916,2,2,3,0.785597026348114,0.03911257162690163,31.0,0.17529039084911346,32.5,0.785597026348114,34.0,,,,
train_04031,0,0,3,0.743022620677948,0.743022620677948,32.5,0.18786554038524628,31.125,0.06911186873912811,30.125,,,,
train_05093,1,1,3,0.9824659824371338,0.010914212092757225,29.5,0.9824659824371338,34.0,0.006619803607463837,29.0,,,,
train_05894,0,0,3,0.675315260887146,0.675315260887146,32.75,0.04317145794630051,30.0,0.2815132737159729,31.875,,,,
train_11691,0,0,2,0.9964063763618469,0.9964063763618469,34.25,0.0035936026833951473,28.625,,,,,,
train_00045,1,1,2,0.9968273043632507,0.0031726830638945103,29.0,0.9968273043632507,34.75,,,,,,
train_01372,1,1,2,0.9959298968315125,0.004070138093084097,29.25,0.9959298968315125,34.75,,,,,,
train_02498,0,0,3,0.9760372638702393,0.9760372638702393,34.25,0.022954197600483894,30.5,0.001008537015877664,27.375,,,,
train_12100,2,2,3,0.68967205286026,0.05661172792315483,30.5,0.25371620059013367,32.0,0.68967205286026,33.0,,,,
train_00237,0,0,3,0.7742252349853516,0.7742252349853516,32.5,0.03001996874809265,29.25,0.1957547962665558,31.125,,,,
train_09516,2,2,3,0.9598281383514404,0.007328377570956945,29.375,0.032843511551618576,30.875,0.9598281383514404,34.25,,,,
train_09585,1,1,3,0.8448960781097412,0.008283070288598537,29.875,0.8448960781097412,34.5,0.14682090282440186,32.75,,,,
train_08104,2,2,3,0.9805660247802734,0.001474221353419125,27.75,0.01795969344675541,30.25,0.9805660247802734,34.25,,,,
train_01682,1,1,2,0.9924227595329285,0.007577240467071533,29.875,0.9924227595329285,34.75,,,,,,
train_05495,2,2,3,0.9864277243614197,0.0011549880728125572,28.25,0.012417292222380638,30.625,0.9864277243614197,35.0,,,,
train_07019,1,1,3,0.9888193011283875,0.0014866295969113708,28.25,0.9888193011283875,34.75,0.009694043546915054,30.125,,,,
train_03349,2,2,3,0.9710322618484497,0.0030905830208212137,28.5,0.025877133011817932,30.625,0.9710322618484497,34.25,,,,
train_05436,2,2,3,0.9098445177078247,0.02424653433263302,30.625,0.06590891629457474,31.625,0.9098445177078247,34.25,,,,
train_06934,2,2,3,0.9720391035079956,0.005100793205201626,28.5,0.022860169410705566,30.0,0.9720391035079956,33.75,,,,
train_07135,2,2,3,0.6460855603218079,0.1441611796617508,31.25,0.20975326001644135,31.625,0.6460855603218079,32.75,,,,
train_09903,2,2,3,0.9683578610420227,0.0024003193248063326,28.75,0.02924187295138836,31.25,0.9683578610420227,34.75,,,,
train_02144,2,2,3,0.9613866209983826,0.005716613493859768,28.875,0.03289684280753136,30.625,0.9613866209983826,34.0,,,,
train_07819,2,2,3,0.8649848103523254,0.01795218698680401,30.125,0.11706296354532242,32.0,0.8649848103523254,34.0,,,,
train_07860,2,2,3,0.941917896270752,0.004942731466144323,28.5,0.053139377385377884,30.875,0.941917896270752,33.75,,,,
train_07095,2,2,3,0.5254471898078918,0.28125160932540894,30.75,0.1933012306690216,30.375,0.5254471898078918,31.375,,,,
train_09257,1,1,3,0.9615374803543091,0.009426582604646683,30.875,0.9615374803543091,35.5,0.029035916551947594,32.0,,,,
train_12197,3,3,4,0.9883959293365479,0.005877216812223196,29.625,0.002162107266485691,28.625,0.0035647123586386442,29.125,0.9883959293365479,34.75,,
train_06475,1,1,3,0.986877977848053,0.0021587868686765432,28.875,0.986877977848053,35.0,0.010963224805891514,30.5,,,,
train_07031,1,1,3,0.9814807772636414,0.0005428416770882905,27.0,0.9814807772636414,34.5,0.01797644793987274,30.5,,,,
train_03510,2,2,3,0.9216352701187134,0.011601676233112812,29.625,0.06676303595304489,31.375,0.9216352701187134,34.0,,,,
train_08981,2,2,3,0.9249910712242126,0.00800274033099413,29.5,0.06700613349676132,31.625,0.9249910712242126,34.25,,,,
train_06391,1,1,3,0.9866798520088196,0.0008997355471365154,28.25,0.9866798520088196,35.25,0.012420466169714928,30.875,,,,
train_07790,1,1,2,0.9968273043632507,0.0031726830638945103,29.0,0.9968273043632507,34.75,,,,,,
train_08515,1,1,2,0.9940890073776245,0.005911068990826607,29.875,0.9940890073776245,35.0,,,,,,
train_00708,1,1,3,0.9908231496810913,0.0045884218998253345,29.875,0.9908231496810913,35.25,0.0045884218998253345,29.875,,,,
train_09555,1,1,3,0.9878826141357422,0.004574804566800594,29.375,0.9878826141357422,34.75,0.007542576175183058,29.875,,,,
train_00739,0,0,3,0.7545579075813293,0.7545579075813293,32.25,0.1907821148633957,30.875,0.05465999245643616,29.625,,,,
train_05874,2,2,3,0.9219290018081665,0.019134026020765305,29.875,0.0589369460940361,31.0,0.9219290018081665,33.75,,,,
train_06194,2,2,3,0.9829609990119934,0.0011509290197864175,27.75,0.015888085588812828,30.375,0.9829609990119934,34.5,,,,
train_01391,2,2,3,0.9922468662261963,0.004595015197992325,29.125,0.0031581043731421232,28.75,0.9922468662261963,34.5,,,,
train_12518,0,0,2,0.9947799444198608,0.9947799444198608,34.0,0.005220125894993544,28.75,,,,,,
train_10267,0,0,3,0.9958989024162292,0.9958989024162292,34.75,0.0021785201970487833,28.625,0.0019225372234359384,28.5,,,,
train_05113,2,0,3,0.3891374468803406,0.3891374468803406,32.0,0.2674500048160553,31.625,0.3434125781059265,31.875,,,,
train_09601,0,0,3,0.9928258657455444,0.9928258657455444,34.0,0.006689608097076416,29.0,0.0004845936200581491,26.375,,,,
train_11724,2,2,3,0.9916402101516724,0.0052036503329873085,28.75,0.0031561735086143017,28.25,0.9916402101516724,34.0,,,,
train_01809,1,1,3,0.9190912842750549,0.00546511635184288,29.625,0.9190912842750549,34.75,0.07544361054897308,32.25,,,,
train_04977,2,2,3,0.8966978192329407,0.00879091676324606,29.625,0.0945112481713295,32.0,0.8966978192329407,34.25,,,,
train_08497,1,1,4,0.9741417169570923,0.0016595672350376844,28.875,0.9741417169570923,35.25,0.020217666402459145,31.375,0.003981094807386398,29.75,,
train_12061,0,0,3,0.9986724853515625,0.9986724853515625,34.0,0.0010319259017705917,27.125,0.00029565172735601664,25.875,,,,
train_09176,2,2,3,0.9561440944671631,0.0018457924015820026,28.25,0.04201004281640053,31.375,0.9561440944671631,34.5,,,,
train_09673,2,2,3,0.9880033731460571,0.0010209014872089028,27.375,0.010975726880133152,29.75,0.9880033731460571,34.25,,,,
train_01951,0,0,3,0.9940187931060791,0.9940187931060791,35.0,0.004062327556312084,29.5,0.00191890774294734,28.75,,,,
train_04663,0,0,3,0.9985352754592896,0.9985352754592896,34.25,0.0011691645486280322,27.5,0.0002956111275125295,26.125,,,,
train_10374,2,2,3,0.9946584105491638,0.0021758065558969975,27.875,0.0031657798681408167,28.25,0.9946584105491638,34.0,,,,
train_07576,2,2,3,0.991357684135437,0.0045908973552286625,29.125,0.004051452502608299,29.0,0.991357684135437,34.5,,,,
train_08971,1,1,3,0.9908231496810913,0.0045884218998253345,29.875,0.9908231496810913,35.25,0.0045884218998253345,29.875,,,,
train_04900,0,0,3,0.9936069250106812,0.9936069250106812,34.0,0.00590820237994194,28.875,0.00048497485113330185,26.375,,,,
train_04588,0,0,2,0.9840936064720154,0.9840936064720154,34.0,0.01590639166533947,29.875,,,,,,
train_10442,1,1,2,0.9626730680465698,0.037326883524656296,31.5,0.9626730680465698,34.75,,,,,,
train_03691,2,2,3,0.9810209274291992,0.0031223746482282877,28.25,0.015856726095080376,29.875,0.9810209274291992,34.0,,,,
train_07348,1,1,3,0.9755895733833313,0.0014667395735159516,28.75,0.9755895733833313,35.25,0.022943668067455292,31.5,,,,
train_06469,1,1,3,0.9874747395515442,0.006653552409261465,29.0,0.9874747395515442,34.0,0.005871739238500595,28.875,,,,
train_04080,0,0,3,0.9968212842941284,0.9968212842941284,33.75,0.00247087306343019,27.75,0.0007079169154167175,26.5,,,,
train_08924,1,1,3,0.9956101775169373,0.001921979826875031,28.75,0.9956101775169373,35.0,0.002467870945110917,29.0,,,,
train_01697,0,0,4,0.9917094111442566,0.9917094111442566,34.5,0.0066820853389799595,29.5,0.0009043219033628702,27.5,0.0007042866200208664,27.25,,
train_00780,0,0,3,0.9808617234230042,0.9808617234230042,33.5,0.013991240411996841,29.25,0.005147089716047049,28.25,,,,
train_10518,0,0,3,0.9911535382270813,0.9911535382270813,34.0,0.006678340025246143,29.0,0.002168139675632119,27.875,,,,
train_07933,2,2,3,0.9907249808311462,0.0007035874878056347,26.75,0.008571450598537922,29.25,0.9907249808311462,34.0,,,,
train_09452,0,0,3,0.9978006482124329,0.9978006482124329,35.0,0.0011683044722303748,28.25,0.001031025080010295,28.125,,,,
train_09881,2,2,3,0.9872812628746033,0.0075379847548902035,29.125,0.005180776584893465,28.75,0.9872812628746033,34.0,,,,
train_00319,2,2,3,0.9923330545425415,0.0024597477167844772,28.75,0.00520728575065732,29.5,0.9923330545425415,34.75,,,,
train_12708,2,2,3,0.9848435521125793,0.00852056685835123,29.0,0.006635823752731085,28.75,0.9848435521125793,33.75,,,,
train_12504,2,2,3,0.9902182221412659,0.005196188576519489,29.0,0.004585620481520891,28.875,0.9902182221412659,34.25,,,,
train_08365,1,1,3,0.9967139959335327,0.00048649139353074133,27.625,0.9967139959335327,35.25,0.002799564739689231,29.375,,,,
train_12081,2,2,3,0.9945936799049377,0.0008003824041225016,27.625,0.004605882801115513,29.375,0.9945936799049377,34.75,,,,
train_01716,0,0,4,0.9964879751205444,0.9964879751205444,34.75,0.0024700467474758625,28.75,0.00033428447204642,26.75,0.0007076802430674434,27.5,,
train_02960,0,0,3,0.9984513521194458,0.9984513521194458,34.0,0.0011690662940964103,27.25,0.00037954028812237084,26.125,,,,
train_09603,2,2,3,0.9895336031913757,0.005883981939405203,29.375,0.0045824502594769,29.125,0.9895336031913757,34.5,,,,
train_10382,1,1,2,0.9399133324623108,0.06008664518594742,32.0,0.9399133324623108,34.75,,,,,,
train_12006,2,2,3,0.9929405450820923,0.0024612536653876305,28.75,0.004598227329552174,29.375,0.9929405450820923,34.75,,,,
train_06574,1,1,3,0.9692732095718384,0.001457243342883885,28.5,0.9692732095718384,35.0,0.029269514605402946,31.5,,,,
train_09272,2,2,3,0.9919319748878479,0.00216984236612916,28.375,0.005898242816329002,29.375,0.9919319748878479,34.5,,,,
train_09233,0,0,3,0.9986592531204224,0.9986592531204224,34.0,0.0009106593788601458,27.0,0.00043016503332182765,26.25,,,,
train_10739,0,0,3,0.9985371828079224,0.9985371828079224,33.75,0.0009105480276048183,26.75,0.0005522752762772143,26.25,,,,
train_07633,0,0,3,0.9990872144699097,0.9990872144699097,34.25,0.0007095261244103312,27.0,0.00020328264508862048,25.75,,,,
train_08991,0,0,3,0.9989437460899353,0.9989437460899353,33.75,0.0006260646623559296,26.375,0.0004302875604480505,26.0,,,,
train_12278,2,2,3,0.9902182221412659,0.004585620481520891,28.375,0.005196188576519489,28.5,0.9902182221412659,33.75,,,,
train_11760,1,1,3,0.991357684135437,0.0045908973552286625,29.625,0.991357684135437,35.0,0.004051452502608299,29.5,,,,
train_06105,0,0,3,0.9989657402038574,0.9989657402038574,34.25,0.0008039007079787552,27.125,0.00023032139870338142,25.875,,,,
train_02848,2,2,3,0.9895336031913757,0.005883981939405203,29.375,0.0045824502594769,29.125,0.9895336031913757,34.5,,,,
train_08271,0,0,3,0.9982455968856812,0.9982455968856812,33.75,0.001324452692642808,27.125,0.00042998683056794107,26.0,,,,
train_06931,0,0,3,0.9977912902832031,0.9977912902832031,34.0,0.0015001185238361359,27.5,0.0007086058030836284,26.75,,,,
train_10532,2,2,3,0.9914060831069946,0.0010244175791740417,27.375,0.0075694783590734005,29.375,0.9914060831069946,34.25,,,,
train_12546,2,2,3,0.9958350658416748,0.002468428574502468,28.0,0.001696524559520185,27.625,0.9958350658416748,34.0,,,,
train_07045,1,1,3,0.9930689334869385,0.0010261357529088855,28.625,0.9930689334869385,35.5,0.005905003286898136,30.375,,,,
train_09587,2,2,3,0.9949127435684204,0.0019206334836781025,28.25,0.003166589420288801,28.75,0.9949127435684204,34.5,,,,
train_00105,0,0,3,0.9988282322883606,0.9988282322883606,34.0,0.0009108134545385838,27.0,0.0002609523944556713,25.75,,,,
train_09547,0,0,3,0.9978729486465454,0.9978729486465454,34.0,0.001323958276771009,27.375,0.0008030213066376746,26.875,,,,
train_11441,2,2,3,0.9902182221412659,0.004585620481520891,28.375,0.005196188576519489,28.5,0.9902182221412659,33.75,,,,
train_09969,0,0,4,0.7715319991111755,0.7715319991111755,33.25,0.1721520572900772,31.75,0.029915541410446167,30.0,0.0264003723859787,29.875,,
train_04026,2,2,4,0.9524099826812744,0.009337099269032478,29.625,0.03258967772126198,30.875,0.9524099826812744,34.25,0.005663236603140831,29.125,,
train_08486,2,2,3,0.9848435521125793,0.006635823752731085,29.25,0.00852056685835123,29.5,0.9848435521125793,34.25,,,,
train_09717,2,2,3,0.9963994026184082,0.0008018355001695454,28.125,0.0027986811473965645,29.375,0.9963994026184082,35.25,,,,
train_02516,1,1,2,0.9924227595329285,0.007577240467071533,30.375,0.9924227595329285,35.25,,,,,,
train_08813,0,0,2,0.9740425944328308,0.9740425944328308,34.25,0.02595735713839531,30.625,,,,,,
train_08923,0,1,2,0.9046505093574524,0.09534946084022522,32.25,0.9046505093574524,34.5,,,,,,
train_04430,0,0,3,0.9977912902832031,0.9977912902832031,34.0,0.0015001185238361359,27.5,0.0007086058030836284,26.75,,,,
train_06954,2,2,3,0.9900667667388916,0.004046176560223103,28.5,0.005887152161449194,28.875,0.9900667667388916,34.0,,,,
train_08630,2,2,4,0.9887048602104187,0.0031468309462070465,29.0,0.0066618407145142555,29.75,0.9887048602104187,34.75,0.0014864575350657105,28.25,,
train_12556,3,3,4,0.982453465461731,0.005155442748218775,29.75,0.0027595097199082375,29.125,0.009631635621190071,30.375,0.982453465461731,35.0,,
train_05647,0,0,3,0.9987542629241943,0.9987542629241943,33.75,0.000910745991859585,26.75,0.0003350447223056108,25.75,,,,
train_01915,0,0,3,0.9988604784011841,0.9988604784011841,33.75,0.0007093651220202446,26.5,0.0004302517045289278,26.0,,,,
train_04903,0,0,3,0.9984959363937378,0.9984959363937378,33.75,0.0011691184481605887,27.0,0.0003349580802023411,25.75,,,,
train_06641,2,2,3,0.9881565570831299,0.006658146157860756,29.0,0.005185369402170181,28.75,0.9881565570831299,34.0,,,,
train_02354,1,1,3,0.9636157155036926,0.010704804211854935,29.25,0.9636157155036926,33.75,0.025679487735033035,30.125,,,,
train_11494,1,1,3,0.9961538910865784,0.0019230294274166226,28.0,0.9961538910865784,34.25,0.0019230294274166226,28.0,,,,
train_10702,0,0,3,0.9918782711029053,0.9918782711029053,33.75,0.007573083508759737,28.875,0.0005485923611558974,26.25,,,,
train_00973,0,0,3,0.9989941716194153,0.9989941716194153,33.75,0.0006260962691158056,26.375,0.0003797466342803091,25.875,,,,
train_08175,2,2,3,0.9900667667388916,0.004046176560223103,29.0,0.005887152161449194,29.375,0.9900667667388916,34.5,,,,
train_10754,2,2,3,0.9943704009056091,0.0024647978134453297,28.0,0.0031648629810661077,28.25,0.9943704009056091,34.0,,,,
train_09467,0,0,3,0.9989437460899353,0.9989437460899353,33.75,0.0006260646623559296,26.375,0.0004302875604480505,26.0,,,,
train_07311,1,1,3,0.9791370630264282,0.0005415453924797475,28.0,0.9791370630264282,35.5,0.02032134123146534,31.625,,,,
train_12456,2,2,3,0.990537703037262,0.003572436748072505,28.125,0.005889952182769775,28.625,0.990537703037262,33.75,,,,
train_05842,2,2,3,0.9937648773193359,0.002173851942643523,28.875,0.0040612900629639626,29.5,0.9937648773193359,35.0,,,,
train_03167,2,2,3,0.9900667667388916,0.005887152161449194,28.875,0.004046176560223103,28.5,0.9900667667388916,34.0,,,,
train_09686,1,1,3,0.9908231496810913,0.0045884218998253345,29.375,0.9908231496810913,34.75,0.0045884218998253345,29.375,,,,
train_11887,0,0,3,0.9983798265457153,0.9983798265457153,34.0,0.0013246308080852032,27.375,0.0002955651143565774,25.875,,,,
train_08344,0,0,3,0.9986020922660828,0.9986020922660828,33.75,0.0009106072247959673,26.75,0.0004874129663221538,26.125,,,,
train_05057,0,0,3,0.9987070560455322,0.9987070560455322,34.0,0.0010319616412743926,27.125,0.00026092075859196484,25.75,,,,
train_01062,0,0,3,0.9989941716194153,0.9989941716194153,33.75,0.0006260962691158056,26.375,0.0003797466342803091,25.875,,,,
train_02795,0,0,3,0.9969082474708557,0.9969082474708557,33.75,0.0019244856666773558,27.5,0.0011672595283016562,27.0,,,,
train_08171,1,1,3,0.9892978668212891,0.0031487185042351484,29.5,0.9892978668212891,35.25,0.007553382311016321,30.375,,,,
train_02573,0,0,3,0.9990295171737671,0.9990295171737671,34.0,0.0007094851462170482,26.75,0.00026100498507730663,25.75,,,,
train_05633,0,0,3,0.9927616715431213,0.9927616715431213,33.75,0.006689175497740507,28.75,0.000549080956261605,26.25,,,,
train_07619,2,2,3,0.9878690838813782,0.0011566757457330823,27.25,0.010974234901368618,29.5,0.9878690838813782,34.0,,,,
train_00011,2,2,3,0.9926199316978455,0.0021713473834097385,28.625,0.005208791233599186,29.5,0.9926199316978455,34.75,,,,
train_01117,0,0,3,0.9986592531204224,0.9986592531204224,33.75,0.0009106593788601458,26.75,0.00043016503332182765,26.0,,,,
train_01848,1,1,3,0.9830939769744873,0.0010158286895602942,28.375,0.9830939769744873,35.25,0.01589023321866989,31.125,,,,
train_08080,2,2,3,0.9946584105491638,0.0021758065558969975,28.125,0.0031657798681408167,28.5,0.9946584105491638,34.25,,,,
train_00658,2,2,3,0.98875892162323,0.004578862804919481,28.375,0.0066622053273022175,28.75,0.98875892162323,33.75,,,,
train_01590,0,0,3,0.9982037544250488,0.9982037544250488,34.0,0.001500738668255508,27.5,0.0002955129893962294,25.875,,,,
train_11198,2,2,3,0.9932277798652649,0.002172676846385002,28.625,0.0045995572581887245,29.375,0.9932277798652649,34.75,,,,
train_07131,1,1,3,0.9839067459106445,0.005163068883121014,29.5,0.9839067459106445,34.75,0.010930217802524567,30.25,,,,
train_02044,2,2,3,0.990537703037262,0.003572436748072505,28.375,0.005889952182769775,28.875,0.990537703037262,34.0,,,,
train_09885,1,1,3,0.9510307908058167,0.001620194991119206,28.125,0.9510307908058167,34.5,0.04734903201460838,31.5,,,,
train_11044,2,2,3,0.9874747395515442,0.005871739238500595,29.375,0.006653552409261465,29.5,0.9874747395515442,34.5,,,,
train_09369,0,0,3,0.9987542629241943,0.9987542629241943,33.75,0.000910745991859585,26.75,0.0003350447223056108,25.75,,,,
train_03153,0,0,3,0.9938784241676331,0.9938784241676331,34.0,0.005215395241975784,28.75,0.0009062997996807098,27.0,,,,
train_03636,2,2,3,0.9719716310501099,0.002126179402694106,27.875,0.025902166962623596,30.375,0.9719716310501099,34.0,,,,
train_07283,1,1,2,0.9796676635742188,0.020332353189587593,31.125,0.9796676635742188,35.0,,,,,,
train_07032,0,0,3,0.991357684135437,0.991357684135437,33.75,0.004051452502608299,28.25,0.0045908973552286625,28.375,,,,
train_02345,0,0,3,0.9719716310501099,0.9719716310501099,34.25,0.025902166962623596,30.625,0.002126179402694106,28.125,,,,
train_04445,1,1,4,0.992077648639679,0.0019151604501530528,28.5,0.992077648639679,34.75,0.005899109411984682,29.625,0.00010804596240632236,25.625,,
train_09657,1,1,2,0.9875683188438416,0.01243165135383606,30.375,0.9875683188438416,34.75,,,,,,
train_03960,1,1,4,0.9927260875701904,0.002788363490253687,29.125,0.9927260875701904,35.0,0.0035803294740617275,29.375,0.0009052490349858999,28.0,,
train_08748,1,1,2,0.9980732202529907,0.0019267346942797303,28.75,0.9980732202529907,35.0,,,,,,
train_03878,0,0,4,0.9867404103279114,0.9867404103279114,34.5,0.009673663415014744,29.875,0.0019048572285100818,28.25,0.0016810307279229164,28.125,,
train_09724,3,3,4,0.9936704635620117,0.0021736454218626022,28.875,0.0016928368713706732,28.625,0.0024630629923194647,29.0,0.9936704635620117,35.0,,
train_03041,1,1,2,0.9890130758285522,0.01098694372922182,30.25,0.9890130758285522,34.75,,,,,,
train_00110,0,0,3,0.9824429750442505,0.9824429750442505,33.5,0.014013796113431454,29.25,0.0035432425793260336,27.875,,,,
train_05224,0,0,3,0.9930689334869385,0.9930689334869385,33.5,0.005905003286898136,28.375,0.0010261357529088855,26.625,,,,
train_10873,2,2,3,0.9824659824371338,0.006619803607463837,30.0,0.010914212092757225,30.5,0.9824659824371338,35.0,,,,
train_12377,1,1,3,0.990066647529602,0.004046176094561815,30.0,0.990066647529602,35.5,0.005887151230126619,30.375,,,,
train_11604,1,1,3,0.9949127435684204,0.003166589420288801,30.0,0.9949127435684204,35.75,0.0019206334836781025,29.5,,,,
train_09290,1,1,4,0.7603577375411987,0.04289644956588745,29.875,0.7603577375411987,32.75,0.0801411122083664,30.5,0.11660464107990265,30.875,,
train_00029,2,2,4,0.5460414290428162,0.0652153491973877,29.375,0.33119088411331177,31.0,0.5460414290428162,31.5,0.05755234137177467,29.25,,
train_02172,0,2,4,0.48595649003982544,0.3784632980823517,31.125,0.09569049626588821,29.75,0.48595649003982544,31.375,0.03988973796367645,28.875,,
train_00531,3,3,4,0.8036381602287292,0.0028983717784285545,26.625,0.10876059532165527,30.25,0.08470283448696136,30.0,0.8036381602287292,32.25,,
train_05489,1,1,4,0.7107575535774231,0.01475130207836628,28.625,0.7107575535774231,32.5,0.2614731192588806,31.5,0.013017979450523853,28.5,,
train_07768,1,1,4,0.9100702404975891,0.001065582619048655,26.5,0.9100702404975891,33.25,0.0846497192978859,30.875,0.0042144618928432465,27.875,,
train_04524,3,3,4,0.5203015208244324,0.0027302918024361134,26.625,0.0178037378937006,28.5,0.45916447043418884,31.75,0.5203015208244324,31.875,,
train_12029,3,3,4,0.6715422868728638,0.00166458694729954,26.25,0.009579035453498363,28.0,0.31721413135528564,31.5,0.6715422868728638,32.25,,
train_04036,0,0,4,0.6692517995834351,0.6692517995834351,31.875,0.2172742336988449,30.75,0.09057337790727615,29.875,0.0229005366563797,28.5,,
train_07902,1,1,4,0.8128045797348022,0.0015690819127485156,27.0,0.8128045797348022,33.25,0.18136121332645416,31.75,0.00426520686596632,28.0,,
train_01190,0,0,4,0.6618877649307251,0.6618877649307251,32.0,0.07905121892690659,29.875,0.2434949278831482,31.0,0.015566108748316765,28.25,,
train_07769,3,1,4,0.5085732936859131,0.05360322818160057,29.5,0.5085732936859131,31.75,0.04174623638391495,29.25,0.3960772752761841,31.5,,
train_10492,2,2,4,0.8308078646659851,0.0681968629360199,29.375,0.013428757898509502,27.75,0.8308078646659851,31.875,0.08756650239229202,29.625,,
train_04783,3,3,4,0.7176575064659119,0.00376592087559402,26.75,0.18145222961902618,30.625,0.0971243754029274,30.0,0.7176575064659119,32.0,,
train_11012,1,1,4,0.9420684576034546,0.0005904193967580795,25.875,0.9420684576034546,33.25,0.03223580867052078,29.875,0.025105273351073265,29.625,,
train_02358,3,2,4,0.48906442523002625,0.0029080831445753574,26.5,0.018963085487484932,28.375,0.48906442523002625,31.625,0.48906442523002625,31.625,,
train_01557,3,3,4,0.6537251472473145,0.036880649626255035,29.125,0.2404920607805252,31.0,0.06890211999416351,29.75,0.6537251472473145,32.0,,
train_07018,0,2,4,0.5117504000663757,0.35172054171562195,31.125,0.08892887085676193,29.75,0.5117504000663757,31.5,0.04760019853711128,29.125,,
train_11435,3,3,4,0.5049692392349243,0.04145039990544319,29.25,0.39327043294906616,31.5,0.06030997633934021,29.625,0.5049692392349243,31.75,,
train_10384,3,3,4,0.5214313864707947,0.013895676471292973,28.125,0.004511265549808741,27.0,0.46016159653663635,31.625,0.5214313864707947,31.75,,
train_05002,0,0,4,0.7380765676498413,0.7380765676498413,32.0,0.08815068006515503,29.875,0.06058501452207565,29.5,0.11318771541118622,30.125,,
train_05937,1,1,4,0.8318296074867249,0.0009739722590893507,26.25,0.8318296074867249,33.0,0.16379694640636444,31.375,0.0033994975965470076,27.5,,
train_01206,0,3,4,0.3501043915748596,0.3089660406112671,30.875,0.10030659288167953,29.75,0.24062301218509674,30.625,0.3501043915748596,31.0,,
train_00450,1,0,4,0.558929443359375,0.558929443359375,31.125,0.23299646377563477,30.25,0.14131949841976166,29.75,0.06675460934638977,29.0,,
train_11236,2,2,4,0.8190878629684448,0.07618703693151474,29.5,0.052362531423568726,29.125,0.8190878629684448,31.875,0.052362531423568726,29.125,,
train_08704,0,0,4,0.7101258039474487,0.7101258039474487,31.875,0.2305440902709961,30.75,0.051441341638565063,29.25,0.007888785563409328,27.375,,
train_10317,0,0,4,0.6640014052391052,0.6640014052391052,32.0,0.08986281603574753,30.0,0.1307496279478073,30.375,0.11538613587617874,30.25,,
train_10751,3,3,4,0.9097781777381897,0.02747292071580887,29.25,0.03527592867612839,29.5,0.02747292071580887,29.25,0.9097781777381897,32.75,,
train_08593,1,1,4,0.6843999028205872,0.016095543280243874,28.75,0.6843999028205872,32.5,0.2853003144264221,31.625,0.014204266481101513,28.625,,
train_08283,0,0,4,0.525734543800354,0.525734543800354,31.75,0.11730723828077316,30.25,0.3188741207122803,31.25,0.038084086030721664,29.125,,
train_01906,3,3,4,0.9201982021331787,0.027787579223513603,29.25,0.006200246978551149,27.75,0.045813970267772675,29.75,0.9201982021331787,32.75,,
train_08320,0,0,4,0.7967410683631897,0.7967410683631897,32.5,0.15688760578632355,30.875,0.035006359219551086,29.375,0.011364900507032871,28.25,,
train_07791,0,0,4,0.5635696053504944,0.5635696053504944,31.5,0.11097343266010284,29.875,0.1829642653465271,30.375,0.14249271154403687,30.125,,
train_10807,3,1,4,0.4412011504173279,0.0071313525550067425,27.75,0.4412011504173279,31.875,0.16230885684490204,30.875,0.38935866951942444,31.75,,
train_11163,3,1,4,0.4330674409866333,0.05860930308699608,29.5,0.4330674409866333,31.5,0.07525582611560822,29.75,0.4330674409866333,31.5,,
train_06817,0,0,4,0.4509742558002472,0.4509742558002472,31.5,0.11402414739131927,30.125,0.3979833722114563,31.375,0.037018220871686935,29.0,,
train_04997,3,2,4,0.5744872093200684,0.002071924274787307,26.375,0.028602031990885735,29.0,0.5744872093200684,32.0,0.3948388993740082,31.625,,
train_10209,1,2,4,0.5024212598800659,0.022074848413467407,28.75,0.44338518381118774,31.75,0.5024212598800659,31.875,0.03211871534585953,29.125,,
train_08237,1,2,4,0.5244783163070679,0.03352877497673035,29.0,0.40846413373947144,31.5,0.5244783163070679,31.75,0.03352877497673035,29.0,,
train_01571,2,2,4,0.778351902961731,0.10533846914768219,29.875,0.07239799946546555,29.5,0.778351902961731,31.875,0.043911609798669815,29.0,,
train_10436,2,2,4,0.92918860912323,0.0010879680048674345,26.75,0.05940103903412819,30.75,0.92918860912323,33.5,0.010322353802621365,29.0,,
train_04631,0,0,4,0.7958599925041199,0.7958599925041199,32.75,0.15671411156654358,31.125,0.03962353616952896,29.75,0.007802337408065796,28.125,,
train_00445,1,0,4,0.7445456385612488,0.7445456385612488,31.375,0.12938262522220612,29.625,0.07847452908754349,29.125,0.04759720712900162,28.625,,
train_08280,1,1,4,0.6200358867645264,0.024041399359703064,28.75,0.6200358867645264,32.0,0.3318813145160675,31.375,0.024041399359703064,28.75,,
train_10514,0,0,4,0.5327250957489014,0.5327250957489014,31.875,0.09257373213768005,30.125,0.15262830257415771,30.625,0.22207285463809967,31.0,,
train_03113,2,2,4,0.771010160446167,0.004045889712870121,27.25,0.004045889712870121,27.25,0.771010160446167,32.5,0.2208981066942215,31.25,,
train_02008,1,2,4,0.6563747525215149,0.022459909319877625,28.625,0.2736177146434784,31.125,0.6563747525215149,32.0,0.047547630965709686,29.375,,
train_02346,1,2,4,0.5386917591094971,0.0208873450756073,29.25,0.41953355073928833,32.25,0.5386917591094971,32.5,0.0208873450756073,29.25,,
train_11560,1,1,4,0.8303497433662415,0.041340675204992294,29.75,0.8303497433662415,32.75,0.06015033274888992,30.125,0.06815925240516663,30.25,,
train_09301,1,2,4,0.511080265045166,0.037022531032562256,29.375,0.39802971482276917,31.75,0.511080265045166,32.0,0.053867463022470474,29.75,,
train_01649,2,2,4,0.9677680730819702,0.0006872841040603817,26.25,0.025790145620703697,29.875,0.9677680730819702,33.5,0.005754559300839901,28.375,,
train_08615,0,0,4,0.778351902961731,0.778351902961731,32.0,0.07239799946546555,29.625,0.043911609798669815,29.125,0.10533846914768219,30.0,,
train_09750,0,0,4,0.5215180516242981,0.5215180516242981,31.875,0.09062623232603073,30.125,0.3584337532520294,31.5,0.029422035440802574,29.0,,
train_09866,2,2,4,0.915399432182312,0.03132324665784836,29.375,0.013057471252977848,28.5,0.915399432182312,32.75,0.04021984711289406,29.625,,
train_01699,2,2,4,0.9049612283706665,0.01657494343817234,28.0,0.012908578850328922,27.75,0.9049612283706665,32.0,0.06555517762899399,29.375,,
train_04290,1,0,4,0.8109327554702759,0.8109327554702759,32.0,0.09685210883617401,29.875,0.05184119567275047,29.25,0.04037396237254143,29.0,,
train_03062,2,2,4,0.9333791732788086,0.000662861973978579,26.25,0.05966893211007118,30.75,0.9333791732788086,33.5,0.006289059296250343,28.5,,
train_08985,1,2,4,0.5735648274421692,0.025200679898262024,28.875,0.3478846549987793,31.5,0.5735648274421692,32.0,0.05334983766078949,29.625,,
train_09935,1,1,4,0.8846743702888489,0.0013300541322678328,26.75,0.8846743702888489,33.25,0.06408559530973434,30.625,0.049909915775060654,30.375,,
train_10018,1,0,4,0.48881709575653076,0.48881709575653076,30.5,0.3359587788581848,30.125,0.10906984657049179,29.0,0.06615420430898666,28.5,,
train_04398,2,2,4,0.7218557596206665,0.0070768254809081554,27.625,0.005511436611413956,27.375,0.7218557596206665,32.25,0.2655559182167053,31.25,,
train_05315,1,1,4,0.9268999099731445,0.0006582605419680476,26.25,0.9268999099731445,33.5,0.040725138038396835,30.375,0.03171676769852638,30.125,,
train_11415,0,0,4,0.4943925738334656,0.4943925738334656,31.75,0.4362999200820923,31.625,0.059046775102615356,29.625,0.010260790586471558,27.875,,
train_07568,3,3,4,0.48367804288864136,0.06545870006084442,29.75,0.3766888380050659,31.5,0.0741744339466095,29.875,0.48367804288864136,31.75,,
train_06580,0,0,4,0.5759519338607788,0.5759519338607788,31.625,0.11341165006160736,30.0,0.14562346041202545,30.25,0.16501300036907196,30.375,,
train_01987,0,0,4,0.7005293965339661,0.7005293965339661,31.875,0.057502955198287964,29.375,0.22742860019207,30.75,0.014539023861289024,28.0,,
train_11676,3,3,4,0.8666183352470398,0.04314638301730156,29.5,0.009627260267734528,28.0,0.0806080549955368,30.125,0.8666183352470398,32.5,,
train_05738,0,0,4,0.7240199446678162,0.7240199446678162,32.5,0.2350548505783081,31.375,0.0360468290746212,29.5,0.004878407809883356,27.5,,
train_12587,0,0,4,0.544394314289093,0.544394314289093,31.625,0.12147079408168793,30.125,0.1071975901722908,30.0,0.22693730890750885,30.75,,
train_11558,3,3,4,0.8145802617073059,0.0858561247587204,30.0,0.059007998555898666,29.625,0.04055556282401085,29.25,0.8145802617073059,32.25,,
train_09373,1,1,4,0.585361897945404,0.07922012358903885,30.5,0.585361897945404,32.5,0.16770900785923004,31.25,0.16770900785923004,31.25,,
train_05174,1,1,4,0.7748804688453674,0.038579024374485016,29.5,0.7748804688453674,32.5,0.08167179673910141,30.25,0.10486866533756256,30.5,,
train_11670,2,2,4,0.9352466464042664,0.019410423934459686,28.625,0.01334057655185461,28.25,0.9352466464042664,32.5,0.03200238198041916,29.125,,
train_09338,1,0,4,0.46667352318763733,0.46667352318763733,31.125,0.28305181860923767,30.625,0.19453847408294678,30.25,0.05573620647192001,29.0,,
train_03168,2,2,4,0.7472535371780396,0.005705351009964943,27.375,0.004443332087248564,27.125,0.7472535371780396,32.25,0.24259771406650543,31.125,,
train_01210,1,1,4,0.8492004871368408,0.002104957588016987,26.75,0.8492004871368408,32.75,0.06970661878585815,30.25,0.07898794859647751,30.375,,
train_00229,0,0,4,0.5560862421989441,0.5560862421989441,31.125,0.07525809109210968,29.125,0.3372833728790283,30.625,0.03137224167585373,28.25,,
train_11996,0,0,4,0.6366677284240723,0.6366677284240723,31.875,0.11063625663518906,30.125,0.11063625663518906,30.125,0.14205977320671082,30.375,,
train_01004,0,0,4,0.5082527995109558,0.5082527995109558,31.75,0.44853153824806213,31.625,0.03681771084666252,29.125,0.006397958844900131,27.375,,
train_10855,2,2,4,0.9612883925437927,0.0009932969696819782,26.625,0.01210083533078432,29.125,0.9612883925437927,33.5,0.025617467239499092,29.875,,
train_02742,2,2,4,0.8755611777305603,0.002786719473078847,27.25,0.003157766768708825,27.375,0.8755611777305603,33.0,0.11849431693553925,31.0,,
train_00253,1,1,4,0.9346321821212769,0.001405162620358169,26.5,0.9346321821212769,33.0,0.03198135271668434,29.625,0.03198135271668434,29.625,,
train_06316,0,0,4,0.58870929479599,0.58870929479599,31.5,0.0703113004565239,29.375,0.3151133954524994,30.875,0.025866080075502396,28.375,,
train_07869,2,2,4,0.9474683403968811,0.0016141259111464024,26.875,0.009288652800023556,28.625,0.9474683403968811,33.25,0.04162885248661041,30.125,,
train_10420,2,2,4,0.5818614363670349,0.06949344277381897,29.625,0.31144800782203674,31.125,0.5818614363670349,31.75,0.03719715774059296,29.0,,
train_01284,0,0,4,0.9855896830558777,0.9855896830558777,34.5,0.010948913171887398,30.0,0.0024430325720459223,28.5,0.0010184075217694044,27.625,,
train_10822,1,0,4,0.4309501349925995,0.4309501349925995,30.75,0.3356243073940277,30.5,0.15853771567344666,29.75,0.07488789409399033,29.0,,
train_10812,0,0,4,0.7863472104072571,0.7863472104072571,31.5,0.05696280300617218,28.875,0.05026949197053909,28.75,0.10642051696777344,29.5,,
train_05196,2,2,4,0.9721267223358154,0.0005376681219786406,26.25,0.009530395269393921,29.125,0.9721267223358154,33.75,0.01780512183904648,29.75,,
train_12427,1,1,4,0.6831079721450806,0.016065159812569618,29.0,0.6831079721450806,32.75,0.2847617566585541,31.875,0.016065159812569618,29.0,,
train_00271,3,3,4,0.5802372694015503,0.0034502167254686356,26.75,0.017521647736430168,28.375,0.3987908661365509,31.5,0.5802372694015503,31.875,,
train_10745,1,1,4,0.8846743702888489,0.0013300541322678328,26.25,0.8846743702888489,32.75,0.06408559530973434,30.125,0.049909915775060654,29.875,,
train_12295,0,0,4,0.7346836924552917,0.7346836924552917,32.0,0.09942862391471863,30.0,0.05322030931711197,29.375,0.11266739666461945,30.125,,
train_05349,0,0,4,0.7835955023765564,0.7835955023765564,31.75,0.17484380304813385,30.25,0.030383296310901642,28.5,0.01117738988250494,27.5,,
train_07901,0,0,4,0.5587467551231384,0.5587467551231384,31.875,0.07561814785003662,29.875,0.1600836217403412,30.625,0.20555146038532257,30.875,,
train_10882,0,0,4,0.5941605567932129,0.5941605567932129,31.75,0.36037662625312805,31.25,0.03798341378569603,29.0,0.007479378022253513,27.375,,
train_07400,2,2,4,0.962807297706604,0.0007748028147034347,26.375,0.032945454120635986,30.125,0.962807297706604,33.5,0.0034724255092442036,27.875,,
train_10197,2,2,4,0.9678462743759155,0.0006065750494599342,26.625,0.025792228057980537,30.375,0.9678462743759155,34.0,0.005755024030804634,28.875,,
train_05693,0,0,4,0.7255908250808716,0.7255908250808716,32.5,0.07647670805454254,30.25,0.11127296090126038,30.625,0.08665946871042252,30.375,,
train_03974,2,2,4,0.8736698031425476,0.004045894369482994,26.875,0.004045894369482994,26.875,0.8736698031425476,32.25,0.11823835223913193,30.25,,
train_12153,3,3,4,0.7188069224357605,0.1249099001288414,30.25,0.09727993607521057,30.0,0.05900326371192932,29.5,0.7188069224357605,32.0,,
train_12480,0,0,4,0.7272155284881592,0.7272155284881592,32.5,0.2083507478237152,31.25,0.05267931893467903,29.875,0.011754344217479229,28.375,,
train_09713,3,3,4,0.9361554384231567,0.017146285623311996,28.75,0.005566583480685949,27.625,0.041131798177957535,29.625,0.9361554384231567,32.75,,
train_10760,3,1,4,0.6146692037582397,0.044526487588882446,29.625,0.6146692037582397,32.25,0.05045511946082115,29.75,0.29034918546676636,31.5,,
train_03537,2,2,4,0.9277243614196777,0.016991864889860153,28.5,0.009095090441405773,27.875,0.9277243614196777,32.5,0.04618867486715317,29.5,,
train_06191,2,2,4,0.930782675743103,0.015044700354337692,28.375,0.013276901096105576,28.25,0.930782675743103,32.5,0.0408957377076149,29.375,,
train_03223,0,0,4,0.8391656875610352,0.8391656875610352,32.75,0.1286902278661728,30.875,0.02871466986835003,29.375,0.0034294782672077417,27.25,,
train_00177,0,0,3,0.9923654198646545,0.9923654198646545,33.75,0.004055570811033249,28.25,0.0035790286492556334,28.125,,,,
train_12703,3,2,4,0.5833823680877686,0.00832150224596262,27.625,0.007343700621277094,27.5,0.5833823680877686,31.875,0.40095245838165283,31.5,,
train_10940,1,1,3,0.989613950252533,0.005193017423152924,30.5,0.989613950252533,35.75,0.005193017423152924,30.5,,,,
train_03056,1,1,3,0.9970020651817322,0.0014989320188760757,28.75,0.9970020651817322,35.25,0.0014989320188760757,28.75,,,,
train_11046,0,0,3,0.9949060678482056,0.9949060678482056,34.0,0.0040659536607563496,28.5,0.0010280340211465955,27.125,,,,
train_07744,2,2,3,0.9916455149650574,0.0024580436293035746,28.5,0.005896539427340031,29.375,0.9916455149650574,34.5,,,,
train_07028,0,0,3,0.9920080900192261,0.9920080900192261,33.75,0.005205580964684486,28.5,0.002786346711218357,27.875,,,,
train_11431,0,0,3,0.9949060678482056,0.9949060678482056,33.75,0.0040659536607563496,28.25,0.0010280340211465955,26.875,,,,
train_05046,2,2,3,0.9803736209869385,0.0016701840795576572,28.125,0.017956169322133064,30.5,0.9803736209869385,34.5,,,,
train_08226,0,0,3,0.9936226010322571,0.9936226010322571,34.0,0.005214052740484476,28.75,0.0011634123511612415,27.25,,,,
train_12544,1,1,2,0.9890130758285522,0.01098694372922182,30.25,0.9890130758285522,34.75,,,,,,
train_10048,0,0,3,0.9909536838531494,0.9909536838531494,33.75,0.005892425775527954,28.625,0.00315398839302361,28.0,,,,
train_02149,2,2,3,0.9589699506759644,0.012071650475263596,28.875,0.028958383947610855,29.75,0.9589699506759644,33.25,,,,
train_11075,0,0,3,0.9700226187705994,0.9700226187705994,33.75,0.01776658371090889,29.75,0.012210782617330551,29.375,,,,
train_00221,0,0,3,0.9769793152809143,0.9769793152809143,34.0,0.02027655765414238,30.125,0.002744134049862623,28.125,,,,
train_07701,1,1,3,0.9944408535957336,0.004064052831381559,29.25,0.9944408535957336,34.75,0.0014950813492760062,28.25,,,,
train_03093,0,0,3,0.9911177158355713,0.9911177158355713,34.25,0.007567276246845722,29.375,0.001314995577558875,27.625,,,,
train_02048,0,0,3,0.9972721934318542,0.9972721934318542,34.0,0.0019251882331445813,27.75,0.0008025378920137882,26.875,,,,
train_01818,2,2,3,0.9909536838531494,0.00315398839302361,28.75,0.005892425775527954,29.375,0.9909536838531494,34.5,,,,
train_12309,0,0,3,0.994231641292572,0.994231641292572,34.0,0.004604206420481205,28.625,0.0011641255114227533,27.25,,,,
train_11355,0,0,3,0.9764977693557739,0.9764977693557739,34.25,0.013928991742432117,30.0,0.009573248215019703,29.625,,,,
train_09651,1,1,3,0.9963226318359375,0.0014979104744270444,28.5,0.9963226318359375,35.0,0.0021794468630105257,28.875,,,,
train_07872,1,1,4,0.986946165561676,0.0040334234945476055,30.0,0.986946165561676,35.5,0.00853875745087862,30.75,0.0004817237495444715,27.875,,
train_06321,2,2,3,0.99787437915802,0.000625394459348172,28.125,0.0015002434374764562,29.0,0.99787437915802,35.5,,,,
train_11304,0,0,3,0.9899469017982483,0.9899469017982483,34.0,0.008564718998968601,29.25,0.0014883249532431364,27.5,,,,
train_04589,2,2,3,0.98875892162323,0.004578862804919481,28.875,0.0066622053273022175,29.25,0.98875892162323,34.25,,,,
train_12258,1,1,3,0.986877977848053,0.010963224805891514,30.5,0.986877977848053,35.0,0.0021587868686765432,28.875,,,,
train_05652,1,1,3,0.7083074450492859,0.03112085722386837,30.375,0.7083074450492859,33.5,0.26057177782058716,32.5,,,,
train_06158,2,2,3,0.8656612634658813,0.04309873282909393,29.75,0.09124001860618591,30.5,0.8656612634658813,32.75,,,,
train_05255,2,2,3,0.8421164155006409,0.06912512332201004,30.0,0.08875841647386551,30.25,0.8421164155006409,32.5,,,,
train_08218,2,2,3,0.9931516647338867,0.004058783873915672,28.75,0.002789558842778206,28.375,0.9931516647338867,34.25,,,,
train_12324,1,1,3,0.9988031387329102,0.0004875111044384539,27.375,0.9988031387329102,35.0,0.0007093243766576052,27.75,,,,
train_07653,0,0,3,0.9939515590667725,0.9939515590667725,33.75,0.0035847490653395653,28.125,0.002463759621605277,27.75,,,,
train_11868,1,1,3,0.9975226521492004,0.0019256718223914504,29.0,0.9975226521492004,35.25,0.0005517142126336694,27.75,,,,
train_00225,2,2,3,0.9639475345611572,0.0030680338386446238,28.5,0.03298446908593178,30.875,0.9639475345611572,34.25,,,,
train_10378,2,2,3,0.9962050318717957,0.0006243482348509133,27.625,0.003170702373608947,29.25,0.9962050318717957,35.0,,,,
train_04831,3,3,4,0.9896787405014038,0.006668402813374996,29.5,0.0014879218069836497,28.0,0.002164913574233651,28.375,0.9896787405014038,34.5,,
train_05556,1,1,3,0.9965002536773682,0.002470077248290181,29.75,0.9965002536773682,35.75,0.0010296814143657684,28.875,,,,
train_00872,1,1,3,0.983814537525177,0.002152085769921541,28.375,0.983814537525177,34.5,0.014033360406756401,30.25,,,,
train_01110,0,0,3,0.9908674955368042,0.9908674955368042,33.75,0.006676412653177977,28.75,0.0024561150930821896,27.75,,,,
train_04546,2,2,3,0.9978129863739014,0.0002606871712487191,26.75,0.0019262322457507253,28.75,0.9978129863739014,35.0,,,,
train_12592,2,2,3,0.9713793992996216,0.00577603280544281,28.875,0.022844653576612473,30.25,0.9713793992996216,34.0,,,,
train_10334,0,0,3,0.9939515590667725,0.9939515590667725,33.75,0.0035847490653395653,28.125,0.002463759621605277,27.75,,,,
train_07171,1,1,3,0.9866006970405579,0.005866541992872953,30.375,0.9866006970405579,35.5,0.007532788906246424,30.625,,,,
train_12132,0,0,3,0.9923330545425415,0.9923330545425415,33.75,0.00520728575065732,28.5,0.0024597477167844772,27.75,,,,
train_02744,2,2,3,0.9939515590667725,0.0035847490653395653,28.625,0.002463759621605277,28.25,0.9939515590667725,34.25,,,,
train_12171,0,0,3,0.9934813976287842,0.9934813976287842,33.75,0.004600731655955315,28.375,0.0019178702495992184,27.5,,,,
train_10568,2,2,3,0.9946584105491638,0.0021758065558969975,28.125,0.0031657798681408167,28.5,0.9946584105491638,34.25,,,,
train_00575,1,1,3,0.9912236928939819,0.003574910806491971,30.125,0.9912236928939819,35.75,0.005201464518904686,30.5,,,,
train_08649,0,0,3,0.992408275604248,0.992408275604248,33.75,0.005901074968278408,28.625,0.0016906865639612079,27.375,,,,
train_07547,1,1,3,0.989291250705719,0.004043007269501686,30.0,0.989291250705719,35.5,0.006665791850537062,30.5,,,,
train_09229,0,0,3,0.994231641292572,0.994231641292572,33.75,0.004604206420481205,28.375,0.0011641255114227533,27.0,,,,
train_10600,1,1,3,0.9747056365013123,0.017852356657385826,31.0,0.9747056365013123,35.0,0.007441968657076359,30.125,,,,
train_11409,1,1,3,0.9982056617736816,0.001168778631836176,29.0,0.9982056617736816,35.75,0.0006256020860746503,28.375,,,,
train_07001,1,1,3,0.9908674955368042,0.006676412653177977,30.5,0.9908674955368042,35.5,0.0024561150930821896,29.5,,,,
train_09001,2,2,3,0.9936255216598511,0.0027908897027373314,28.375,0.0035835732705891132,28.625,0.9936255216598511,34.25,,,,
train_06334,0,0,3,0.9956080317497253,0.9956080317497253,34.0,0.00359072326682508,28.375,0.0008011986501514912,26.875,,,,
train_01926,2,2,3,0.9926199316978455,0.0021713473834097385,28.125,0.005208791233599186,29.0,0.9926199316978455,34.25,,,,
train_03954,1,1,3,0.9940441250801086,0.0027920654974877834,28.625,0.9940441250801086,34.5,0.0031638245563954115,28.75,,,,
train_04640,1,1,3,0.9960336089134216,0.0014974758960306644,28.5,0.9960336089134216,35.0,0.0024689205456525087,29.0,,,,
train_00939,2,2,3,0.9923330545425415,0.0024597477167844772,28.5,0.00520728575065732,29.25,0.9923330545425415,34.5,,,,
train_04664,1,1,2,0.977022647857666,0.022977370768785477,31.25,0.977022647857666,35.0,,,,,,
train_06949,0,0,2,0.9840936064720154,0.9840936064720154,34.75,0.01590639166533947,30.625,,,,,,
train_05127,2,2,3,0.9932277798652649,0.002172676846385002,28.125,0.0045995572581887245,28.875,0.9932277798652649,34.25,,,,
train_07873,1,1,3,0.9963226318359375,0.0021794468630105257,28.625,0.9963226318359375,34.75,0.0014979104744270444,28.25,,,,
train_06602,1,1,3,0.9896640181541443,0.002779762726277113,29.625,0.9896640181541443,35.5,0.0075561776757240295,30.625,,,,
train_03705,2,2,3,0.994239330291748,0.0021748896688222885,28.375,0.0035857870243489742,28.875,0.994239330291748,34.5,,,,
train_04772,0,0,3,0.9934773445129395,0.9934773445129395,33.75,0.004060115199536085,28.25,0.0024625842925161123,27.75,,,,
train_05109,2,2,3,0.9782268404960632,0.0014707044465467334,28.0,0.02030245028436184,30.625,0.9782268404960632,34.5,,,,
train_10405,0,0,3,0.9974493384361267,0.9974493384361267,34.0,0.0019255302613601089,27.75,0.0006251281010918319,26.625,,,,
train_04644,0,0,3,0.9971492886543274,0.9971492886543274,34.25,0.0024716861080378294,28.25,0.00037904531927779317,26.375,,,,
train_11167,0,0,3,0.9960283041000366,0.9960283041000366,34.0,0.003170139854773879,28.25,0.0008015368366613984,26.875,,,,
train_05767,2,2,3,0.9363167881965637,0.003826512722298503,28.25,0.059856727719306946,31.0,0.9363167881965637,33.75,,,,
train_00171,0,0,3,0.9895285964012146,0.9895285964012146,33.75,0.008561099879443645,29.0,0.0019102395744994283,27.5,,,,
train_01218,1,1,3,0.996620774269104,0.0009088005172088742,28.25,0.996620774269104,35.25,0.002470375970005989,29.25,,,,
train_01687,1,1,3,0.9963790774345398,0.0016974512254819274,28.375,0.9963790774345398,34.75,0.0019234641222283244,28.5,,,,
train_09515,1,1,2,0.9840936064720154,0.01590639166533947,30.375,0.9840936064720154,34.5,,,,,,
train_08651,2,2,3,0.9710322618484497,0.0030905830208212137,28.5,0.025877133011817932,30.625,0.9710322618484497,34.25,,,,
train_09330,2,2,3,0.9960336089134216,0.0014974758960306644,28.25,0.0024689205456525087,28.75,0.9960336089134216,34.75,,,,
train_06532,0,0,3,0.9962050318717957,0.9962050318717957,34.75,0.003170702373608947,29.0,0.0006243482348509133,27.375,,,,
train_00250,1,1,3,0.9858306050300598,0.006642474327236414,30.25,0.9858306050300598,35.25,0.007526909001171589,30.375,,,,
train_04184,2,2,3,0.988150954246521,0.0021615715231746435,28.125,0.009687491692602634,29.625,0.988150954246521,34.25,,,,
train_00343,2,2,3,0.9940775632858276,0.001318922615610063,28.375,0.004603492561727762,29.625,0.9940775632858276,35.0,,,,
train_04368,1,1,3,0.9536725878715515,0.009349477477371693,31.375,0.9536725878715515,36.0,0.036977898329496384,32.75,,,,
train_06453,1,1,3,0.9785480499267578,0.01792273297905922,30.5,0.9785480499267578,34.5,0.0035291954409331083,28.875,,,,
train_10714,1,1,3,0.9840633869171143,0.012387529946863651,30.125,0.9840633869171143,34.5,0.0035490868613123894,28.875,,,,
train_03467,2,2,3,0.9916402101516724,0.0031561735086143017,29.0,0.0052036503329873085,29.5,0.9916402101516724,34.75,,,,
train_09592,1,1,3,0.996577799320221,0.0014982940629124641,28.75,0.996577799320221,35.25,0.001923847827129066,29.0,,,,
train_02150,1,1,4,0.9799398183822632,0.008478140458464622,30.75,0.9799398183822632,35.5,0.010886148549616337,31.0,0.0006959281163290143,28.25,,
train_03127,1,1,3,0.9780353307723999,0.0016662004636600614,29.375,0.9780353307723999,35.75,0.02029847539961338,31.875,,,,
train_02382,1,1,3,0.9746900796890259,0.009555526077747345,29.875,0.9746900796890259,34.5,0.015754397958517075,30.375,,,,
train_03355,2,2,3,0.9905270338058472,0.0009032437228597701,28.25,0.008569737896323204,30.5,0.9905270338058472,35.25,,,,
train_00368,0,0,4,0.9876469373703003,0.9876469373703003,34.75,0.005872763227671385,29.625,0.0019066071836277843,28.5,0.004573713056743145,29.375,,
train_00619,1,1,3,0.9988031387329102,0.0004875111044384539,27.375,0.9988031387329102,35.0,0.0007093243766576052,27.75,,,,
train_06282,1,1,3,0.9958814382553101,0.001321315998211503,28.625,0.9958814382553101,35.25,0.0027972261887043715,29.375,,,,
train_04526,0,0,3,0.9839741587638855,0.9839741587638855,33.75,0.007512735202908516,28.875,0.008513044565916061,29.0,,,,
train_02153,1,1,2,0.9902915358543396,0.009708477184176445,30.625,0.9902915358543396,35.25,,,,,,
train_05968,0,0,3,0.9946156144142151,0.9946156144142151,34.0,0.004064766690135002,28.5,0.0013196364743635058,27.375,,,,
train_08851,2,2,3,0.9848365187644958,0.0027662033680826426,28.875,0.012397262267768383,30.375,0.9848365187644958,34.75,,,,
train_10066,0,0,3,0.9598463773727417,0.9598463773727417,34.5,0.017580199986696243,30.5,0.022573422640562057,30.75,,,,
train_10198,0,0,3,0.9884139895439148,0.9884139895439148,33.75,0.00754663348197937,28.875,0.004039422143250704,28.25,,,,
train_06831,1,1,2,0.9978172779083252,0.002182716503739357,28.625,0.9978172779083252,34.75,,,,,,
train_07700,0,0,2,0.9840936064720154,0.9840936064720154,34.75,0.01590639166533947,30.625,,,,,,
train_03854,2,2,3,0.9835327863693237,0.00243793404661119,28.0,0.01402934081852436,29.75,0.9835327863693237,34.0,,,,
train_09817,0,0,3,0.9462112188339233,0.9462112188339233,33.75,0.025215674191713333,30.125,0.02857310324907303,30.25,,,,
train_10386,1,1,3,0.9986019730567932,0.0004874129081144929,27.125,0.9986019730567932,34.75,0.0009106071083806455,27.75,,,,
train_06348,0,0,3,0.4044707715511322,0.4044707715511322,33.0,0.4044707715511322,33.0,0.1910584717988968,32.25,,,,
train_04369,0,0,3,0.989291250705719,0.989291250705719,33.75,0.006665791850537062,28.75,0.004043007269501686,28.25,,,,
train_01139,1,1,3,0.9832135438919067,0.0027616447769105434,28.875,0.9832135438919067,34.75,0.014024787582457066,30.5,,,,
train_08787,1,1,3,0.9930968880653381,0.0016918596811592579,28.375,0.9930968880653381,34.75,0.005211294163018465,29.5,,,,
train_03657,1,1,3,0.9932942986488342,0.0014933575876057148,28.25,0.9932942986488342,34.75,0.005212330259382725,29.5,,,,
train_06590,2,2,3,0.9875446557998657,0.002773809712380171,28.875,0.009681547060608864,30.125,0.9875446557998657,34.75,,,,
train_07643,0,0,3,0.9872812628746033,0.9872812628746033,33.75,0.005180776584893465,28.5,0.0075379847548902035,28.875,,,,
train_06145,0,0,3,0.991270899772644,0.991270899772644,33.75,0.007568445987999439,28.875,0.001160658779554069,27.0,,,,
train_03547,1,1,3,0.9952830672264099,0.0019213483901694417,28.5,0.9952830672264099,34.75,0.002795545384287834,28.875,,,,
train_00471,2,2,3,0.9918928146362305,0.004053639248013496,29.0,0.004053639248013496,29.0,0.9918928146362305,34.5,,,,
train_01007,2,2,3,0.9701806902885437,0.003964906558394432,28.75,0.025854438543319702,30.625,0.9701806902885437,34.25,,,,
train_09286,0,0,3,0.9873494505882263,0.9873494505882263,33.25,0.010968462564051151,28.75,0.001682068221271038,26.875,,,,
train_05233,0,0,3,0.7420887351036072,0.7420887351036072,34.25,0.12895567715168,32.5,0.12895567715168,32.5,,,,
train_00444,2,2,3,0.9305552244186401,0.002035581273958087,28.125,0.06740919500589371,31.625,0.9305552244186401,34.25,,,,
train_03848,2,2,3,0.9949060678482056,0.0040659536607563496,29.75,0.0010280340211465955,28.375,0.9949060678482056,35.25,,,,
train_03551,2,2,3,0.9970449805259705,0.0010302441660314798,28.125,0.0019247495802119374,28.75,0.9970449805259705,35.0,,,,
train_05828,1,1,3,0.9866006970405579,0.005866541992872953,29.875,0.9866006970405579,35.0,0.007532788906246424,30.125,,,,
train_06601,0,0,3,0.9068632125854492,0.9068632125854492,32.75,0.03516290336847305,29.5,0.05797382444143295,30.0,,,,
train_05415,1,1,2,0.9933071732521057,0.006692850962281227,30.0,0.9933071732521057,35.0,,,,,,
train_09616,0,0,2,0.9978172779083252,0.9978172779083252,34.0,0.002182716503739357,27.875,,,,,,
train_11032,1,1,3,0.9940441250801086,0.0031638245563954115,29.5,0.9940441250801086,35.25,0.0027920654974877834,29.375,,,,
train_11985,2,2,3,0.9593423008918762,0.0034599285572767258,28.625,0.03719773516058922,31.0,0.9593423008918762,34.25,,,,
train_09324,0,0,3,0.9913210272789001,0.9913210272789001,34.5,0.005894610192626715,29.375,0.002784417010843754,28.625,,,,
train_10507,2,2,3,0.9866798520088196,0.0008997355471365154,27.75,0.012420466169714928,30.375,0.9866798520088196,34.75,,,,
train_02770,0,0,3,0.9936255216598511,0.9936255216598511,34.25,0.0035835732705891132,28.625,0.0027908897027373314,28.375,,,,
train_09559,1,1,3,0.980177640914917,0.007483747787773609,29.125,0.980177640914917,34.0,0.012338615022599697,29.625,,,,
train_09968,0,0,3,0.9963636994361877,0.9963636994361877,34.25,0.0024697387125343084,28.25,0.0011666219215840101,27.5,,,,
train_06918,0,0,3,0.9454156756401062,0.9454156756401062,35.0,0.032350342720746994,31.625,0.022234046831727028,31.25,,,,
train_01657,0,0,3,0.9814552664756775,0.9814552664756775,33.75,0.01399970706552267,29.5,0.004545039962977171,28.375,,,,
train_01960,1,1,3,0.9828521609306335,0.003128203097730875,29.25,0.9828521609306335,35.0,0.014019632712006569,30.75,,,,
train_11838,2,2,3,0.8931254744529724,0.012739750556647778,29.25,0.09413473308086395,31.25,0.8931254744529724,33.5,,,,
train_08437,1,1,3,0.997133731842041,0.0011675235582515597,28.0,0.997133731842041,34.75,0.001698736916296184,28.375,,,,
train_05961,2,2,3,0.9969082474708557,0.0011672595283016562,28.25,0.0019244856666773558,28.75,0.9969082474708557,35.0,,,,
train_07946,2,2,3,0.9808617234230042,0.005147089716047049,29.0,0.013991240411996841,30.0,0.9808617234230042,34.25,,,,
train_09271,1,1,2,0.9933071732521057,0.006692850962281227,29.75,0.9933071732521057,34.75,,,,,,
train_06003,0,0,3,0.9939515590667725,0.9939515590667725,33.5,0.002463759621605277,27.5,0.0035847490653395653,27.875,,,,
train_00654,0,0,2,0.9940890073776245,0.9940890073776245,34.0,0.005911068990826607,28.875,,,,,,
train_02713,0,0,3,0.9862913489341736,0.9862913489341736,33.5,0.008533092215657234,28.75,0.005175582133233547,28.25,,,,
train_02768,0,0,3,0.9905250668525696,0.9905250668525696,33.75,0.007562751416116953,28.875,0.0019121632212772965,27.5,,,,
train_09013,1,1,3,0.9922468662261963,0.0031581043731421232,29.5,0.9922468662261963,35.25,0.004595015197992325,29.875,,,,
train_05516,2,2,3,0.9959220886230469,0.0009081634343601763,27.75,0.0031698017846792936,29.0,0.9959220886230469,34.75,,,,
train_06533,1,1,3,0.9926152229309082,0.004596720915287733,30.125,0.9926152229309082,35.5,0.002788051962852478,29.625,,,,
train_10778,1,1,3,0.9931516647338867,0.004058783873915672,29.0,0.9931516647338867,34.5,0.002789558842778206,28.625,,,,
train_11313,0,0,3,0.9937053322792053,0.9937053322792053,34.25,0.004601769149303436,28.875,0.001692896243184805,27.875,,,,
train_02601,0,0,3,0.9729329943656921,0.9729329943656921,33.25,0.02592778578400612,29.625,0.0011391873704269528,26.5,,,,
train_04616,0,0,3,0.7535063028335571,0.7535063028335571,31.875,0.11555393785238266,30.0,0.13093975186347961,30.125,,,,
train_08932,1,1,3,0.9957062602043152,0.0014969836920499802,27.5,0.9957062602043152,34.0,0.002796733984723687,28.125,,,,
train_11941,0,0,3,0.9943676590919495,0.9943676590919495,34.0,0.004604836460202932,28.625,0.0010274777887389064,27.125,,,,
train_09851,1,1,2,0.9953904151916504,0.004609572701156139,29.875,0.9953904151916504,35.25,,,,,,
train_12301,0,0,2,0.9924227595329285,0.9924227595329285,34.25,0.007577240467071533,29.375,,,,,,
train_06050,0,0,3,0.9940441250801086,0.9940441250801086,33.75,0.0031638245563954115,28.0,0.0027920654974877834,27.875,,,,
train_03301,0,0,3,0.9928731918334961,0.9928731918334961,34.5,0.005210120230913162,29.25,0.0019166962010785937,28.25,,,,
train_00742,0,0,3,0.9918259382247925,0.9918259382247925,33.75,0.006682870909571648,28.75,0.0014911500038579106,27.25,,,,
train_09295,2,2,3,0.9829609990119934,0.0011509290197864175,27.75,0.015888085588812828,30.375,0.9829609990119934,34.5,,,,
train_00449,2,2,3,0.99054354429245,0.0027822330594062805,28.875,0.006674229633063078,29.75,0.99054354429245,34.75,,,,
train_02748,0,0,3,0.9569700360298157,0.9569700360298157,33.5,0.025502387434244156,29.875,0.017527518793940544,29.5,,,,
train_04885,2,2,3,0.996493399143219,0.0007076840847730637,28.0,0.002798945177346468,29.375,0.996493399143219,35.25,,,,
train_08711,1,1,3,0.9960336089134216,0.0024689205456525087,29.0,0.9960336089134216,35.0,0.0014974758960306644,28.5,,,,
train_00740,2,2,3,0.9032584428787231,0.0015388090396299958,28.625,0.09520273655653,32.75,0.9032584428787231,35.0,,,,
train_03001,0,0,3,0.9919319748878479,0.9919319748878479,34.25,0.005898242816329002,29.125,0.00216984236612916,28.125,,,,
train_00918,0,0,3,0.9897508025169373,0.9897508025169373,34.25,0.008563022129237652,29.5,0.0016861591720953584,27.875,,,,
train_09318,0,0,3,0.9905270338058472,0.9905270338058472,34.25,0.008569737896323204,29.5,0.0009032437228597701,27.25,,,,
train_01554,2,2,3,0.9974696636199951,0.0010306830517947674,28.125,0.0014996349345892668,28.5,0.9974696636199951,35.0,,,,
train_09859,0,0,3,0.9874217510223389,0.9874217510223389,35.0,0.008542872034013271,30.25,0.004035367164760828,29.5,,,,
train_10342,0,0,3,0.9746571779251099,0.9746571779251099,33.75,0.020228363573551178,29.875,0.005114531144499779,28.5,,,,
train_01992,0,0,3,0.9143074154853821,0.9143074154853821,32.5,0.04017186537384987,29.375,0.045520685613155365,29.5,,,,
train_10455,0,0,3,0.9942429661750793,0.9942429661750793,33.75,0.004063243977725506,28.25,0.0016938121989369392,27.375,,,,
train_02291,0,0,2,0.9820137619972229,0.9820137619972229,34.0,0.01798621006309986,30.0,,,,,,
train_06605,0,0,2,0.9890130758285522,0.9890130758285522,34.75,0.01098694372922182,30.25,,,,,,
train_07760,0,0,3,0.9598463773727417,0.9598463773727417,33.75,0.022573422640562057,30.0,0.017580199986696243,29.75,,,,
train_07831,0,0,3,0.9858306050300598,0.9858306050300598,34.0,0.007526909001171589,29.125,0.006642474327236414,29.0,,,,
train_03283,1,1,3,0.9700226187705994,0.012210782617330551,29.875,0.9700226187705994,34.25,0.01776658371090889,30.25,,,,
train_12459,1,1,3,0.9944137334823608,0.002793103689327836,29.375,0.9944137334823608,35.25,0.002793103689327836,29.375,,,,
train_02261,2,2,3,0.8514377474784851,0.0006046692724339664,27.25,0.1479576826095581,32.75,0.8514377474784851,34.5,,,,
train_02515,0,0,3,0.9966529011726379,0.9966529011726379,34.25,0.0021801693364977837,28.125,0.0011669604573398829,27.5,,,,
train_02343,0,0,3,0.9622441530227661,0.9622441530227661,33.0,0.025642938911914825,29.375,0.012112867087125778,28.625,,,,
train_06862,2,2,3,0.9901767373085022,0.003151515731588006,29.25,0.006671758368611336,30.0,0.9901767373085022,35.0,,,,
train_03104,2,2,3,0.9796292185783386,0.004536583553999662,29.125,0.015834230929613113,30.375,0.9796292185783386,34.5,,,,
train_10035,2,2,3,0.8481610417366028,0.00445074075832963,29.5,0.1473882794380188,33.0,0.8481610417366028,34.75,,,,
train_10620,0,0,3,0.9850317239761353,0.9850317239761353,35.0,0.010942715220153332,30.5,0.004025599453598261,29.5,,,,
train_04821,2,2,3,0.9757577776908875,0.0012946162605658174,27.875,0.02294762432575226,30.75,0.9757577776908875,34.5,,,,
train_05058,0,0,3,0.992779552936554,0.992779552936554,34.0,0.005903282668441534,28.875,0.0013172004837542772,27.375,,,,
train_12659,0,0,3,0.8783478140830994,0.8783478140830994,34.75,0.04955299571156502,31.875,0.07209917902946472,32.25,,,,
train_08637,1,1,3,0.9955106973648071,0.0031684923451393843,28.5,0.9955106973648071,34.25,0.0013208240270614624,27.625,,,,
train_12190,1,1,3,0.996604323387146,0.0016978350467979908,28.125,0.996604323387146,34.5,0.0016978350467979908,28.125,,,,
train_08571,0,0,2,0.9820137619972229,0.9820137619972229,33.25,0.01798621006309986,29.25,,,,,,
train_03806,0,0,3,0.9934773445129395,0.9934773445129395,34.25,0.004060115199536085,28.75,0.0024625842925161123,28.25,,,,
train_06118,0,0,3,0.9810402989387512,0.9810402989387512,34.0,0.012349475175142288,29.625,0.006610197946429253,29.0,,,,
train_09005,1,1,3,0.9984873533248901,0.0008035157807171345,27.625,0.9984873533248901,34.75,0.0007091001607477665,27.5,,,,
train_02871,2,2,3,0.7009350657463074,0.006871725898236036,28.125,0.292193204164505,31.875,0.7009350657463074,32.75,,,,
train_01471,2,2,3,0.9125558733940125,0.002563181798905134,28.125,0.08488091826438904,31.625,0.9125558733940125,34.0,,,,
train_03558,0,0,3,0.9871283769607544,0.9871283769607544,34.0,0.01096600666642189,29.5,0.0019056061282753944,27.75,,,,
train_05728,1,1,3,0.9951373934745789,0.0016953358426690102,28.875,0.9951373934745789,35.25,0.0031673042103648186,29.5,,,,
train_08470,1,1,3,0.9901200532913208,0.008566216565668583,30.5,0.9901200532913208,35.25,0.0013136719353497028,28.625,,,,
train_02316,0,0,3,0.996978759765625,0.996978759765625,35.0,0.0016984728863462806,28.625,0.0013227718882262707,28.375,,,,
train_02180,2,2,3,0.988150954246521,0.0021615715231746435,28.625,0.009687491692602634,30.125,0.988150954246521,34.75,,,,
train_03932,1,1,3,0.9929331541061401,0.0059041958302259445,29.375,0.9929331541061401,34.5,0.0011626051273196936,27.75,,,,
train_11294,0,0,3,0.9911177158355713,0.9911177158355713,34.0,0.007567276246845722,29.125,0.001314995577558875,27.375,,,,
train_04143,0,0,3,0.9979376792907715,0.9979376792907715,35.0,0.0010311666410416365,28.125,0.0010311666410416365,28.125,,,,
train_00991,1,1,3,0.9955078363418579,0.0016959670465439558,28.875,0.9955078363418579,35.25,0.0027961768209934235,29.375,,,,
train_08150,0,0,3,0.9983806610107422,0.9983806610107422,34.75,0.0009104053024202585,27.75,0.0007090243743732572,27.5,,,,
train_03465,2,2,3,0.9915254712104797,0.0009041542070917785,27.75,0.007570390123873949,29.875,0.9915254712104797,34.75,,,,
train_00859,0,0,3,0.9801517128944397,0.9801517128944397,33.75,0.015842676162719727,29.625,0.004005656111985445,28.25,,,,
train_08859,0,0,3,0.9956080317497253,0.9956080317497253,33.75,0.00359072326682508,28.125,0.0008011986501514912,26.625,,,,
train_01419,2,2,3,0.9964979887008667,0.001322134048677981,28.125,0.0021798305679112673,28.625,0.9964979887008667,34.75,,,,
train_03421,2,2,3,0.9367378950119019,0.003378404537215829,28.375,0.05988365039229393,31.25,0.9367378950119019,34.0,,,,
train_11322,2,2,3,0.9878666400909424,0.0024486766196787357,28.5,0.00968470424413681,29.875,0.9878666400909424,34.5,,,,
train_03018,3,3,4,0.9956995248794556,0.001321074552834034,28.125,0.0008012722828425467,27.625,0.002178083872422576,28.625,0.9956995248794556,34.75,,
train_02285,2,2,3,0.9783958792686462,0.0012981165200471878,28.375,0.02030595950782299,31.125,0.9783958792686462,35.0,,,,
train_00851,2,2,3,0.9878901839256287,0.00356288836337626,28.875,0.008546924218535423,29.75,0.9878901839256287,34.5,,,,
train_05252,0,0,3,0.8725379109382629,0.8725379109382629,33.0,0.1042097881436348,30.875,0.023252347484230995,29.375,,,,
train_02513,2,2,3,0.9955106973648071,0.0013208240270614624,28.625,0.0031684923451393843,29.5,0.9955106973648071,35.25,,,,
train_02644,1,1,3,0.984503984451294,0.004559158347547054,28.375,0.984503984451294,33.75,0.010936852544546127,29.25,,,,
train_05928,0,0,3,0.9963994026184082,0.9963994026184082,34.75,0.0027986811473965645,28.875,0.0008018355001695454,27.625,,,,
train_01959,0,0,3,0.9901767373085022,0.9901767373085022,33.75,0.006671758368611336,28.75,0.003151515731588006,28.0,,,,
train_03562,1,1,3,0.9923654198646545,0.0035790286492556334,28.875,0.9923654198646545,34.5,0.004055570811033249,29.0,,,,
train_07747,0,0,3,0.9947403073310852,0.9947403073310852,33.75,0.0024657147005200386,27.75,0.0027940208092331886,27.875,,,,
train_03037,0,0,3,0.9958989024162292,0.9958989024162292,34.25,0.0019225372234359384,28.0,0.0021785201970487833,28.125,,,,
train_02863,2,2,3,0.9976751208305359,0.0006252696039155126,27.625,0.0016996592748910189,28.625,0.9976751208305359,35.0,,,,
train_11041,0,0,3,0.9973328113555908,0.9973328113555908,35.0,0.0014994291123002768,28.5,0.0011677566217258573,28.25,,,,
train_02548,0,0,3,0.9522296190261841,0.9522296190261841,32.75,0.025376060977578163,29.125,0.022394295781850815,29.0,,,,
train_06179,1,1,3,0.9963790774345398,0.0019234641222283244,28.0,0.9963790774345398,34.25,0.0016974512254819274,27.875,,,,
train_08885,0,0,3,0.9700226187705994,0.9700226187705994,33.0,0.01776658371090889,29.0,0.012210782617330551,28.625,,,,
train_05459,1,1,3,0.9958016276359558,0.0031694183126091957,29.25,0.9958016276359558,35.0,0.0010289594065397978,28.125,,,,
train_06140,1,1,3,0.9967532753944397,0.0013224728172644973,28.125,0.9967532753944397,34.75,0.0019241865957155824,28.5,,,,
train_06599,2,2,3,0.9810209274291992,0.0031223746482282877,28.5,0.015856726095080376,30.125,0.9810209274291992,34.25,,,,
train_11848,1,1,3,0.9973534345626831,0.0013232689816504717,28.625,0.9973534345626831,35.25,0.0013232689816504717,28.625,,,,
train_06133,1,1,3,0.9883038997650146,0.008550504222512245,29.75,0.9883038997650146,34.5,0.0031455548014491796,28.75,,,,
train_12613,0,0,3,0.9969082474708557,0.9969082474708557,34.75,0.0019244856666773558,28.5,0.0011672595283016562,28.0,,,,
train_06838,0,0,2,0.9988304972648621,0.9988304972648621,34.5,0.0011695101857185364,27.75,,,,,,
train_01658,0,0,2,0.9947799444198608,0.9947799444198608,34.5,0.005220125894993544,29.25,,,,,,
train_07662,0,0,2,0.9626730680465698,0.9626730680465698,34.5,0.037326883524656296,31.25,,,,,,
train_06841,2,2,3,0.9835985898971558,0.0040197428315877914,29.0,0.012381679378449917,30.125,0.9835985898971558,34.5,,,,
train_03642,2,2,3,0.9919319748878479,0.00216984236612916,28.375,0.005898242816329002,29.375,0.9919319748878479,34.5,,,,
train_04265,0,0,2,0.957912266254425,0.957912266254425,34.25,0.042087726294994354,31.125,,,,,,
train_06528,0,0,2,0.9890130758285522,0.9890130758285522,33.75,0.01098694372922182,29.25,,,,,,
train_06565,2,2,3,0.9940187931060791,0.004062327556312084,29.75,0.00191890774294734,29.0,0.9940187931060791,35.25,,,,
train_03074,2,2,3,0.9946873188018799,0.0007064014789648354,27.75,0.004606316331773996,29.625,0.9946873188018799,35.0,,,,
train_09185,0,0,3,0.9651523232460022,0.9651523232460022,33.5,0.022698208689689636,29.75,0.012149474583566189,29.125,,,,
train_01423,2,2,3,0.993188738822937,0.0009056708659045398,28.0,0.005905715748667717,29.875,0.993188738822937,35.0,,,,
train_05445,1,1,3,0.9747056365013123,0.007441968657076359,29.875,0.9747056365013123,34.75,0.017852356657385826,30.75,,,,
train_09126,1,1,2,0.9669140577316284,0.03308597952127457,30.875,0.9669140577316284,34.25,,,,,,
train_10547,1,1,2,0.9525741338729858,0.04742587357759476,32.0,0.9525741338729858,35.0,,,,,,
train_03859,2,2,3,0.9668523073196411,0.003951304592192173,28.5,0.02919641137123108,30.5,0.9668523073196411,34.0,,,,
train_10379,2,2,3,0.9961726069450378,0.0010293427621945739,27.875,0.002798043889924884,28.875,0.9961726069450378,34.75,,,,
train_03053,1,1,3,0.9953356385231018,0.0014964265283197165,28.0,0.9953356385231018,34.5,0.0031679351814091206,28.75,,,,
train_00405,2,2,3,0.9979671835899353,0.0007087307749316096,28.0,0.001324083306826651,28.625,0.9979671835899353,35.25,,,,
train_08702,1,1,3,0.8110736012458801,0.007951485924422741,29.875,0.8110736012458801,34.5,0.18097499012947083,33.0,,,,
train_03791,1,1,3,0.9970449805259705,0.0019247495802119374,28.75,0.9970449805259705,35.0,0.0010302441660314798,28.125,,,,
train_04972,0,0,3,0.9946156144142151,0.9946156144142151,34.25,0.004064766690135002,28.75,0.0013196364743635058,27.625,,,,
train_00564,2,2,3,0.9952830672264099,0.0019213483901694417,28.5,0.002795545384287834,28.875,0.9952830672264099,34.75,,,,
train_06299,1,1,2,0.9971990585327148,0.0028009270317852497,29.125,0.9971990585327148,35.0,,,,,,
train_04563,2,2,3,0.9884139895439148,0.004039422143250704,28.25,0.00754663348197937,28.875,0.9884139895439148,33.75,,,,
train_11952,0,0,3,0.980885922908783,0.980885922908783,34.25,0.01796555332839489,30.25,0.0011484993156045675,27.5,,,,
train_10915,0,0,2,0.9959298968315125,0.9959298968315125,34.5,0.004070138093084097,29.0,,,,,,
train_02364,1,1,3,0.9940441250801086,0.0027920654974877834,28.625,0.9940441250801086,34.5,0.0031638245563954115,28.75,,,,
train_02947,2,2,3,0.9949070811271667,0.00048560946015641093,27.375,0.004607334267348051,29.625,0.9949070811271667,35.0,,,,
train_00775,0,0,3,0.9840633869171143,0.9840633869171143,34.25,0.012387529946863651,29.875,0.0035490868613123894,28.625,,,,
train_11989,1,1,3,0.9597324728965759,0.003054618136957288,29.75,0.9597324728965759,35.5,0.03721286728978157,32.25,,,,
train_02552,1,1,3,0.997133731842041,0.0011675235582515597,28.75,0.997133731842041,35.5,0.001698736916296184,29.125,,,,
train_07959,0,0,3,0.9787933230400085,0.9787933230400085,34.5,0.020314205437898636,30.625,0.0008925439906306565,27.5,,,,
train_05742,1,1,3,0.9874217510223389,0.004035367164760828,30.25,0.9874217510223389,35.75,0.008542872034013271,31.0,,,,
train_01291,1,1,3,0.9738498330116272,0.01225895993411541,29.875,0.9738498330116272,34.25,0.013891221024096012,30.0,,,,
train_04697,0,0,2,0.9796676635742188,0.9796676635742188,33.25,0.020332353189587593,29.375,,,,,,
train_01745,1,1,3,0.99054354429245,0.0027822330594062805,28.875,0.99054354429245,34.75,0.006674229633063078,29.75,,,,
train_10433,2,2,3,0.9786769151687622,0.0010112645104527473,27.375,0.020311791449785233,30.375,0.9786769151687622,34.25,,,,
train_03453,1,1,2,0.9740425944328308,0.02595735713839531,30.625,0.9740425944328308,34.25,,,,,,
train_10912,0,0,2,0.9975274205207825,0.9975274205207825,34.0,0.0024726232513785362,28.0,,,,,,
train_08891,1,1,3,0.9878666400909424,0.00968470424413681,28.875,0.9878666400909424,33.5,0.0024486766196787357,27.5,,,,
train_06089,2,2,3,0.9752432107925415,0.004516272339969873,28.875,0.020240526646375656,30.375,0.9752432107925415,34.25,,,,
train_04898,1,1,3,0.9901767373085022,0.003151515731588006,30.0,0.9901767373085022,35.75,0.006671758368611336,30.75,,,,
train_09863,0,0,3,0.9726497530937195,0.9726497530937195,34.75,0.017814701423048973,30.75,0.009535523131489754,30.125,,,,
train_07659,0,0,3,0.9807697534561157,0.9807697534561157,33.5,0.009615128859877586,28.875,0.009615128859877586,28.875,,,,
train_09032,0,0,3,0.9850317239761353,0.9850317239761353,33.75,0.010942715220153332,29.25,0.004025599453598261,28.25,,,,
train_05440,0,0,2,0.9890130758285522,0.9890130758285522,33.75,0.01098694372922182,29.25,,,,,,
train_11140,1,1,3,0.9746571779251099,0.005114531144499779,30.5,0.9746571779251099,35.75,0.020228363573551178,31.875,,,,
train_00583,2,2,3,0.9796292185783386,0.0024282580707222223,27.75,0.017942534759640694,29.75,0.9796292185783386,33.75,,,,
train_04219,0,0,3,0.9895285964012146,0.9895285964012146,34.0,0.008561099879443645,29.25,0.0019102395744994283,27.75,,,,
train_06670,2,2,3,0.9952260255813599,0.0007067840197123587,27.5,0.00406726123765111,29.25,0.9952260255813599,34.75,,,,
train_09869,2,2,3,0.9877169728279114,0.0013104835525155067,27.875,0.010972544550895691,30.0,0.9877169728279114,34.5,,,,
train_08103,1,1,2,0.9975274205207825,0.0024726232513785362,29.25,0.9975274205207825,35.25,,,,,,
train_10346,0,0,3,0.9865944385528564,0.9865944385528564,33.75,0.010960075072944164,29.25,0.0024455231614410877,27.75,,,,
train_06201,3,3,4,0.994904637336731,0.0008006325806491077,27.875,0.000706555787473917,27.75,0.0035881863441318274,29.375,0.994904637336731,35.0,,
train_01784,0,0,3,0.9848435521125793,0.9848435521125793,33.0,0.006635823752731085,28.0,0.00852056685835123,28.25,,,,
train_01969,1,1,3,0.9867032766342163,0.006648354697972536,30.0,0.9867032766342163,35.0,0.006648354697972536,30.0,,,,
train_11651,2,2,4,0.9946542978286743,0.0004854860599152744,26.875,0.003165766829624772,28.75,0.9946542978286743,34.5,0.0016945129027590156,28.125,,
train_01159,2,2,3,0.9868914484977722,0.004570214543491602,28.875,0.008538284339010715,29.5,0.9868914484977722,34.25,,,,
train_02477,0,0,3,0.9874217510223389,0.9874217510223389,34.0,0.008542872034013271,29.25,0.004035367164760828,28.5,,,,
train_07474,0,0,3,0.9909536838531494,0.9909536838531494,34.0,0.005892425775527954,28.875,0.00315398839302361,28.25,,,,
train_12672,1,1,3,0.9963790774345398,0.0016974512254819274,28.875,0.9963790774345398,35.25,0.0019234641222283244,29.0,,,,
train_06100,2,2,3,0.9884019494056702,0.0019080647034570575,29.0,0.009689952246844769,30.625,0.9884019494056702,35.25,,,,
train_02405,0,0,2,0.9989677667617798,0.9989677667617798,34.5,0.0010322310263291001,27.625,,,,,,
train_02177,2,2,3,0.986877977848053,0.0021587868686765432,28.125,0.010963224805891514,29.75,0.986877977848053,34.25,,,,
train_02941,0,0,3,0.985909640789032,0.985909640789032,34.25,0.01095246709883213,29.75,0.0031379342544823885,28.5,,,,
train_10622,1,1,3,0.9850317239761353,0.004025599453598261,30.0,0.9850317239761353,35.5,0.010942715220153332,31.0,,,,
train_03607,2,2,3,0.992605447769165,0.0014923219569027424,27.75,0.005902247503399849,29.125,0.992605447769165,34.25,,,,
train_02171,0,0,3,0.9983404874801636,0.9983404874801636,35.0,0.0013245786540210247,28.375,0.0003349059261381626,27.0,,,,
train_06352,0,0,2,0.9399133324623108,0.9399133324623108,32.75,0.06008664518594742,30.0,,,,,,
train_09484,0,0,3,0.6074815988540649,0.6074815988540649,32.25,0.10556446015834808,30.5,0.28695398569107056,31.5,,,,
train_07514,1,1,3,0.9918298125267029,0.004593083634972572,28.125,0.9918298125267029,33.5,0.003577096853405237,27.875,,,,
train_01350,0,0,2,0.9953904151916504,0.9953904151916504,34.0,0.004609572701156139,28.625,,,,,,
train_05367,2,2,4,0.9833874702453613,0.001478463294915855,27.25,0.006626012735068798,28.75,0.9833874702453613,33.75,0.008507968857884407,29.0,,
train_12255,1,1,4,0.9956275224685669,0.0011657599825412035,27.5,0.9956275224685669,34.25,0.002177926478907466,28.125,0.0010287795448675752,27.375,,
train_01953,1,1,3,0.9892978668212891,0.0031487185042351484,30.0,0.9892978668212891,35.75,0.007553382311016321,30.875,,,,
train_00475,2,2,3,0.9944878220558167,0.0009068555082194507,28.0,0.004605392459779978,29.625,0.9944878220558167,35.0,,,,
train_09423,0,0,3,0.9975085258483887,0.9975085258483887,34.25,0.0013234748039394617,27.625,0.0011679624440148473,27.5,,,,
train_04334,2,2,3,0.9832135438919067,0.0027616447769105434,28.625,0.014024787582457066,30.25,0.9832135438919067,34.5,,,,
train_08260,1,1,3,0.9944934844970703,0.0019198240479454398,28.75,0.9944934844970703,35.0,0.003586703445762396,29.375,,,,
train_11492,0,0,2,0.9947799444198608,0.9947799444198608,34.5,0.005220125894993544,29.25,,,,,,
train_04686,0,0,3,0.9966529011726379,0.9966529011726379,34.5,0.0011669604573398829,27.75,0.0021801693364977837,28.375,,,,
train_06916,1,1,3,0.9963424801826477,0.0031711398623883724,29.0,0.9963424801826477,34.75,0.0004863100766669959,27.125,,,,
train_01114,0,0,3,0.9854978322982788,0.9854978322982788,33.25,0.010947893373668194,28.75,0.0035542603582143784,27.625,,,,
train_08375,1,1,2,0.9964063763618469,0.0035936026833951473,29.625,0.9964063763618469,35.25,,,,,,
train_00152,0,0,3,0.9984009861946106,0.9984009861946106,35.0,0.001169007271528244,28.25,0.00043005376937799156,27.25,,,,
train_05817,0,0,3,0.994239330291748,0.994239330291748,34.0,0.0035857870243489742,28.375,0.0021748896688222885,27.875,,,,
train_08502,0,0,3,0.9839067459106445,0.9839067459106445,34.0,0.010930217802524567,29.5,0.005163068883121014,28.75,,,,
train_12111,1,1,3,0.9867032766342163,0.006648354697972536,30.0,0.9867032766342163,35.0,0.006648354697972536,30.0,,,,
train_06521,0,0,3,0.9601456522941589,0.9601456522941589,35.0,0.019927186891436577,31.125,0.019927186891436577,31.125,,,,
train_09528,0,0,3,0.9928731918334961,0.9928731918334961,33.75,0.005210120230913162,28.5,0.0019166962010785937,27.5,,,,
train_01515,2,2,4,0.9821073412895203,0.004548059776425362,28.875,0.0024344008415937424,28.25,0.9821073412895203,34.25,0.01091022789478302,29.75,,
train_00848,1,1,3,0.9958016276359558,0.0010289594065397978,27.875,0.9958016276359558,34.75,0.0031694183126091957,29.0,,,,
train_10557,1,1,3,0.9969102740287781,0.0009090644889511168,27.25,0.9969102740287781,34.25,0.0021807323209941387,28.125,,,,
train_11103,2,2,3,0.9459933042526245,0.01732647232711315,29.75,0.03668013960123062,30.5,0.9459933042526245,33.75,,,,
train_09838,0,0,3,0.9651523232460022,0.9651523232460022,34.75,0.012149474583566189,30.375,0.022698208689689636,31.0,,,,
train_08173,0,0,3,0.8978958129882812,0.8978958129882812,33.5,0.05740055814385414,30.75,0.04470359906554222,30.5,,,,
train_07431,0,0,3,0.9959220886230469,0.9959220886230469,33.0,0.0031698017846792936,27.25,0.0009081634343601763,26.0,,,,
train_03226,0,0,4,0.982126772403717,0.982126772403717,33.0,0.00849706120789051,28.25,0.0027585921343415976,27.125,0.00661751814186573,28.0,,
train_03911,1,1,3,0.9892770051956177,0.002164034638553858,29.875,0.9892770051956177,36.0,0.008558923378586769,31.25,,,,
train_11813,1,1,3,0.996208906173706,0.0013217504601925611,28.875,0.996208906173706,35.5,0.002469355007633567,29.5,,,,
train_09495,1,1,3,0.9937648773193359,0.0040612900629639626,29.75,0.9937648773193359,35.25,0.002173851942643523,29.125,,,,
train_11421,0,0,3,0.9801556468009949,0.9801556468009949,34.5,0.017952177673578262,30.5,0.0018921454902738333,28.25,,,,
train_06790,1,1,3,0.9902729392051697,0.002166213234886527,29.625,0.9902729392051697,35.75,0.00756082683801651,30.875,,,,
train_04081,0,0,3,0.9945936799049377,0.9945936799049377,34.75,0.004605882801115513,29.375,0.0008003824041225016,27.625,,,,
train_01123,0,0,3,0.9928731918334961,0.9928731918334961,34.5,0.005210120230913162,29.25,0.0019166962010785937,28.25,,,,
train_04990,1,1,3,0.9975905418395996,0.0009096848079934716,28.0,0.9975905418395996,35.0,0.0014998166589066386,28.5,,,,
train_08582,0,0,3,0.9892978668212891,0.9892978668212891,33.75,0.007553382311016321,28.875,0.0031487185042351484,28.0,,,,
train_06030,1,1,3,0.9928731918334961,0.0019166962010785937,28.75,0.9928731918334961,35.0,0.005210120230913162,29.75,,,,
train_02087,0,0,3,0.9955019354820251,0.9955019354820251,33.5,0.0035903407260775566,27.875,0.000907780253328383,26.5,,,,
train_11239,0,0,4,0.9981021285057068,0.9981021285057068,34.0,0.0004871689307037741,26.375,0.0003794075164478272,26.125,0.001031336490996182,27.125,,
train_09913,0,0,3,0.9934813976287842,0.9934813976287842,33.5,0.004600731655955315,28.125,0.0019178702495992184,27.25,,,,
train_06197,0,0,3,0.9927829504013062,0.9927829504013062,34.0,0.0040572769939899445,28.5,0.0031598107889294624,28.25,,,,
train_01732,2,2,3,0.9479232430458069,0.036754973232746124,31.75,0.015321752056479454,30.875,0.9479232430458069,35.0,,,,
train_11132,0,0,3,0.997920572757721,0.997920572757721,34.5,0.0017000773223116994,28.125,0.0003793385112658143,26.625,,,,
train_11674,0,0,3,0.9919997453689575,0.9919997453689575,34.0,0.006684042047709227,29.0,0.0013161659007892013,27.375,,,,
train_10888,2,2,3,0.9981653094291687,0.0008032565820030868,28.125,0.0010314017999917269,28.375,0.9981653094291687,35.25,,,,
train_03818,1,1,3,0.9979216456413269,0.0011684460332617164,28.5,0.9979216456413269,35.25,0.0009099867311306298,28.25,,,,
train_10772,2,2,3,0.986877977848053,0.0021587868686765432,28.625,0.010963224805891514,30.25,0.986877977848053,34.75,,,,
train_07913,1,1,3,0.8834920525550842,0.0439864806830883,32.75,0.8834920525550842,35.75,0.07252144813537598,33.25,,,,
train_01216,0,0,2,0.9902915358543396,0.9902915358543396,33.75,0.009708477184176445,29.125,,,,,,
train_10122,3,3,4,0.9942967295646667,0.0019194443011656404,28.25,0.0013192134210839868,27.875,0.002464615274220705,28.5,0.9942967295646667,34.5,,
train_00621,1,1,3,0.9735919833183289,0.0035113210324198008,30.125,0.9735919833183289,35.75,0.022896690294146538,32.0,,,,
train_07864,1,1,2,0.9914224743843079,0.008577484637498856,29.75,0.9914224743843079,34.5,,,,,,
train_11906,1,1,3,0.996978759765625,0.0013227718882262707,28.625,0.996978759765625,35.25,0.0016984728863462806,28.875,,,,
train_12175,0,0,3,0.9985352754592896,0.9985352754592896,35.0,0.0011691645486280322,28.25,0.0002956111275125295,26.875,,,,
train_03616,1,1,2,0.9959298968315125,0.004070138093084097,29.25,0.9959298968315125,34.75,,,,,,
train_00945,2,2,3,0.8803681135177612,0.00048691785195842385,27.0,0.11914487183094025,32.5,0.8803681135177612,34.5,,,,
train_12656,2,2,3,0.9818029403686523,0.005838013719767332,28.625,0.012359075248241425,29.375,0.9818029403686523,33.75,,,,
train_10814,0,0,2,0.977022647857666,0.977022647857666,33.25,0.022977370768785477,29.5,,,,,,
train_08588,2,2,3,0.9940775632858276,0.001318922615610063,28.125,0.004603492561727762,29.375,0.9940775632858276,34.75,,,,
train_08810,0,0,3,0.9810402989387512,0.9810402989387512,34.25,0.012349475175142288,29.875,0.006610197946429253,29.25,,,,
train_03483,0,0,3,0.9960361123085022,0.9960361123085022,34.5,0.0027976606506854296,28.625,0.0011662383330985904,27.75,,,,
train_03319,0,0,3,0.9964979887008667,0.9964979887008667,34.5,0.0021798305679112673,28.375,0.001322134048677981,27.875,,,,
train_03829,0,0,3,0.9874217510223389,0.9874217510223389,34.75,0.008542872034013271,30.0,0.004035367164760828,29.25,,,,
train_11231,1,1,3,0.9897508025169373,0.008563022129237652,29.75,0.9897508025169373,34.5,0.0016861591720953584,28.125,,,,
train_11746,2,2,3,0.9981884360313416,0.00048721107305027544,27.125,0.0013243769062682986,28.125,0.9981884360313416,34.75,,,,
train_10367,1,1,2,0.9971990585327148,0.0028009270317852497,29.125,0.9971990585327148,35.0,,,,,,
train_05059,0,0,3,0.9984959363937378,0.9984959363937378,34.25,0.0011691184481605887,27.5,0.0003349580802023411,26.25,,,,
train_02200,0,0,3,0.9984513521194458,0.9984513521194458,35.0,0.0011690662940964103,28.25,0.00037954028812237084,27.125,,,,
train_02160,1,0,2,0.5,0.5,30.75,0.5,30.75,,,,,,
train_05339,1,1,3,0.9937053322792053,0.001692896243184805,28.875,0.9937053322792053,35.25,0.004601769149303436,29.875,,,,
train_11654,0,0,3,0.5121442675590515,0.5121442675590515,32.5,0.39885836839675903,32.25,0.08899732679128647,30.75,,,,
train_07855,0,0,2,0.9399133324623108,0.9399133324623108,33.25,0.06008664518594742,30.5,,,,,,
train_07358,2,2,4,0.8036195039749146,0.006952670868486166,27.5,0.010116077028214931,27.875,0.8036195039749146,32.25,0.17931175231933594,30.75,,
train_10485,2,2,4,0.954932689666748,0.001266986015252769,27.375,0.0018434537341818213,27.75,0.954932689666748,34.0,0.041956815868616104,30.875,,
train_08199,3,3,4,0.9664586782455444,0.0027145836502313614,27.875,0.005071509629487991,28.5,0.025755250826478004,30.125,0.9664586782455444,33.75,,
train_12131,0,0,2,0.9953904151916504,0.9953904151916504,33.75,0.004609572701156139,28.375,,,,,,
train_03302,1,1,3,0.9902729392051697,0.002166213234886527,28.875,0.9902729392051697,35.0,0.00756082683801651,30.125,,,,
train_01560,0,0,3,0.9944408535957336,0.9944408535957336,34.75,0.004064052831381559,29.25,0.0014950813492760062,28.25,,,,
train_05733,1,1,4,0.984176516532898,0.0021528773941099644,27.375,0.984176516532898,33.5,0.004022104665637016,28.0,0.009648527950048447,28.875,,
train_01604,0,0,4,0.9963808655738831,0.9963808655738831,34.0,0.002798628993332386,28.125,0.00048632879042997956,26.375,0.0003342485288158059,26.0,,
train_07525,1,1,4,0.9958979487419128,0.0014972720528021455,27.5,0.9958979487419128,34.0,0.0016966316616162658,27.625,0.000908141431864351,27.0,,
train_05262,0,0,2,0.9971990585327148,0.9971990585327148,34.0,0.0028009270317852497,28.125,,,,,,
train_12711,1,1,3,0.9824659824371338,0.006619803607463837,31.25,0.9824659824371338,36.25,0.010914212092757225,31.75,,,,
train_07378,1,1,3,0.9916308522224426,0.0007979981019161642,28.625,0.9916308522224426,35.75,0.0075711943209171295,30.875,,,,
train_06185,0,0,3,0.9862732291221619,0.9862732291221619,33.75,0.010956507176160812,29.25,0.0027702387887984514,27.875,,,,
train_01589,1,1,3,0.9848435521125793,0.00852056685835123,29.75,0.9848435521125793,34.5,0.006635823752731085,29.5,,,,
train_02199,1,1,3,0.9886693358421326,0.0027769687585532665,28.625,0.9886693358421326,34.5,0.00855366513133049,29.75,,,,
train_06471,0,0,4,0.9916268587112427,0.9916268587112427,33.75,0.005896428599953651,28.625,0.0011610756628215313,27.0,0.0013156711356714368,27.125,,
train_07313,1,1,2,0.9971990585327148,0.0028009270317852497,29.375,0.9971990585327148,35.25,,,,,,
train_05056,0,0,3,0.9225048422813416,0.9225048422813416,34.5,0.03156638145446777,31.125,0.04592881351709366,31.5,,,,
train_12372,1,1,2,0.9902915358543396,0.009708477184176445,30.375,0.9902915358543396,35.0,,,,,,
train_11476,2,2,3,0.9945936799049377,0.0008003824041225016,28.375,0.004605882801115513,30.125,0.9945936799049377,35.5,,,,
train_11049,1,1,4,0.9774935245513916,0.007463254500180483,28.625,0.9774935245513916,33.5,0.008456976152956486,28.75,0.006586299743503332,28.5,,
train_10483,1,1,2,0.9859364032745361,0.014063626527786255,30.0,0.9859364032745361,34.25,,,,,,
train_02138,0,0,4,0.9766035079956055,0.9766035079956055,33.5,0.0045225718058645725,28.125,0.006580302491784096,28.5,0.012293623760342598,29.125,,
train_03745,2,2,3,0.9984873533248901,0.0008035157807171345,27.625,0.0007091001607477665,27.5,0.9984873533248901,34.75,,,,
train_08533,0,0,3,0.9752546548843384,0.9752546548843384,33.25,0.013911260291934013,29.0,0.01083410158753395,28.75,,,,
train_09113,0,0,3,0.991270899772644,0.991270899772644,33.25,0.007568445987999439,28.375,0.001160658779554069,26.5,,,,
train_01967,2,2,3,0.9875446557998657,0.002773809712380171,28.625,0.009681547060608864,29.875,0.9875446557998657,34.5,,,,
train_05655,0,0,4,0.986533522605896,0.986533522605896,33.25,0.004031736869364977,27.75,0.0008996021351777017,26.25,0.008535187691450119,28.5,,
train_12214,2,2,3,0.9848365187644958,0.0027662033680826426,28.125,0.012397262267768383,29.625,0.9848365187644958,34.0,,,,
train_04940,2,2,3,0.9914060831069946,0.0019138639327138662,28.25,0.006680041551589966,29.5,0.9914060831069946,34.5,,,,
train_08177,2,2,4,0.9903914928436279,0.0010233691427856684,26.875,0.0010233691427856684,26.875,0.9903914928436279,33.75,0.007561732083559036,28.875,,
train_01840,1,1,4,0.9915195107460022,0.003155789338052273,28.5,0.9915195107460022,34.25,0.003155789338052273,28.5,0.002168940147385001,28.125,,
train_06563,0,0,3,0.8450508117675781,0.8450508117675781,32.25,0.05402228981256485,29.5,0.10092692822217941,30.125,,,,
train_06308,1,1,2,0.9968273043632507,0.0031726830638945103,29.5,0.9968273043632507,35.25,,,,,,
train_03471,1,1,4,0.9725390076637268,0.01781267300248146,30.5,0.9725390076637268,34.5,0.0030953786335885525,28.75,0.00655291648581624,29.5,,
train_09956,0,0,3,0.9810402989387512,0.9810402989387512,34.5,0.006610197946429253,29.5,0.012349475175142288,30.125,,,,
train_01077,3,3,4,0.9784387946128845,0.0008922207052819431,26.5,0.002748233499005437,27.625,0.017920732498168945,29.5,0.9784387946128845,33.5,,
train_08726,1,1,3,0.9801515936851501,0.004005655646324158,30.25,0.9801515936851501,35.75,0.015842674300074577,31.625,,,,
train_03620,0,0,4,0.9916028380393982,0.9916028380393982,34.0,0.002169122453778982,27.875,0.0010246208403259516,27.125,0.005203454289585352,28.75,,
train_11957,2,2,3,0.993188738822937,0.0009056708659045398,27.75,0.005905715748667717,29.625,0.993188738822937,34.75,,,,
train_02483,0,0,4,0.9911066889762878,0.9911066889762878,34.0,0.00405042665079236,28.5,0.0016884690849110484,27.625,0.003154475474730134,28.25,,
train_04595,1,1,3,0.9967532753944397,0.0013224728172644973,27.625,0.9967532753944397,34.25,0.0019241865957155824,28.0,,,,
train_09940,1,1,3,0.9931516647338867,0.002789558842778206,28.875,0.9931516647338867,34.75,0.004058783873915672,29.25,,,,
train_06168,0,0,4,0.9941967725753784,0.9941967725753784,34.0,0.0024643675424158573,28.0,0.001164084766060114,27.25,0.0021747967693954706,27.875,,
train_03398,0,0,3,0.99812251329422,0.99812251329422,35.0,0.0011686813086271286,28.25,0.0007088410784490407,27.75,,,,
train_02650,0,0,2,0.9953904151916504,0.9953904151916504,34.25,0.004609572701156139,28.875,,,,,,
train_07648,2,2,3,0.994297206401825,0.000485311757074669,27.125,0.0052175926975905895,29.5,0.994297206401825,34.75,,,,
train_09769,1,1,2,0.9947799444198608,0.005220125894993544,30.0,0.9947799444198608,35.25,,,,,,
train_08221,0,0,2,0.9953904151916504,0.9953904151916504,34.0,0.004609572701156139,28.625,,,,,,
train_08509,1,1,3,0.9878666400909424,0.0024486766196787357,29.5,0.9878666400909424,35.5,0.00968470424413681,30.875,,,,
train_05878,2,2,3,0.9958989024162292,0.0019225372234359384,28.75,0.0021785201970487833,28.875,0.9958989024162292,35.0,,,,
train_04044,0,0,2,0.9875683188438416,0.9875683188438416,33.75,0.01243165135383606,29.375,,,,,,
train_01709,0,0,2,0.9859364032745361,0.9859364032745361,34.0,0.014063626527786255,29.75,,,,,,
train_02169,2,2,3,0.9478362798690796,0.004973788280040026,28.5,0.04718998819589615,30.75,0.9478362798690796,33.75,,,,
train_12284,1,1,3,0.9959219694137573,0.00316980155184865,29.25,0.9959219694137573,35.0,0.0009081633179448545,28.0,,,,
train_04750,0,0,3,0.7446454763412476,0.7446454763412476,33.0,0.042010027915239334,30.125,0.2133445143699646,31.75,,,,
train_11158,3,3,4,0.9727645516395569,0.015723275020718575,30.125,0.0030960964504629374,28.5,0.008416062220931053,29.5,0.9727645516395569,34.25,,
train_07279,2,2,3,0.9888193011283875,0.0014866295969113708,27.75,0.009694043546915054,29.625,0.9888193011283875,34.25,,,,
train_02678,4,2,5,0.6213349103927612,0.0272995512932539,29.625,0.0272995512932539,29.625,0.6213349103927612,32.75,0.20171791315078735,31.625,0.12234809249639511,31.125
train_09957,0,0,2,0.9971990585327148,0.9971990585327148,34.75,0.0028009270317852497,28.875,,,,,,
train_00452,1,1,4,0.9958140254020691,0.0035914662294089794,29.375,0.9958140254020691,35.0,0.00048605212941765785,27.375,0.0001084528848878108,25.875,,
train_00998,2,2,4,0.9881324172019958,0.0011569841299206018,27.25,0.0021615310106426477,27.875,0.9881324172019958,34.0,0.008549020625650883,29.25,,
train_03651,0,0,2,0.9978172779083252,0.9978172779083252,34.0,0.002182716503739357,27.875,,,,,,
train_07806,0,0,2,0.9933071732521057,0.9933071732521057,34.0,0.006692850962281227,29.0,,,,,,
train_05669,3,3,4,0.9879271388053894,0.0021610818803310394,28.125,0.005874429363757372,29.125,0.004037432372570038,28.75,0.9879271388053894,34.25,,
train_01753,1,1,2,0.9968273043632507,0.0031726830638945103,29.0,0.9968273043632507,34.75,,,,,,
train_08253,0,0,2,0.9990890026092529,0.9990890026092529,34.25,0.0009110512328334153,27.25,,,,,,
train_08406,2,2,4,0.9453093409538269,0.01050143875181675,28.75,0.0026551794726401567,27.375,0.9453093409538269,33.25,0.04153399541974068,30.125,,
train_09727,0,0,2,0.9940890073776245,0.9940890073776245,34.25,0.005911068990826607,29.125,,,,,,
train_10597,0,0,2,0.9740425944328308,0.9740425944328308,34.5,0.02595735713839531,30.875,,,,,,
train_09036,0,0,2,0.9796676635742188,0.9796676635742188,33.75,0.020332353189587593,29.875,,,,,,
train_04393,0,0,3,0.8605967164039612,0.8605967164039612,33.5,0.02293412573635578,29.875,0.11646910011768341,31.5,,,,
train_10430,1,1,3,0.9883038997650146,0.0031455548014491796,28.5,0.9883038997650146,34.25,0.008550504222512245,29.5,,,,
train_04958,0,0,2,0.9959298968315125,0.9959298968315125,33.75,0.004070138093084097,28.25,,,,,,
train_11215,0,0,2,0.9971990585327148,0.9971990585327148,33.75,0.0028009270317852497,27.875,,,,,,
train_10932,2,2,3,0.9814552664756775,0.004545039962977171,29.375,0.01399970706552267,30.5,0.9814552664756775,34.75,,,,
train_11841,1,1,3,0.9936255216598511,0.0035835732705891132,29.625,0.9936255216598511,35.25,0.0027908897027373314,29.375,,,,
train_03369,1,1,4,0.9914735555648804,0.00589551730081439,28.875,0.9914735555648804,34.0,0.0013154677581042051,27.375,0.0013154677581042051,27.375,,
train_06224,1,1,4,0.9983564019203186,0.0013245997251942754,27.625,0.9983564019203186,34.25,0.00026082913973368704,26.0,5.819885336677544e-05,24.5,,
train_10381,0,0,3,0.9868762493133545,0.9868762493133545,34.25,0.012422938831150532,29.875,0.000700854230672121,27.0,,,,
train_10473,0,0,2,0.9933071732521057,0.9933071732521057,34.0,0.006692850962281227,29.0,,,,,,
train_03480,2,2,3,0.9676980972290039,0.0030799710657447577,28.5,0.029221950098872185,30.75,0.9676980972290039,34.25,,,,
train_05958,2,2,3,0.9927829504013062,0.0031598107889294624,28.75,0.0040572769939899445,29.0,0.9927829504013062,34.5,,,,
train_02337,0,0,3,0.9850317239761353,0.9850317239761353,32.75,0.010942715220153332,28.25,0.004025599453598261,27.25,,,,
train_01606,1,1,3,0.9912236928939819,0.005201464518904686,29.25,0.9912236928939819,34.5,0.003574910806491971,28.875,,,,
train_07139,3,3,4,0.995459258556366,0.0011655630078166723,28.0,0.0009077413706108928,27.75,0.002467497019097209,28.75,0.995459258556366,34.75,,
train_10302,1,1,2,0.9964063763618469,0.0035936026833951473,28.875,0.9964063763618469,34.5,,,,,,
train_00944,1,1,3,0.9895029067993164,0.0007962856907397509,28.375,0.9895029067993164,35.5,0.009700746275484562,30.875,,,,
train_06836,1,1,2,0.7772998809814453,0.22270014882087708,32.25,0.7772998809814453,33.5,,,,,,
train_00102,2,2,3,0.9909536838531494,0.00315398839302361,28.75,0.005892425775527954,29.375,0.9909536838531494,34.5,,,,
train_05749,2,2,3,0.9914060831069946,0.0010244175791740417,27.625,0.0075694783590734005,29.625,0.9914060831069946,34.5,,,,
train_04052,1,1,3,0.9921849370002747,0.005899746902287006,28.375,0.9921849370002747,33.5,0.001915367553010583,27.25,,,,
train_10564,0,0,3,0.9940441250801086,0.9940441250801086,34.75,0.0027920654974877834,28.875,0.0031638245563954115,29.0,,,,
train_09074,1,1,2,0.9968273043632507,0.0031726830638945103,29.25,0.9968273043632507,35.0,,,,,,
train_06948,1,1,3,0.9884139895439148,0.00754663348197937,29.375,0.9884139895439148,34.25,0.004039422143250704,28.75,,,,
train_11786,0,0,3,0.9912236928939819,0.9912236928939819,32.5,0.003574910806491971,26.875,0.005201464518904686,27.25,,,,
train_04873,0,0,2,0.9890130758285522,0.9890130758285522,34.0,0.01098694372922182,29.5,,,,,,
train_00776,0,0,2,0.9982993006706238,0.9982993006706238,34.0,0.001700722612440586,27.625,,,,,,
train_01623,1,1,3,0.9816989898681641,0.0024333884939551353,29.75,0.9816989898681641,35.75,0.01586768589913845,31.625,,,,
train_06684,2,2,4,0.9608237147331238,0.001636878470890224,27.625,0.017598100006580353,30.0,0.9608237147331238,34.0,0.019941259175539017,30.125,,
train_02057,0,0,3,0.9943538904190063,0.9943538904190063,34.25,0.005217890255153179,29.0,0.0004283105081412941,26.5,,,,
train_10200,1,1,2,0.9940890073776245,0.005911068990826607,30.625,0.9940890073776245,35.75,,,,,,
train_10783,0,0,2,0.9980732202529907,0.9980732202529907,34.0,0.0019267346942797303,27.75,,,,,,
train_04610,1,1,4,0.9939919114112854,0.004603096283972263,28.375,0.9939919114112854,33.75,0.0010270895436406136,26.875,0.0003778451355174184,25.875,,
train_05902,2,2,3,0.9955078363418579,0.0027961768209934235,29.625,0.0016959670465439558,29.125,0.9955078363418579,35.5,,,,
train_08102,0,0,4,0.9884063005447388,0.9884063005447388,33.0,0.007546574342995882,28.125,0.0009013098897412419,26.0,0.0031458805315196514,27.25,,
train_00875,1,1,4,0.9968665242195129,0.0019244051072746515,28.75,0.9968665242195129,35.0,0.0010300598805770278,28.125,0.0001789975503925234,26.375,,
train_06953,1,1,4,0.9956745505332947,0.0016962510999292135,27.875,0.9956745505332947,34.25,0.0007071025902405381,27.0,0.0019221041584387422,28.0,,
train_05488,0,0,2,0.977022647857666,0.977022647857666,33.75,0.022977370768785477,30.0,,,,,,
train_03988,3,3,4,0.9901789426803589,0.004585438407957554,28.625,0.002781209070235491,28.125,0.0024544084444642067,28.0,0.9901789426803589,34.0,,
train_03220,1,1,2,0.9990890026092529,0.0009110512328334153,28.75,0.9990890026092529,35.75,,,,,,
train_08959,1,1,2,0.9902915358543396,0.009708477184176445,29.625,0.9902915358543396,34.25,,,,,,
train_01030,0,0,3,0.9964979887008667,0.9964979887008667,34.75,0.001322134048677981,28.125,0.0021798305679112673,28.625,,,,
train_08301,1,1,4,0.9944773316383362,0.0013194530038163066,28.875,0.9944773316383362,35.5,0.0040642013773322105,30.0,0.00013906933600082994,26.625,,
train_00376,0,0,2,0.977022647857666,0.977022647857666,33.75,0.022977370768785477,30.0,,,,,,
train_10305,0,0,2,0.9669140577316284,0.9669140577316284,33.5,0.03308597952127457,30.125,,,,,,
train_00140,0,0,2,0.9840936064720154,0.9840936064720154,33.5,0.01590639166533947,29.375,,,,,,
train_12509,1,1,4,0.995779275894165,0.0019223062554374337,28.0,0.995779275894165,34.25,0.0008013364858925343,27.125,0.0014970935881137848,27.75,,
train_04902,1,1,2,0.9959298968315125,0.004070138093084097,29.25,0.9959298968315125,34.75,,,,,,
train_01300,1,1,3,0.9566383957862854,0.010627293027937412,29.75,0.9566383957862854,34.25,0.03273436427116394,30.875,,,,
train_08348,1,1,2,0.9940890073776245,0.005911068990826607,29.875,0.9940890073776245,35.0,,,,,,
train_03076,1,1,2,0.622459352016449,0.3775406777858734,33.75,0.622459352016449,34.25,,,,,,
train_01940,1,1,3,0.9867672324180603,0.0035588385071605444,30.125,0.9867672324180603,35.75,0.009673926047980785,31.125,,,,
train_07301,1,1,3,0.9962779879570007,0.0005510257906280458,27.25,0.9962779879570007,34.75,0.0031709347385913134,29.0,,,,
train_01452,1,1,3,0.9928731918334961,0.0019166962010785937,29.0,0.9928731918334961,35.25,0.005210120230913162,30.0,,,,
train_12346,1,1,4,0.9978669285774231,0.001500232145190239,28.0,0.9978669285774231,34.5,0.00042982373270206153,26.75,0.00020303434575907886,26.0,,
train_07994,1,1,2,0.6513549089431763,0.3486451506614685,31.625,0.6513549089431763,32.25,,,,,,
train_03177,1,1,2,0.9975274205207825,0.0024726232513785362,29.0,0.9975274205207825,35.0,,,,,,
train_12130,2,2,3,0.9730632305145264,0.0010054640006273985,27.375,0.025931257754564285,30.625,0.9730632305145264,34.25,,,,
train_11946,2,2,3,0.9734483957290649,0.0006100860773585737,26.875,0.025941520929336548,30.625,0.9734483957290649,34.25,,,,
train_04970,0,0,2,0.998498797416687,0.998498797416687,33.75,0.0015011822106316686,27.25,,,,,,
train_06388,1,1,2,0.9924227595329285,0.007577240467071533,29.625,0.9924227595329285,34.5,,,,,,
train_08789,0,0,2,0.977022647857666,0.977022647857666,34.75,0.022977370768785477,31.0,,,,,,
train_09407,0,0,2,0.9980732202529907,0.9980732202529907,34.75,0.0019267346942797303,28.5,,,,,,
train_04496,0,0,2,0.9975274205207825,0.9975274205207825,34.0,0.0024726232513785362,28.0,,,,,,
train_01125,1,1,2,0.9964063763618469,0.0035936026833951473,29.375,0.9964063763618469,35.0,,,,,,
train_07856,0,0,2,0.9959298968315125,0.9959298968315125,33.75,0.004070138093084097,28.25,,,,,,
train_09862,0,0,2,0.9740425944328308,0.9740425944328308,33.5,0.02595735713839531,29.875,,,,,,
train_10659,2,2,3,0.9953815937042236,0.0005505299777723849,26.75,0.004067896865308285,28.75,0.9953815937042236,34.25,,,,
train_09265,1,1,2,0.9875683188438416,0.01243165135383606,30.375,0.9875683188438416,34.75,,,,,,
train_08846,2,2,3,0.878623366355896,0.002467872342094779,28.875,0.11890873312950134,32.75,0.878623366355896,34.75,,,,
train_04532,0,0,2,0.9975274205207825,0.9975274205207825,33.75,0.0024726232513785362,27.75,,,,,,
train_03380,1,1,2,0.9986749291419983,0.001325022429227829,28.375,0.9986749291419983,35.0,,,,,,
train_09190,1,1,4,0.9978001713752747,0.0008029627497307956,27.125,0.9978001713752747,34.25,0.0009098760201595724,27.25,0.0004870215489063412,26.625,,
train_05759,0,0,2,0.9947799444198608,0.9947799444198608,33.75,0.005220125894993544,28.5,,,,,,
train_01084,0,0,2,0.8175744414329529,0.8175744414329529,33.5,0.18242551386356354,32.0,,,,,,
train_03982,0,0,3,0.9889302849769592,0.9889302849769592,35.25,0.005880394019186497,30.125,0.005189429968595505,30.0,,,,
train_05997,3,3,4,0.9331088066101074,0.007124373223632574,27.875,0.007124373223632574,27.875,0.052642397582530975,29.875,0.9331088066101074,32.75,,
train_02250,0,0,2,0.9947799444198608,0.9947799444198608,34.0,0.005220125894993544,28.75,,,,,,
train_10852,0,0,3,0.9940187931060791,0.9940187931060791,32.75,0.004062327556312084,27.25,0.00191890774294734,26.5,,,,
train_00984,0,0,2,0.9796676635742188,0.9796676635742188,33.75,0.020332353189587593,29.875,,,,,,
train_06257,1,1,2,0.9399133324623108,0.06008664518594742,32.25,0.9399133324623108,35.0,,,,,,
train_10170,1,1,2,0.9669140577316284,0.03308597952127457,30.625,0.9669140577316284,34.0,,,,,,
train_02641,0,0,2,0.9982993006706238,0.9982993006706238,34.0,0.001700722612440586,27.625,,,,,,
train_07097,0,0,2,0.9959298968315125,0.9959298968315125,34.25,0.004070138093084097,28.75,,,,,,
train_06627,0,0,2,0.9964063763618469,0.9964063763618469,34.0,0.0035936026833951473,28.375,,,,,,
train_09845,0,0,3,0.9824659824371338,0.9824659824371338,34.25,0.006619803607463837,29.25,0.010914212092757225,29.75,,,,
train_00834,0,0,2,0.9902915358543396,0.9902915358543396,33.5,0.009708477184176445,28.875,,,,,,
train_04678,3,3,4,0.9838742017745972,0.0075119719840586185,29.375,0.0027635004371404648,28.375,0.005850329529494047,29.125,0.9838742017745972,34.25,,
train_00535,0,0,3,0.9848435521125793,0.9848435521125793,34.0,0.00852056685835123,29.25,0.006635823752731085,29.0,,,,
train_04629,0,0,4,0.9920623302459717,0.9920623302459717,34.0,0.006684463005512953,29.0,0.000548694166354835,26.5,0.0007045372622087598,26.75,,
train_01051,0,0,2,0.9820137619972229,0.9820137619972229,33.75,0.01798621006309986,29.75,,,,,,
train_02451,0,0,2,0.9933071732521057,0.9933071732521057,33.5,0.006692850962281227,28.5,,,,,,
train_03801,0,0,2,0.9940890073776245,0.9940890073776245,34.5,0.005911068990826607,29.375,,,,,,
train_08551,0,0,2,0.7772998809814453,0.7772998809814453,34.0,0.22270014882087708,32.75,,,,,,
train_12450,0,0,4,0.9870096445083618,0.9870096445083618,34.25,0.008539306931197643,29.5,0.0013095451286062598,27.625,0.0031414355617016554,28.5,,
train_00329,1,1,2,0.9399133324623108,0.06008664518594742,31.25,0.9399133324623108,34.0,,,,,,
train_06489,1,1,3,0.9909441471099854,0.0014898242661729455,29.75,0.9909441471099854,36.25,0.007565951906144619,31.375,,,,
train_06559,1,1,3,0.9878901839256287,0.00356288836337626,30.125,0.9878901839256287,35.75,0.008546924218535423,31.0,,,,
train_10526,0,0,3,0.9983798265457153,0.9983798265457153,35.0,0.0013246308080852032,28.375,0.0002955651143565774,26.875,,,,
train_10225,1,1,2,0.9971990585327148,0.0028009270317852497,29.125,0.9971990585327148,35.0,,,,,,
train_03426,2,2,4,0.8990422487258911,0.0025252248160541058,27.125,0.0036741802468895912,27.5,0.8990422487258911,33.0,0.09475835412740707,30.75,,
train_05247,0,0,2,0.9982993006706238,0.9982993006706238,34.0,0.001700722612440586,27.625,,,,,,
train_04951,0,0,2,0.9947799444198608,0.9947799444198608,33.75,0.005220125894993544,28.5,,,,,,
train_05203,0,0,2,0.9525741338729858,0.9525741338729858,33.75,0.04742587357759476,30.75,,,,,,
train_08579,1,1,4,0.9951171875,0.00316723994910717,28.25,0.9951171875,34.0,0.0011651624226942658,27.25,0.0005503837601281703,26.5,,
train_01737,1,1,3,0.9940441250801086,0.0031638245563954115,28.25,0.9940441250801086,34.0,0.0027920654974877834,28.125,,,,
train_08105,1,1,3,0.9965002536773682,0.002470077248290181,28.25,0.9965002536773682,34.25,0.0010296814143657684,27.375,,,,
train_03609,0,0,2,0.9989677667617798,0.9989677667617798,34.0,0.0010322310263291001,27.125,,,,,,
train_09624,1,1,4,0.9888764023780823,0.0027775506023317575,28.875,0.9888764023780823,34.75,0.007550164125859737,29.875,0.0007957814959809184,27.625,,
train_06724,1,1,3,0.9977912902832031,0.0015001185238361359,28.5,0.9977912902832031,35.0,0.0007086058030836284,27.75,,,,
train_09914,0,0,2,0.977022647857666,0.977022647857666,33.25,0.022977370768785477,29.5,,,,,,
train_11250,1,1,2,0.9968273043632507,0.0031726830638945103,29.25,0.9968273043632507,35.0,,,,,,
train_00623,1,1,2,0.9980732202529907,0.0019267346942797303,29.25,0.9980732202529907,35.5,,,,,,
train_11428,1,1,2,0.9525741338729858,0.04742587357759476,31.25,0.9525741338729858,34.25,,,,,,
train_04383,0,0,3,0.995028555393219,0.995028555393219,33.25,0.002794830594211817,27.375,0.002176616108044982,27.125,,,,
train_11296,0,0,4,0.9772476553916931,0.9772476553916931,33.5,0.017898915335536003,29.5,0.004525554832071066,28.125,0.00032783005735836923,25.5,,
train_11574,3,3,4,0.9783514142036438,0.008464397862553596,28.25,0.006592079997062683,28.0,0.006592079997062683,28.0,0.9783514142036438,33.0,,
train_12118,1,1,3,0.9953085780143738,0.004067598842084408,28.25,0.9953085780143738,33.75,0.0006237864145077765,26.375,,,,
train_11434,1,1,2,0.9859364032745361,0.014063626527786255,30.25,0.9859364032745361,34.5,,,,,,
train_03203,3,3,4,0.9755251407623291,0.006573036778718233,29.5,0.013915118761360645,30.25,0.003986748401075602,29.0,0.9755251407623291,34.5,,
train_00669,0,1,2,0.562176525592804,0.43782350420951843,32.5,0.562176525592804,32.75,,,,,,
train_06886,3,3,4,0.9909090399742126,0.0031538463663309813,27.75,0.0031538463663309813,27.75,0.002783259842544794,27.625,0.9909090399742126,33.5,,
train_01397,2,2,4,0.9943555593490601,0.0003335691289976239,26.5,0.0007061658543534577,27.25,0.9943555593490601,34.5,0.004604780115187168,29.125,,
train_00636,1,1,2,0.9959298968315125,0.004070138093084097,29.5,0.9959298968315125,35.0,,,,,,
train_01071,1,1,2,0.9964063763618469,0.0035936026833951473,29.125,0.9964063763618469,34.75,,,,,,
train_01764,0,0,2,0.9241418242454529,0.9241418242454529,32.5,0.07585817575454712,30.0,,,,,,
train_04734,1,1,2,0.9947799444198608,0.005220125894993544,29.25,0.9947799444198608,34.5,,,,,,
train_09831,1,1,2,0.9924227595329285,0.007577240467071533,29.375,0.9924227595329285,34.25,,,,,,
train_10254,1,1,4,0.7603577971458435,0.08014111965894699,31.5,0.7603577971458435,33.75,0.11660464853048325,31.875,0.04289645329117775,30.875,,
train_03200,0,0,3,0.9934813976287842,0.9934813976287842,34.75,0.0019178702495992184,28.5,0.004600731655955315,29.375,,,,
train_03799,1,1,3,0.6332326531410217,0.027822302654385567,28.875,0.6332326531410217,32.0,0.33894503116607666,31.375,,,,
train_02242,2,2,3,0.9974493384361267,0.0019255302613601089,29.0,0.0006251281010918319,27.875,0.9974493384361267,35.25,,,,
train_08303,0,0,2,0.9924227595329285,0.9924227595329285,34.5,0.007577240467071533,29.625,,,,,,
train_11466,0,0,2,0.9820137619972229,0.9820137619972229,34.5,0.01798621006309986,30.5,,,,,,
train_00987,1,1,3,0.9963636994361877,0.0011666219215840101,28.75,0.9963636994361877,35.5,0.0024697387125343084,29.5,,,,
train_02619,1,1,2,0.9525741338729858,0.04742587357759476,31.5,0.9525741338729858,34.5,,,,,,
train_00556,2,2,3,0.966343879699707,0.004475060384720564,28.625,0.02918105758726597,30.5,0.966343879699707,34.0,,,,
train_06553,2,2,3,0.9217491745948792,0.0025890038814395666,28.875,0.07566177845001221,32.25,0.9217491745948792,34.75,,,,
train_02827,2,2,3,0.9861041903495789,0.001482547726482153,28.25,0.01241322048008442,30.375,0.9861041903495789,34.75,,,,
train_00460,0,0,3,0.99054354429245,0.99054354429245,33.25,0.006674229633063078,28.25,0.0027822330594062805,27.375,,,,
train_06306,2,2,3,0.9648732542991638,0.002110651694238186,28.625,0.0330161452293396,31.375,0.9648732542991638,34.75,,,,
train_09904,0,0,3,0.98875892162323,0.98875892162323,33.0,0.0066622053273022175,28.0,0.004578862804919481,27.625,,,,
train_05531,0,0,3,0.989291250705719,0.989291250705719,33.0,0.006665791850537062,28.0,0.004043007269501686,27.5,,,,
train_08313,0,0,3,0.9934686422348022,0.9934686422348022,33.75,0.0052132452838122845,28.5,0.001318114809691906,27.125,,,,
train_07949,0,0,3,0.9918259382247925,0.9918259382247925,33.5,0.006682870909571648,28.5,0.0014911500038579106,27.0,,,,
train_00942,0,0,3,0.9854978322982788,0.9854978322982788,33.0,0.010947893373668194,28.5,0.0035542603582143784,27.375,,,,
train_06301,0,0,3,0.9835985898971558,0.9835985898971558,32.75,0.012381679378449917,28.375,0.0040197428315877914,27.25,,,,
train_05390,2,2,3,0.9648732542991638,0.002110651694238186,28.625,0.0330161452293396,31.375,0.9648732542991638,34.75,,,,
train_05885,2,2,3,0.979312539100647,0.0027506875339895487,28.375,0.01793673448264599,30.25,0.979312539100647,34.25,,,,
train_05743,1,1,2,0.957912266254425,0.042087726294994354,31.625,0.957912266254425,34.75,,,,,,
train_10410,0,0,2,0.9399133324623108,0.9399133324623108,33.0,0.06008664518594742,30.25,,,,,,
train_09658,1,1,2,0.9859364032745361,0.014063626527786255,30.25,0.9859364032745361,34.5,,,,,,
train_09758,1,1,2,0.9933071732521057,0.006692850962281227,29.75,0.9933071732521057,34.75,,,,,,
train_11683,3,3,4,0.9964708089828491,0.001697607571259141,27.625,0.000801892951130867,26.875,0.0010296509135514498,27.125,0.9964708089828491,34.0,,
train_04370,0,0,2,0.9980732202529907,0.9980732202529907,35.0,0.0019267346942797303,28.75,,,,,,
train_07961,0,0,3,0.9710322618484497,0.9710322618484497,34.75,0.025877133011817932,31.125,0.0030905830208212137,29.0,,,,
train_08424,3,3,4,0.9930087327957153,0.001492928247898817,28.0,0.0019169577863067389,28.25,0.003581348806619644,28.875,0.9930087327957153,34.5,,
train_11299,1,1,2,0.9669140577316284,0.03308597952127457,31.875,0.9669140577316284,35.25,,,,,,
train_12396,1,1,2,0.9933071732521057,0.006692850962281227,30.0,0.9933071732521057,35.0,,,,,,
train_03201,1,1,3,0.9989109039306641,0.0007094009197317064,27.25,0.9989109039306641,34.5,0.00037971496931277215,26.625,,,,
train_03111,1,0,2,0.7549149990081787,0.7549149990081787,31.625,0.24508501589298248,30.5,,,,,,
train_07081,0,0,3,0.9722628593444824,0.9722628593444824,33.25,0.013868584297597408,29.0,0.013868584297597408,29.0,,,,
train_08195,0,0,3,0.9966208934783936,0.9966208934783936,34.5,0.000908800633624196,27.5,0.0024703764356672764,28.5,,,,
train_03246,0,0,2,0.9947799444198608,0.9947799444198608,33.75,0.005220125894993544,28.5,,,,,,
train_09274,1,1,2,0.9959298968315125,0.004070138093084097,29.0,0.9959298968315125,34.5,,,,,,
train_05979,1,1,3,0.9814552664756775,0.004545039962977171,30.625,0.9814552664756775,36.0,0.01399970706552267,31.75,,,,
train_04173,1,1,2,0.9820137619972229,0.01798621006309986,30.5,0.9820137619972229,34.5,,,,,,
train_11280,1,1,2,0.9859364032745361,0.014063626527786255,30.25,0.9859364032745361,34.5,,,,,,
train_01544,0,0,2,0.998498797416687,0.998498797416687,33.5,0.0015011822106316686,27.0,,,,,,
train_12627,1,1,3,0.9909535646438599,0.003153987927362323,30.0,0.9909535646438599,35.75,0.0058924248442053795,30.625,,,,
train_09038,2,2,3,0.9961538910865784,0.0019230294274166226,28.5,0.0019230294274166226,28.5,0.9961538910865784,34.75,,,,
train_10019,2,2,3,0.9949060678482056,0.0010280340211465955,28.625,0.0040659536607563496,30.0,0.9949060678482056,35.5,,,,
train_01045,2,2,3,0.9911177158355713,0.001314995577558875,28.625,0.007567276246845722,30.375,0.9911177158355713,35.25,,,,
train_09464,0,0,3,0.9966529011726379,0.9966529011726379,34.75,0.0011669604573398829,28.0,0.0021801693364977837,28.625,,,,
train_06399,0,0,3,0.9966208934783936,0.9966208934783936,34.25,0.0024703764356672764,28.25,0.000908800633624196,27.25,,,,
train_01500,1,1,2,0.9992903470993042,0.0007096704212017357,28.0,0.9992903470993042,35.25,,,,,,
train_01413,1,1,2,0.6791787147521973,0.3208213150501251,33.5,0.6791787147521973,34.25,,,,,,
train_10800,1,1,2,0.9525741338729858,0.04742587357759476,32.5,0.9525741338729858,35.5,,,,,,
train_02772,0,0,2,0.9399133324623108,0.9399133324623108,34.25,0.06008664518594742,31.5,,,,,,
train_05270,1,1,2,0.7772998809814453,0.22270014882087708,33.5,0.7772998809814453,34.75,,,,,,
train_09560,1,1,2,0.6791787147521973,0.3208213150501251,33.5,0.6791787147521973,34.25,,,,,,
train_12475,0,0,2,0.9399133324623108,0.9399133324623108,34.25,0.06008664518594742,31.5,,,,,,
train_07458,0,0,2,0.9399133324623108,0.9399133324623108,34.25,0.06008664518594742,31.5,,,,,,
train_08847,0,0,2,0.622459352016449,0.622459352016449,34.25,0.3775406777858734,33.75,,,,,,
train_10886,0,0,2,0.622459352016449,0.622459352016449,33.75,0.3775406777858734,33.25,,,,,,
train_01197,0,0,2,0.6791787147521973,0.6791787147521973,34.0,0.3208213150501251,33.25,,,,,,
train_04015,0,0,2,0.9241418242454529,0.9241418242454529,34.0,0.07585817575454712,31.5,,,,,,
train_06665,0,0,2,0.8807970285415649,0.8807970285415649,34.5,0.11920291930437088,32.5,,,,,,
train_01102,1,1,2,0.9669140577316284,0.03308597952127457,31.125,0.9669140577316284,34.5,,,,,,
train_04621,0,0,2,0.9968273043632507,0.9968273043632507,34.0,0.0031726830638945103,28.25,,,,,,
train_02512,1,1,2,0.8670357465744019,0.13296423852443695,31.375,0.8670357465744019,33.25,,,,,,
train_00009,0,0,2,0.851952850818634,0.851952850818634,32.75,0.14804719388484955,31.0,,,,,,
train_05065,0,0,3,0.9795157313346863,0.9795157313346863,34.5,0.010881437920033932,30.0,0.009602834470570087,29.875,,,,
train_04641,0,0,3,0.9738498330116272,0.9738498330116272,32.5,0.01225895993411541,28.125,0.013891221024096012,28.25,,,,
train_05518,1,1,3,0.990066647529602,0.004046176094561815,30.5,0.990066647529602,36.0,0.005887151230126619,30.875,,,,
train_00316,3,3,4,0.9254052639007568,0.035881854593753815,30.5,0.01694938912987709,29.75,0.021763445809483528,30.0,0.9254052639007568,33.75,,
train_07909,1,1,2,0.9669140577316284,0.03308597952127457,31.375,0.9669140577316284,34.75,,,,,,
train_10284,1,1,2,0.9902915358543396,0.009708477184176445,30.375,0.9902915358543396,35.0,,,,,,
train_01223,0,0,2,0.9875683188438416,0.9875683188438416,34.0,0.01243165135383606,29.625,,,,,,
train_06557,0,0,2,0.9669140577316284,0.9669140577316284,33.5,0.03308597952127457,30.125,,,,,,
train_04933,1,1,3,0.9584004878997803,0.004438275005668402,30.625,0.9584004878997803,36.0,0.037161219865083694,32.75,,,,
train_04826,2,2,3,0.9914060831069946,0.0010244175791740417,28.875,0.0075694783590734005,30.875,0.9914060831069946,35.75,,,,
train_10720,0,0,2,0.9149009585380554,0.9149009585380554,33.0,0.08509904146194458,30.625,,,,,,
train_06131,1,1,3,0.9947178959846497,0.0035875127650797367,30.375,0.9947178959846497,36.0,0.0016946211690083146,29.625,,,,
train_05344,2,2,3,0.9930689334869385,0.0010261357529088855,28.875,0.005905003286898136,30.625,0.9930689334869385,35.75,,,,
train_05370,2,2,3,0.9926152229309082,0.002788051962852478,29.875,0.004596720915287733,30.375,0.9926152229309082,35.75,,,,
train_03266,1,1,2,0.9859364032745361,0.014063626527786255,31.0,0.9859364032745361,35.25,,,,,,
train_08794,0,0,3,0.9971777200698853,0.9971777200698853,32.75,0.0014991960488259792,26.25,0.0013230359181761742,26.125,,,,
train_11857,0,0,3,0.9912236928939819,0.9912236928939819,34.25,0.003574910806491971,28.625,0.005201464518904686,29.0,,,,
train_10667,1,1,2,0.9968273043632507,0.0031726830638945103,29.0,0.9968273043632507,34.75,,,,,,
train_03605,0,0,3,0.9955078363418579,0.9955078363418579,33.25,0.0027961768209934235,27.375,0.0016959670465439558,26.875,,,,
train_05912,0,0,3,0.9943704009056091,0.9943704009056091,32.5,0.0024647978134453297,26.5,0.0031648629810661077,26.75,,,,
train_00741,1,1,3,0.9911535382270813,0.006678340025246143,31.25,0.9911535382270813,36.25,0.002168139675632119,30.125,,,,
train_07991,1,1,3,0.995026171207428,0.0009073464316315949,29.0,0.995026171207428,36.0,0.004066444467753172,30.5,,,,
train_01909,1,1,3,0.9937648773193359,0.002173851942643523,29.625,0.9937648773193359,35.75,0.0040612900629639626,30.25,,,,
train_07070,1,1,3,0.9940187931060791,0.004062327556312084,30.75,0.9940187931060791,36.25,0.00191890774294734,30.0,,,,
train_02629,0,0,3,0.9942429661750793,0.9942429661750793,35.25,0.004063243977725506,29.75,0.0016938121989369392,28.875,,,,
train_09641,0,0,3,0.9929405450820923,0.9929405450820923,35.25,0.004598227329552174,29.875,0.0024612536653876305,29.25,,,,
train_03710,1,1,3,0.9313315153121948,0.009130452759563923,31.375,0.9313315153121948,36.0,0.05953802913427353,33.25,,,,
train_06642,1,1,3,0.9358399510383606,0.00433379877358675,30.625,0.9358399510383606,36.0,0.05982624366879463,33.25,,,,
train_06864,1,1,3,0.8741358518600464,0.007562757004052401,31.0,0.8741358518600464,35.75,0.11830142140388489,33.75,,,,
train_06952,0,0,3,0.9960361123085022,0.9960361123085022,35.5,0.0027976606506854296,29.625,0.0011662383330985904,28.75,,,,
train_12531,1,1,3,0.9913210272789001,0.005894610192626715,30.875,0.9913210272789001,36.0,0.002784417010843754,30.125,,,,
train_12026,0,0,3,0.9916291236877441,0.9916291236877441,35.5,0.006681544240564108,30.5,0.0016893590800464153,29.125,,,,
train_11757,1,1,3,0.992332935333252,0.005207285284996033,30.5,0.992332935333252,35.75,0.0024597474839538336,29.75,,,,
train_01782,0,0,3,0.994231641292572,0.994231641292572,35.5,0.004604206420481205,30.125,0.0011641255114227533,28.75,,,,
train_11711,0,0,2,0.9968273043632507,0.9968273043632507,34.0,0.0031726830638945103,28.25,,,,,,
train_01513,2,2,3,0.9899469017982483,0.0014883249532431364,29.25,0.008564718998968601,31.0,0.9899469017982483,35.75,,,,
train_06569,2,2,3,0.9597324728965759,0.003054618136957288,29.5,0.03721286728978157,32.0,0.9597324728965759,35.25,,,,
train_02630,2,2,3,0.9884019494056702,0.0019080647034570575,29.25,0.009689952246844769,30.875,0.9884019494056702,35.5,,,,
train_05945,0,0,3,0.9959220886230469,0.9959220886230469,35.75,0.0031698017846792936,30.0,0.0009081634343601763,28.75,,,,
train_02940,2,2,3,0.9760372638702393,0.001008537015877664,28.375,0.022954197600483894,31.5,0.9760372638702393,35.25,,,,
train_10193,2,2,3,0.9878690838813782,0.0011566757457330823,29.0,0.010974234901368618,31.25,0.9878690838813782,35.75,,,,
train_06490,0,0,3,0.9940775632858276,0.9940775632858276,35.5,0.004603492561727762,30.125,0.001318922615610063,28.875,,,,
train_05840,1,1,3,0.9949159622192383,0.0035882273223251104,30.375,0.9949159622192383,36.0,0.0014957955572754145,29.5,,,,
train_06107,0,0,3,0.996208906173706,0.996208906173706,34.75,0.0013217504601925611,28.125,0.002469355007633567,28.75,,,,
train_12492,1,1,3,0.934689462184906,0.0055578663013875484,30.875,0.934689462184906,36.0,0.0597526952624321,33.25,,,,
train_01873,2,2,3,0.9926152229309082,0.002788051962852478,29.625,0.004596720915287733,30.125,0.9926152229309082,35.5,,,,
train_05036,2,2,3,0.9811351895332336,0.0008946795132942498,28.5,0.017970118671655655,31.5,0.9811351895332336,35.5,,,,
train_07194,2,2,3,0.9920080900192261,0.002786346711218357,29.625,0.005205580964684486,30.25,0.9920080900192261,35.5,,,,
train_02732,2,2,3,0.9942328333854675,0.0005498946411535144,28.0,0.005217255093157291,30.25,0.9942328333854675,35.5,,,,
train_01795,0,0,3,0.9909536838531494,0.9909536838531494,35.0,0.005892425775527954,29.875,0.00315398839302361,29.25,,,,
train_07752,2,2,3,0.9762184619903564,0.003520793514326215,29.375,0.0202607661485672,31.125,0.9762184619903564,35.0,,,,
train_09574,2,2,3,0.9603813886642456,0.0023805475793778896,29.25,0.03723802790045738,32.0,0.9603813886642456,35.25,,,,
train_07673,0,0,3,0.9920080900192261,0.9920080900192261,35.25,0.005205580964684486,30.0,0.002786346711218357,29.375,,,,
train_12489,0,0,3,0.9899469017982483,0.9899469017982483,35.5,0.008564718998968601,30.75,0.0014883249532431364,29.0,,,,
train_00558,2,2,4,0.8807598948478699,0.02347145602107048,28.875,0.02347145602107048,28.875,0.8807598948478699,32.5,0.07229717075824738,30.0,,
train_01705,0,0,4,0.9555806517601013,0.9555806517601013,33.25,0.03269817307591438,29.875,0.00729594798758626,28.375,0.004425216931849718,27.875,,
train_12496,0,0,4,0.9182531237602234,0.9182531237602234,33.5,0.04571713134646416,30.5,0.01155910175293684,29.125,0.0244706179946661,29.875,,
train_03936,2,2,3,0.9886236190795898,0.001684239017777145,29.375,0.009692125953733921,31.125,0.9886236190795898,35.75,,,,
train_08445,1,1,3,0.9884139895439148,0.00754663348197937,30.875,0.9884139895439148,35.75,0.004039422143250704,30.25,,,,
train_03073,0,0,3,0.9921849370002747,0.9921849370002747,35.5,0.005899746902287006,30.375,0.001915367553010583,29.25,,,,
train_08727,0,0,3,0.9950262904167175,0.9950262904167175,35.5,0.004066444933414459,30.0,0.0009073465480469167,28.5,,,,
train_11628,0,0,3,0.9950908422470093,0.9950908422470093,35.5,0.0035888580605387688,29.875,0.0013202670961618423,28.875,,,,
train_10969,0,0,3,0.9920080900192261,0.9920080900192261,35.0,0.005205580964684486,29.75,0.002786346711218357,29.125,,,,
train_06082,0,2,3,0.4610416293144226,0.4068678021430969,30.375,0.13209064304828644,29.25,0.4610416293144226,30.5,,,,
train_05251,0,0,3,0.9946156144142151,0.9946156144142151,35.5,0.004064766690135002,30.0,0.0013196364743635058,28.875,,,,
train_03590,0,0,3,0.9928731918334961,0.9928731918334961,35.25,0.005210120230913162,30.0,0.0019166962010785937,29.0,,,,
train_07684,1,1,3,0.9934813976287842,0.004600731655955315,30.375,0.9934813976287842,35.75,0.0019178702495992184,29.5,,,,
train_08178,2,2,3,0.9892770051956177,0.002164034638553858,29.125,0.008558923378586769,30.5,0.9892770051956177,35.25,,,,
train_10012,2,2,3,0.9874217510223389,0.004035367164760828,30.0,0.008542872034013271,30.75,0.9874217510223389,35.5,,,,
train_12598,0,0,3,0.9947698712348938,0.9947698712348938,35.5,0.004065397195518017,30.0,0.0011647557839751244,28.75,,,,
train_09856,2,2,3,0.9868914484977722,0.004570214543491602,30.125,0.008538284339010715,30.75,0.9868914484977722,35.5,,,,
train_00795,1,1,3,0.9937053322792053,0.004601769149303436,30.875,0.9937053322792053,36.25,0.001692896243184805,29.875,,,,
train_02569,1,1,3,0.9957062602043152,0.0014969836920499802,29.5,0.9957062602043152,36.0,0.002796733984723687,30.125,,,,
train_05862,2,2,3,0.9926199316978455,0.005208791233599186,29.75,0.0021713473834097385,28.875,0.9926199316978455,35.0,,,,
train_02046,0,0,2,0.9840936064720154,0.9840936064720154,33.25,0.01590639166533947,29.125,,,,,,
train_02956,1,1,2,0.8807970285415649,0.11920291930437088,30.75,0.8807970285415649,32.75,,,,,,
train_01511,1,1,3,0.948390543460846,0.004391919821500778,30.625,0.948390543460846,36.0,0.047217581421136856,33.0,,,,
train_12142,1,1,3,0.9944934844970703,0.003586703445762396,30.375,0.9944934844970703,36.0,0.0019198240479454398,29.75,,,,
train_10268,0,0,3,0.9937053322792053,0.9937053322792053,35.5,0.004601769149303436,30.125,0.001692896243184805,29.125,,,,
train_03105,2,2,3,0.9940776824951172,0.000705968530382961,28.5,0.0052164411172270775,30.5,0.9940776824951172,35.75,,,,
train_00453,0,0,3,0.9920080900192261,0.9920080900192261,35.0,0.005205580964684486,29.75,0.002786346711218357,29.125,,,,
train_00007,2,2,3,0.9597324728965759,0.003054618136957288,29.5,0.03721286728978157,32.0,0.9597324728965759,35.25,,,,
train_09106,1,1,3,0.9456961154937744,0.0072204782627522945,31.375,0.9456961154937744,36.25,0.04708343371748924,33.25,,,,
train_06108,2,2,3,0.9597324728965759,0.003054618136957288,29.5,0.03721286728978157,32.0,0.9597324728965759,35.25,,,,
train_07007,2,2,3,0.9884019494056702,0.0019080647034570575,29.25,0.009689952246844769,30.875,0.9884019494056702,35.5,,,,
train_02437,2,2,3,0.9928731918334961,0.0019166962010785937,28.75,0.005210120230913162,29.75,0.9928731918334961,35.0,,,,
train_09791,2,2,3,0.992408275604248,0.0016906865639612079,28.625,0.005901074968278408,29.875,0.992408275604248,35.0,,,,
train_05230,0,0,3,0.9884019494056702,0.9884019494056702,35.25,0.009689952246844769,30.625,0.0019080647034570575,29.0,,,,
train_03653,0,0,3,0.9949127435684204,0.9949127435684204,35.25,0.003166589420288801,29.5,0.0019206334836781025,29.0,,,,
train_02579,2,2,3,0.9814552664756775,0.004545039962977171,30.125,0.01399970706552267,31.25,0.9814552664756775,35.5,,,,
train_10017,1,1,3,0.9929405450820923,0.004598227329552174,30.875,0.9929405450820923,36.25,0.0024612536653876305,30.25,,,,
train_10847,1,1,3,0.9313315153121948,0.009130452759563923,31.375,0.9313315153121948,36.0,0.05953802913427353,33.25,,,,
train_08222,2,2,3,0.9488802552223206,0.003877856768667698,29.75,0.04724196344614029,32.25,0.9488802552223206,35.25,,,,
train_08463,0,0,3,0.9892770051956177,0.9892770051956177,35.5,0.008558923378586769,30.75,0.002164034638553858,29.375,,,,
train_07381,0,0,3,0.9889920949935913,0.9889920949935913,35.5,0.008556458167731762,30.75,0.0024514663964509964,29.5,,,,
train_00136,2,2,3,0.986877977848053,0.0021587868686765432,29.375,0.010963224805891514,31.0,0.986877977848053,35.5,,,,
train_00248,1,1,4,0.9846473932266235,0.005166955292224884,29.0,0.9846473932266235,34.25,0.0066345022059977055,29.25,0.0035511930473148823,28.625,,
train_02555,1,1,4,0.9508984088897705,0.009322280064225197,29.875,0.9508984088897705,34.5,0.01741631142795086,30.5,0.02236298844218254,30.75,,
train_09317,2,2,4,0.9520670175552368,0.01057650987058878,29.0,0.011984755285084248,29.125,0.9520670175552368,33.5,0.025371724739670753,29.875,,
train_04055,2,2,3,0.976622462272644,0.003108375472947955,29.5,0.020269151777029037,31.375,0.976622462272644,35.25,,,,
train_11216,0,0,3,0.9913210272789001,0.9913210272789001,35.0,0.005894610192626715,29.875,0.002784417010843754,29.125,,,,
train_04649,1,1,3,0.9313315153121948,0.009130452759563923,31.375,0.9313315153121948,36.0,0.05953802913427353,33.25,,,,
train_08796,0,0,3,0.9946584105491638,0.9946584105491638,34.5,0.0021758065558969975,28.375,0.0031657798681408167,28.75,,,,
train_05791,2,2,3,0.9862999320030212,0.004030782263725996,30.0,0.009669344872236252,30.875,0.9862999320030212,35.5,,,,
train_05869,1,1,3,0.9147506952285767,0.010161963291466236,31.25,0.9147506952285767,35.75,0.07508730888366699,33.25,,,,
train_05608,0,0,2,0.9982993006706238,0.9982993006706238,34.0,0.001700722612440586,27.625,,,,,,
train_04397,1,1,3,0.9515184760093689,0.019748136401176453,31.625,0.9515184760093689,35.5,0.02873336896300316,32.0,,,,
train_01954,1,1,3,0.9618332982063293,0.01554658729583025,31.625,0.9618332982063293,35.75,0.022620152682065964,32.0,,,,
train_02258,1,1,3,0.9651172161102295,0.005738796666264534,31.125,0.9651172161102295,36.25,0.029144015163183212,32.75,,,,
train_09485,0,0,3,0.9944408535957336,0.9944408535957336,35.25,0.004064052831381559,29.75,0.0014950813492760062,28.75,,,,
train_04068,1,1,2,0.9953904151916504,0.004609572701156139,29.375,0.9953904151916504,34.75,,,,,,
train_00934,0,0,3,0.9956101775169373,0.9956101775169373,35.25,0.001921979826875031,29.0,0.002467870945110917,29.25,,,,
train_11704,2,2,3,0.9905250668525696,0.0019121632212772965,28.75,0.007562751416116953,30.125,0.9905250668525696,35.0,,,,
train_05604,1,1,3,0.9905375838279724,0.005889951251447201,30.875,0.9905375838279724,36.0,0.0035724362824112177,30.375,,,,
train_03295,1,1,3,0.9922468662261963,0.004595015197992325,30.375,0.9922468662261963,35.75,0.0031581043731421232,30.0,,,,
train_04345,2,2,3,0.9835327863693237,0.00243793404661119,29.5,0.01402934081852436,31.25,0.9835327863693237,35.5,,,,
train_11259,0,0,3,0.9901767373085022,0.9901767373085022,35.0,0.006671758368611336,30.0,0.003151515731588006,29.25,,,,
train_05123,2,2,3,0.9600770473480225,0.0026966589502990246,29.375,0.037226226180791855,32.0,0.9600770473480225,35.25,,,,
train_00817,2,2,3,0.9801517128944397,0.004005656111985445,30.0,0.015842676162719727,31.375,0.9801517128944397,35.5,,,,
train_12182,0,0,3,0.9959220886230469,0.9959220886230469,35.75,0.0031698017846792936,30.0,0.0009081634343601763,28.75,,,,
train_03943,0,0,3,0.9944934844970703,0.9944934844970703,35.25,0.003586703445762396,29.625,0.0019198240479454398,29.0,,,,
train_04442,2,2,3,0.992408275604248,0.0016906865639612079,28.875,0.005901074968278408,30.125,0.992408275604248,35.25,,,,
train_03476,2,2,3,0.9834064245223999,0.0006983900093473494,28.25,0.015895284712314606,31.375,0.9834064245223999,35.5,,,,
train_03409,1,1,3,0.9951373934745789,0.0031673042103648186,30.25,0.9951373934745789,36.0,0.0016953358426690102,29.625,,,,
train_11911,2,2,3,0.9812383055686951,0.0007896348251961172,28.375,0.017972005531191826,31.5,0.9812383055686951,35.5,,,,
train_00925,2,2,3,0.978954017162323,0.0031157962512224913,29.5,0.01793016865849495,31.25,0.978954017162323,35.25,,,,
train_00777,2,2,3,0.9813809394836426,0.0027564973570406437,29.375,0.015862544998526573,31.125,0.9813809394836426,35.25,,,,
train_08665,1,1,3,0.9909535646438599,0.0058924248442053795,30.625,0.9909535646438599,35.75,0.003153987927362323,30.0,,,,
train_04098,0,0,3,0.988150954246521,0.988150954246521,35.25,0.009687491692602634,30.625,0.0021615715231746435,29.125,,,,
train_08700,2,2,3,0.9897508025169373,0.0016861591720953584,29.375,0.008563022129237652,31.0,0.9897508025169373,35.75,,,,
train_10289,2,2,3,0.9902729392051697,0.002166213234886527,29.125,0.00756082683801651,30.375,0.9902729392051697,35.25,,,,
train_01547,0,0,3,0.9927829504013062,0.9927829504013062,35.0,0.0031598107889294624,29.25,0.0040572769939899445,29.5,,,,
train_02386,2,2,3,0.9307777881622314,0.001796823926270008,28.0,0.06742531806230545,31.625,0.9307777881622314,34.25,,,,
train_03013,1,1,3,0.9934813976287842,0.004600731655955315,30.625,0.9934813976287842,36.0,0.0019178702495992184,29.75,,,,
train_00825,2,2,3,0.9915254712104797,0.0009041542070917785,28.5,0.007570390123873949,30.625,0.9915254712104797,35.5,,,,
train_08821,1,1,3,0.9916402101516724,0.0052036503329873085,30.5,0.9916402101516724,35.75,0.0031561735086143017,30.0,,,,
train_00219,2,2,3,0.9909536838531494,0.00315398839302361,29.75,0.005892425775527954,30.375,0.9909536838531494,35.5,,,,
train_11292,2,2,3,0.9909536838531494,0.00315398839302361,29.75,0.005892425775527954,30.375,0.9909536838531494,35.5,,,,
train_12042,0,0,3,0.9923330545425415,0.9923330545425415,35.0,0.00520728575065732,29.75,0.0024597477167844772,29.0,,,,
train_07732,2,2,3,0.990537703037262,0.003572436748072505,29.875,0.005889952182769775,30.375,0.990537703037262,35.5,,,,
train_02066,2,2,3,0.9886236190795898,0.001684239017777145,28.875,0.009692125953733921,30.625,0.9886236190795898,35.25,,,,
train_00511,2,2,3,0.992408275604248,0.0009049592190422118,28.75,0.006686794571578503,30.75,0.992408275604248,35.75,,,,
train_01411,0,0,3,0.9934813976287842,0.9934813976287842,35.25,0.004600731655955315,29.875,0.0019178702495992184,29.0,,,,
train_00955,1,1,3,0.9339982271194458,0.006293230690062046,30.75,0.9339982271194458,35.75,0.05970850586891174,33.0,,,,
train_02074,1,1,3,0.9905375838279724,0.005889951251447201,30.875,0.9905375838279724,36.0,0.0035724362824112177,30.375,,,,
train_06611,0,0,3,0.992408275604248,0.992408275604248,35.5,0.005901074968278408,30.375,0.0016906865639612079,29.125,,,,
train_10000,0,0,3,0.9902729392051697,0.9902729392051697,35.5,0.00756082683801651,30.625,0.002166213234886527,29.375,,,,
train_07438,2,2,3,0.9694392085075378,0.0012862329604104161,28.625,0.029274528846144676,31.75,0.9694392085075378,35.25,,,,
train_11845,0,0,3,0.9620328545570374,0.9620328545570374,34.5,0.03291895240545273,31.125,0.005048285238444805,29.25,,,,
train_01582,0,0,3,0.9884019494056702,0.9884019494056702,35.25,0.009689952246844769,30.625,0.0019080647034570575,29.0,,,,
train_12707,1,1,3,0.992332935333252,0.005207285284996033,30.5,0.992332935333252,35.75,0.0024597474839538336,29.75,,,,
train_08249,1,1,3,0.989291250705719,0.006665791850537062,31.0,0.989291250705719,36.0,0.004043007269501686,30.5,,,,
train_00164,2,2,3,0.9897508025169373,0.0016861591720953584,29.375,0.008563022129237652,31.0,0.9897508025169373,35.75,,,,
train_00719,2,2,3,0.9603813886642456,0.0023805475793778896,29.25,0.03723802790045738,32.0,0.9603813886642456,35.25,,,,
train_00749,0,0,3,0.9921849370002747,0.9921849370002747,35.5,0.005899746902287006,30.375,0.001915367553010583,29.25,,,,
train_03667,2,2,3,0.9500322341918945,0.0026684452313929796,29.375,0.04729931801557541,32.25,0.9500322341918945,35.25,,,,
train_03619,0,0,3,0.9946156144142151,0.9946156144142151,35.5,0.004064766690135002,30.0,0.0013196364743635058,28.875,,,,
train_01274,2,2,3,0.9788958430290222,0.0007877498283050954,28.375,0.020316334441304207,31.625,0.9788958430290222,35.5,,,,
train_07347,1,1,3,0.9940187931060791,0.004062327556312084,30.75,0.9940187931060791,36.25,0.00191890774294734,30.0,,,,
train_11912,1,1,3,0.9883038997650146,0.0031455548014491796,30.0,0.9883038997650146,35.75,0.008550504222512245,31.0,,,,
train_02312,2,2,3,0.9788958430290222,0.0007877498283050954,28.375,0.020316334441304207,31.625,0.9788958430290222,35.5,,,,
train_10603,0,0,3,0.9955106973648071,0.9955106973648071,35.5,0.0031684923451393843,29.75,0.0013208240270614624,28.875,,,,
train_03643,2,2,3,0.992408275604248,0.0009049592190422118,28.5,0.006686794571578503,30.5,0.992408275604248,35.5,,,,
train_12514,2,2,3,0.9946873188018799,0.0007064014789648354,28.5,0.004606316331773996,30.375,0.9946873188018799,35.75,,,,
train_03141,2,2,3,0.9871283769607544,0.0019056061282753944,29.25,0.01096600666642189,31.0,0.9871283769607544,35.5,,,,
train_12602,2,2,3,0.9600770473480225,0.0026966589502990246,29.375,0.037226226180791855,32.0,0.9600770473480225,35.25,,,,
train_01499,1,1,3,0.9578344821929932,0.005026253871619701,30.75,0.9578344821929932,36.0,0.037139274179935455,32.75,,,,
train_08785,1,1,3,0.9930968880653381,0.005211294163018465,30.75,0.9930968880653381,36.0,0.0016918596811592579,29.625,,,,
train_04126,1,1,3,0.9872812628746033,0.0075379847548902035,30.875,0.9872812628746033,35.75,0.005180776584893465,30.5,,,,
train_06139,1,1,3,0.957193911075592,0.005691682919859886,30.875,0.957193911075592,36.0,0.03711443394422531,32.75,,,,
train_11519,0,0,3,0.9937053322792053,0.9937053322792053,35.25,0.004601769149303436,29.875,0.001692896243184805,28.875,,,,
train_05583,1,1,3,0.9920080900192261,0.005205580964684486,31.0,0.9920080900192261,36.25,0.002786346711218357,30.375,,,,
train_03885,0,0,3,0.9956652522087097,0.9956652522087097,35.75,0.003168984316289425,30.0,0.001165804103948176,29.0,,,,
train_00300,0,0,3,0.9878666400909424,0.9878666400909424,35.5,0.00968470424413681,30.875,0.0024486766196787357,29.5,,,,
train_06542,2,1,3,0.5401782989501953,0.03913038969039917,30.875,0.5401782989501953,33.5,0.4206913113594055,33.25,,,,
train_07414,2,0,3,0.6460855603218079,0.6460855603218079,32.75,0.20975326001644135,31.625,0.1441611796617508,31.25,,,,
train_08428,0,0,3,0.9922468662261963,0.9922468662261963,35.0,0.004595015197992325,29.625,0.0031581043731421232,29.25,,,,
train_07263,0,0,3,0.9884019494056702,0.9884019494056702,35.25,0.009689952246844769,30.625,0.0019080647034570575,29.0,,,,
train_06775,0,0,2,0.957912266254425,0.957912266254425,32.75,0.042087726294994354,29.625,,,,,,
train_00889,2,2,3,0.9769793152809143,0.002744134049862623,29.375,0.02027655765414238,31.375,0.9769793152809143,35.25,,,,
train_03265,2,2,3,0.9796292185783386,0.004536583553999662,30.125,0.015834230929613113,31.375,0.9796292185783386,35.5,,,,
train_09551,0,0,3,0.9923330545425415,0.9923330545425415,35.0,0.00520728575065732,29.75,0.0024597477167844772,29.0,,,,
train_09429,1,1,3,0.9937053322792053,0.004601769149303436,30.875,0.9937053322792053,36.25,0.001692896243184805,29.875,,,,
train_04231,2,2,3,0.9787933230400085,0.0008925439906306565,28.5,0.020314205437898636,31.625,0.9787933230400085,35.5,,,,
train_03122,0,0,3,0.988150954246521,0.988150954246521,35.5,0.009687491692602634,30.875,0.0021615715231746435,29.375,,,,
train_10312,1,1,3,0.9947178959846497,0.0035875127650797367,30.375,0.9947178959846497,36.0,0.0016946211690083146,29.625,,,,
train_04878,1,1,3,0.9806221723556519,0.00848404411226511,31.0,0.9806221723556519,35.75,0.010893729515373707,31.25,,,,
train_00569,1,1,3,0.9746900796890259,0.015754397958517075,31.625,0.9746900796890259,35.75,0.009555526077747345,31.125,,,,
train_05563,2,2,3,0.9760372638702393,0.001008537015877664,28.625,0.022954197600483894,31.75,0.9760372638702393,35.5,,,,
train_05234,0,0,3,0.9900667667388916,0.9900667667388916,35.0,0.004046176560223103,29.5,0.005887152161449194,29.875,,,,
train_08708,1,1,3,0.9757856726646423,0.015772106125950813,31.625,0.9757856726646423,35.75,0.008442200720310211,31.0,,,,
train_08838,0,0,3,0.9868914484977722,0.9868914484977722,35.0,0.004570214543491602,29.625,0.008538284339010715,30.25,,,,
train_09213,1,1,3,0.9905375838279724,0.005889951251447201,30.875,0.9905375838279724,36.0,0.0035724362824112177,30.375,,,,
train_00513,2,2,3,0.9854978322982788,0.0035542603582143784,29.875,0.010947893373668194,31.0,0.9854978322982788,35.5,,,,
train_07515,1,1,3,0.9937053322792053,0.004601769149303436,30.375,0.9937053322792053,35.75,0.001692896243184805,29.375,,,,
train_11335,0,0,3,0.9912236928939819,0.9912236928939819,35.0,0.003574910806491971,29.375,0.005201464518904686,29.75,,,,
train_00462,0,0,4,0.9681352376937866,0.9681352376937866,33.5,0.017732014879584312,29.5,0.008376010693609715,28.75,0.0057567423209548,28.375,,
train_10265,0,0,3,0.9897508025169373,0.9897508025169373,35.25,0.008563022129237652,30.5,0.0016861591720953584,28.875,,,,
train_12264,2,2,3,0.9878901839256287,0.00356288836337626,29.875,0.008546924218535423,30.75,0.9878901839256287,35.5,,,,
train_03648,0,0,4,0.9797731637954712,0.9797731637954712,33.5,0.012333523482084274,29.125,0.0051413774490356445,28.25,0.0027519813738763332,27.625,,
train_07714,3,3,4,0.9596810936927795,0.017577173188328743,29.75,0.010661094449460506,29.25,0.0120806023478508,29.375,0.9596810936927795,33.75,,
train_10453,3,3,4,0.9283044338226318,0.028032364323735237,29.5,0.021831627935171127,29.25,0.021831627935171127,29.25,0.9283044338226318,33.0,,
train_11585,2,2,4,0.8694748282432556,0.005170085933059454,28.125,0.09164196997880936,31.0,0.8694748282432556,33.25,0.033713199198246,30.0,,
train_12619,0,0,4,0.9865970015525818,0.9865970015525818,33.5,0.008535736240446568,28.75,0.0035582242999225855,27.875,0.001308997510932386,26.875,,
train_09475,2,2,3,0.9176667928695679,0.00700647197663784,29.625,0.07532668113708496,32.0,0.9176667928695679,34.5,,,,
train_12071,1,1,2,0.9525741338729858,0.04742587357759476,31.5,0.9525741338729858,34.5,,,,,,
train_12347,0,0,3,0.9955019354820251,0.9955019354820251,35.75,0.0035903407260775566,30.125,0.000907780253328383,28.75,,,,
train_03701,1,1,3,0.9846483469009399,0.0013064121594652534,28.875,0.9846483469009399,35.5,0.01404525339603424,31.25,,,,
train_00338,1,1,3,0.9928731918334961,0.005210120230913162,30.75,0.9928731918334961,36.0,0.0019166962010785937,29.75,,,,
train_10092,1,1,3,0.9939029812812805,0.004602684639394283,30.875,0.9939029812812805,36.25,0.0014942727284505963,29.75,,,,
train_05377,1,1,3,0.9918298125267029,0.003577096853405237,30.375,0.9918298125267029,36.0,0.004593083634972572,30.625,,,,
train_03008,2,2,4,0.9152817130088806,0.05163666233420372,29.875,0.005442463792860508,27.625,0.9152817130088806,32.75,0.02763911336660385,29.25,,
train_04309,2,2,4,0.9282217025756836,0.009099965915083885,29.375,0.010311612859368324,29.5,0.9282217025756836,34.0,0.05236668884754181,31.125,,
train_07527,1,1,4,0.9502386450767517,0.004986394662410021,28.75,0.9502386450767517,34.0,0.04175057262182236,30.875,0.0030244013760238886,28.25,,
train_08771,2,2,4,0.9596982002258301,0.01208081841468811,29.875,0.008303016424179077,29.5,0.9596982002258301,34.25,0.01991790160536766,30.375,,
train_02965,0,0,3,0.992605447769165,0.992605447769165,35.5,0.005902247503399849,30.375,0.0014923219569027424,29.0,,,,
train_01380,0,0,3,0.9956080317497253,0.9956080317497253,35.75,0.00359072326682508,30.125,0.0008011986501514912,28.625,,,,
train_08432,1,1,3,0.9923654198646545,0.0035790286492556334,30.375,0.9923654198646545,36.0,0.004055570811033249,30.5,,,,
train_06225,2,2,3,0.9896640181541443,0.002779762726277113,29.625,0.0075561776757240295,30.625,0.9896640181541443,35.5,,,,
train_12662,1,1,3,0.9837275743484497,0.009644126519560814,31.125,0.9837275743484497,35.75,0.0066283042542636395,30.75,,,,
train_08870,1,1,3,0.9806221723556519,0.010893729515373707,31.5,0.9806221723556519,36.0,0.00848404411226511,31.25,,,,
train_07451,0,0,2,0.7057850360870361,0.7057850360870361,32.0,0.29421496391296387,31.125,,,,,,
train_10199,1,1,2,0.9953904151916504,0.004609572701156139,29.125,0.9953904151916504,34.5,,,,,,
train_10256,0,0,2,0.9971990585327148,0.9971990585327148,34.0,0.0028009270317852497,28.125,,,,,,
train_07060,2,2,3,0.8772189617156982,0.004062329884618521,27.375,0.11871867626905441,30.75,0.8772189617156982,32.75,,,,
train_10030,1,1,3,0.992605447769165,0.0014923219569027424,28.0,0.992605447769165,34.5,0.005902247503399849,29.375,,,,
train_05412,1,1,3,0.9878901839256287,0.00356288836337626,28.875,0.9878901839256287,34.5,0.008546924218535423,29.75,,,,
train_03764,0,0,3,0.9940775632858276,0.9940775632858276,33.5,0.004603492561727762,28.125,0.001318922615610063,26.875,,,,
train_12136,1,1,2,0.9959298968315125,0.004070138093084097,29.25,0.9959298968315125,34.75,,,,,,
train_06594,0,0,3,0.9914060831069946,0.9914060831069946,33.75,0.006680041551589966,28.75,0.0019138639327138662,27.5,,,,
train_03424,2,2,4,0.7739326357841492,0.030008625239133835,28.5,0.04366229474544525,28.875,0.7739326357841492,31.75,0.15239636600017548,30.125,,
train_05933,2,2,4,0.9469035267829895,0.010519148781895638,29.25,0.01734314300119877,29.75,0.9469035267829895,33.75,0.025234123691916466,30.125,,
train_07250,0,0,4,0.9809492230415344,0.9809492230415344,33.75,0.015855567529797554,29.625,0.0018936775159090757,27.5,0.0013015042059123516,27.125,,
train_10202,2,2,4,0.8878604769706726,0.011176514439284801,28.625,0.05675901845097542,30.25,0.8878604769706726,33.0,0.044203970581293106,30.0,,
train_12109,0,0,4,0.9192132949829102,0.9192132949829102,33.25,0.07545362412929535,30.75,0.004256802145391703,27.875,0.0010762880556285381,26.5,,
train_00210,3,3,4,0.8768715858459473,0.0181988887488842,29.125,0.012507901526987553,28.75,0.09242158383131027,30.75,0.8768715858459473,33.0,,
train_09747,1,1,3,0.9865944385528564,0.0024455231614410877,29.5,0.9865944385528564,35.5,0.010960075072944164,31.0,,,,
train_03005,0,0,2,0.9626730680465698,0.9626730680465698,34.0,0.037326883524656296,30.75,,,,,,
train_05150,0,0,2,0.9840936064720154,0.9840936064720154,33.75,0.01590639166533947,29.625,,,,,,
train_07817,1,1,4,0.9514822363853455,0.004406237043440342,28.625,0.9514822363853455,34.0,0.02873227372765541,30.5,0.015379277989268303,29.875,,
train_04823,2,2,3,0.9949127435684204,0.003166589420288801,29.5,0.0019206334836781025,29.0,0.9949127435684204,35.25,,,,
train_04880,0,0,3,0.9905250668525696,0.9905250668525696,33.5,0.0019121632212772965,27.25,0.007562751416116953,28.625,,,,
train_11649,1,1,3,0.8991696238517761,0.0060585574246943,28.25,0.8991696238517761,33.25,0.09477178007364273,31.0,,,,
train_02892,2,2,3,0.9636157155036926,0.010704804211854935,28.0,0.025679487735033035,28.875,0.9636157155036926,32.5,,,,
train_08770,2,2,3,0.9916455149650574,0.0024580436293035746,28.75,0.005896539427340031,29.625,0.9916455149650574,34.75,,,,
train_05713,1,1,3,0.9905270338058472,0.0009032437228597701,27.75,0.9905270338058472,34.75,0.008569737896323204,30.0,,,,
train_07644,2,2,3,0.9854394793510437,0.002155640162527561,27.375,0.0124048525467515,29.125,0.9854394793510437,33.5,,,,
train_00765,1,1,2,0.8175744414329529,0.18242551386356354,33.75,0.8175744414329529,35.25,,,,,,
train_09007,0,0,2,0.8807970285415649,0.8807970285415649,34.0,0.11920291930437088,32.0,,,,,,
train_08115,1,1,2,0.8175744414329529,0.18242551386356354,33.5,0.8175744414329529,35.0,,,,,,
train_11788,0,0,2,0.8807970285415649,0.8807970285415649,34.0,0.11920291930437088,32.0,,,,,,
train_11961,1,1,2,0.7772998809814453,0.22270014882087708,33.5,0.7772998809814453,34.75,,,,,,
train_00382,1,1,2,0.8175744414329529,0.18242551386356354,33.25,0.8175744414329529,34.75,,,,,,
train_03395,1,1,2,0.8175744414329529,0.18242551386356354,33.25,0.8175744414329529,34.75,,,,,,
train_12303,1,1,2,0.9875683188438416,0.01243165135383606,30.125,0.9875683188438416,34.5,,,,,,
train_02015,1,1,3,0.9816989898681641,0.0024333884939551353,30.0,0.9816989898681641,36.0,0.01586768589913845,31.875,,,,
train_12686,2,2,3,0.910529613494873,0.004778020549565554,27.75,0.08469244092702866,30.625,0.910529613494873,33.0,,,,
train_01855,0,0,4,0.9860235452651978,0.9860235452651978,33.75,0.012412204407155514,29.375,0.0010188557207584381,26.875,0.0005453542107716203,26.25,,
train_08670,1,1,4,0.980026364326477,0.009607840329408646,29.875,0.980026364326477,34.5,0.005827449262142181,29.375,0.004538422916084528,29.125,,
train_09173,2,2,4,0.921516478061676,0.01489492692053318,28.375,0.01160018052905798,28.125,0.921516478061676,32.5,0.05198840796947479,29.625,,
train_11731,1,1,4,0.9888263940811157,0.005188884679228067,28.75,0.9888263940811157,34.0,0.005188884679228067,28.75,0.0007957412744872272,26.875,,
train_00613,0,0,3,0.9949060678482056,0.9949060678482056,34.0,0.0040659536607563496,28.5,0.0010280340211465955,27.125,,,,
train_02694,2,2,3,0.9949159622192383,0.0014957955572754145,27.5,0.0035882273223251104,28.375,0.9949159622192383,34.0,,,,
train_05562,2,2,3,0.9919997453689575,0.0013161659007892013,27.875,0.006684042047709227,29.5,0.9919997453689575,34.5,,,,
train_08638,2,2,3,0.9933876991271973,0.0007054785382933915,27.25,0.005906898993998766,29.375,0.9933876991271973,34.5,,,,
train_01243,0,0,3,0.9947698712348938,0.9947698712348938,34.0,0.004065397195518017,28.5,0.0011647557839751244,27.25,,,,
train_09416,0,0,3,0.995028555393219,0.995028555393219,34.0,0.002794830594211817,28.125,0.002176616108044982,27.875,,,,
train_08011,2,2,3,0.9950670003890991,0.0024665247183293104,27.75,0.0024665247183293104,27.75,0.9950670003890991,33.75,,,,
train_00748,0,0,3,0.9930968880653381,0.9930968880653381,33.75,0.005211294163018465,28.5,0.0016918596811592579,27.375,,,,
train_05071,1,1,3,0.9958016276359558,0.0010289594065397978,28.375,0.9958016276359558,35.25,0.0031694183126091957,29.5,,,,
train_06794,0,0,3,0.9926199316978455,0.9926199316978455,33.75,0.005208791233599186,28.5,0.0021713473834097385,27.625,,,,
train_02081,1,1,3,0.9878666400909424,0.0024486766196787357,28.5,0.9878666400909424,34.5,0.00968470424413681,29.875,,,,
train_06789,0,0,3,0.9946584105491638,0.9946584105491638,33.75,0.0031657798681408167,28.0,0.0021758065558969975,27.625,,,,
train_11468,2,2,3,0.9892792105674744,0.0010222198907285929,27.625,0.009698553010821342,29.875,0.9892792105674744,34.5,,,,
train_00276,1,1,3,0.9919319748878479,0.00216984236612916,28.375,0.9919319748878479,34.5,0.005898242816329002,29.375,,,,
train_05557,2,2,3,0.992779552936554,0.0013172004837542772,27.875,0.005903282668441534,29.375,0.992779552936554,34.5,,,,
train_01390,1,1,3,0.9960336089134216,0.0014974758960306644,28.75,0.9960336089134216,35.25,0.0024689205456525087,29.25,,,,
train_02486,2,2,3,0.9888833165168762,0.0035664699971675873,28.125,0.007550216745585203,28.875,0.9888833165168762,33.75,,,,
train_06011,1,1,3,0.989291250705719,0.004043007269501686,29.0,0.989291250705719,34.5,0.006665791850537062,29.5,,,,
train_06887,1,1,3,0.9940187931060791,0.00191890774294734,28.75,0.9940187931060791,35.0,0.004062327556312084,29.5,,,,
train_08966,1,1,3,0.996620774269104,0.0009088005172088742,28.25,0.996620774269104,35.25,0.002470375970005989,29.25,,,,
train_08798,1,1,2,0.977022647857666,0.022977370768785477,30.75,0.977022647857666,34.5,,,,,,
train_10584,1,1,3,0.6652408838272095,0.09003056585788727,32.25,0.6652408838272095,34.25,0.2447284758090973,33.25,,,,
train_00552,1,0,2,0.7772998809814453,0.7772998809814453,33.25,0.22270014882087708,32.0,,,,,,
train_09252,1,1,2,0.999373733997345,0.000626334163825959,27.375,0.999373733997345,34.75,,,,,,
train_11559,0,0,2,0.9149009585380554,0.9149009585380554,32.25,0.08509904146194458,29.875,,,,,,
train_02357,0,0,2,0.9890130758285522,0.9890130758285522,33.75,0.01098694372922182,29.25,,,,,,
train_07841,1,1,2,0.9890130758285522,0.01098694372922182,30.5,0.9890130758285522,35.0,,,,,,
train_02047,0,0,3,0.9944878220558167,0.9944878220558167,35.25,0.004605392459779978,29.875,0.0009068555082194507,28.25,,,,
train_07652,2,2,4,0.9157114028930664,0.008977319113910198,28.125,0.008977319113910198,28.125,0.9157114028930664,32.75,0.06633391231298447,30.125,,
train_07920,2,2,4,0.9177184104919434,0.004249879624694586,27.875,0.01155237015336752,28.875,0.9177184104919434,33.25,0.06647930294275284,30.625,,
train_00562,0,0,3,0.9955078363418579,0.9955078363418579,34.75,0.0016959670465439558,28.375,0.0027961768209934235,28.875,,,,
train_10424,1,1,2,0.9840936064720154,0.01590639166533947,31.125,0.9840936064720154,35.25,,,,,,
train_01905,1,1,2,0.9669140577316284,0.03308597952127457,31.125,0.9669140577316284,34.5,,,,,,
train_05171,1,1,3,0.994239330291748,0.0021748896688222885,28.875,0.994239330291748,35.0,0.0035857870243489742,29.375,,,,
train_07265,1,1,3,0.9840633869171143,0.0035490868613123894,29.125,0.9840633869171143,34.75,0.012387529946863651,30.375,,,,
train_02845,0,0,3,0.9939841628074646,0.9939841628074646,35.25,0.005215950310230255,30.0,0.0007998918881639838,28.125,,,,
train_07339,1,1,3,0.9884139895439148,0.004039422143250704,29.75,0.9884139895439148,35.25,0.00754663348197937,30.375,,,,
train_10661,0,0,2,0.9840936064720154,0.9840936064720154,33.0,0.01590639166533947,28.875,,,,,,
train_02009,0,0,2,0.9859364032745361,0.9859364032745361,33.5,0.014063626527786255,29.25,,,,,,
train_00381,1,1,2,0.9968273043632507,0.0031726830638945103,29.5,0.9968273043632507,35.25,,,,,,
train_09751,0,0,3,0.9953356385231018,0.9953356385231018,34.75,0.0014964265283197165,28.25,0.0031679351814091206,29.0,,,,
train_09958,1,1,2,0.957912266254425,0.042087726294994354,31.375,0.957912266254425,34.5,,,,,,
train_12513,1,1,2,0.977022647857666,0.022977370768785477,31.25,0.977022647857666,35.0,,,,,,
train_10508,0,0,2,0.9914224743843079,0.9914224743843079,33.75,0.008577484637498856,29.0,,,,,,
train_04223,2,2,3,0.813619077205658,0.004837955813854933,29.375,0.18154296278953552,33.0,0.813619077205658,34.5,,,,
train_12341,0,0,2,0.9875683188438416,0.9875683188438416,34.0,0.01243165135383606,29.625,,,,,,
train_09293,1,1,2,0.970687747001648,0.02931223064661026,31.0,0.970687747001648,34.5,,,,,,
train_05777,2,2,4,0.954913854598999,0.010608135722577572,28.75,0.012020591646432877,28.875,0.954913854598999,33.25,0.0224574226886034,29.5,,
train_06768,1,1,4,0.9628334045410156,0.019982969388365746,30.375,0.9628334045410156,34.25,0.010696114040911198,29.75,0.006487520411610603,29.25,,
train_07244,2,2,4,0.9413643479347229,0.0038471410516649485,27.75,0.01342784147709608,29.0,0.9413643479347229,33.25,0.04136066511273384,30.125,,
train_07723,0,0,3,0.8421164155006409,0.8421164155006409,34.75,0.06912512332201004,32.25,0.08875841647386551,32.5,,,,
train_04431,2,2,3,0.9919997453689575,0.0013161659007892013,27.875,0.006684042047709227,29.5,0.9919997453689575,34.5,,,,
train_07264,0,0,3,0.9953815937042236,0.9953815937042236,33.25,0.003589906496927142,27.625,0.001028525410220027,26.375,,,,
train_00483,1,1,3,0.9902729392051697,0.002166213234886527,28.125,0.9902729392051697,34.25,0.00756082683801651,29.375,,,,
train_10255,0,0,3,0.9916455149650574,0.9916455149650574,33.25,0.005896539427340031,28.125,0.0024580436293035746,27.25,,,,
train_05043,1,1,2,0.9994471669197083,0.000552778597921133,27.5,0.9994471669197083,35.0,,,,,,
train_03116,1,1,3,0.9874217510223389,0.004035367164760828,30.75,0.9874217510223389,36.25,0.008542872034013271,31.5,,,,
train_12431,1,1,2,0.9940890073776245,0.005911068990826607,29.125,0.9940890073776245,34.25,,,,,,
train_01246,1,1,3,0.9981653094291687,0.0010314017999917269,27.875,0.9981653094291687,34.75,0.0008032565820030868,27.625,,,,
train_02058,0,0,2,0.9933071732521057,0.9933071732521057,33.5,0.006692850962281227,28.5,,,,,,
train_07765,0,0,2,0.8670357465744019,0.8670357465744019,32.0,0.13296423852443695,30.125,,,,,,
train_11091,0,0,2,0.8175744414329529,0.8175744414329529,31.75,0.18242551386356354,30.25,,,,,,
train_01446,0,0,2,0.851952850818634,0.851952850818634,34.25,0.14804719388484955,32.5,,,,,,
train_06990,0,0,2,0.9669140577316284,0.9669140577316284,34.75,0.03308597952127457,31.375,,,,,,
train_07781,1,1,2,0.9525741338729858,0.04742587357759476,33.0,0.9525741338729858,36.0,,,,,,
train_11580,0,0,2,0.8807970285415649,0.8807970285415649,34.5,0.11920291930437088,32.5,,,,,,
train_01781,1,1,2,0.9525741338729858,0.04742587357759476,33.0,0.9525741338729858,36.0,,,,,,
train_07761,0,0,2,0.851952850818634,0.851952850818634,34.25,0.14804719388484955,32.5,,,,,,
train_05060,1,1,2,0.970687747001648,0.02931223064661026,32.25,0.970687747001648,35.75,,,,,,
train_08741,0,0,2,0.8354835510253906,0.8354835510253906,32.75,0.16451644897460938,31.125,,,,,,
train_01364,0,0,3,0.9433068633079529,0.9433068633079529,34.5,0.0414460115134716,31.375,0.015247135423123837,30.375,,,,
train_08805,1,1,3,0.9878666400909424,0.0024486766196787357,28.75,0.9878666400909424,34.75,0.00968470424413681,30.125,,,,
train_10468,0,0,3,0.9895285964012146,0.9895285964012146,33.5,0.008561099879443645,28.75,0.0019102395744994283,27.25,,,,
train_12536,0,0,2,0.9859364032745361,0.9859364032745361,33.5,0.014063626527786255,29.25,,,,,,
train_03675,0,0,2,0.970687747001648,0.970687747001648,33.5,0.02931223064661026,30.0,,,,,,
train_02690,2,2,3,0.988150954246521,0.0021615715231746435,28.125,0.009687491692602634,29.625,0.988150954246521,34.25,,,,
train_03469,0,0,3,0.9932942986488342,0.9932942986488342,33.75,0.005212330259382725,28.5,0.0014933575876057148,27.25,,,,
train_11336,1,1,3,0.9957062602043152,0.0014969836920499802,28.25,0.9957062602043152,34.75,0.002796733984723687,28.875,,,,
train_11884,0,0,3,0.9914060831069946,0.9914060831069946,33.75,0.006680041551589966,28.75,0.0019138639327138662,27.5,,,,
train_00950,1,1,3,0.9946156144142151,0.0013196364743635058,28.375,0.9946156144142151,35.0,0.004064766690135002,29.5,,,,
train_05893,2,2,3,0.9916307330131531,0.0007979979855008423,27.125,0.007571193855255842,29.375,0.9916307330131531,34.25,,,,
train_11043,1,1,3,0.9961726069450378,0.0010293427621945739,27.375,0.9961726069450378,34.25,0.002798043889924884,28.375,,,,
train_05018,1,1,3,0.9950908422470093,0.0013202670961618423,28.375,0.9950908422470093,35.0,0.0035888580605387688,29.375,,,,
train_11735,2,2,3,0.9930689334869385,0.0010261357529088855,27.625,0.005905003286898136,29.375,0.9930689334869385,34.5,,,,
train_01939,0,0,3,0.9962931275367737,0.9962931275367737,33.25,0.0027983826585114002,27.375,0.0009085017372854054,26.25,,,,
train_10605,1,1,3,0.9946156144142151,0.0013196364743635058,28.625,0.9946156144142151,35.25,0.004064766690135002,29.75,,,,
train_06196,1,1,3,0.9962931275367737,0.0009085017372854054,28.0,0.9962931275367737,35.0,0.0027983826585114002,29.125,,,,
train_10467,2,2,3,0.9882264733314514,0.0007952585001476109,27.375,0.010978205129504204,30.0,0.9882264733314514,34.5,,,,
train_12680,1,1,3,0.9956652522087097,0.001165804103948176,28.0,0.9956652522087097,34.75,0.003168984316289425,29.0,,,,
train_00482,2,2,3,0.9940776824951172,0.000705968530382961,27.0,0.0052164411172270775,29.0,0.9940776824951172,34.25,,,,
train_02868,2,2,3,0.7818628549575806,0.06417921185493469,30.75,0.15395791828632355,31.625,0.7818628549575806,33.25,,,,
train_09681,0,0,3,0.6849372386932373,0.6849372386932373,32.25,0.2223665714263916,31.125,0.0926961749792099,30.25,,,,
train_11749,2,2,3,0.7545580863952637,0.02925739251077175,30.5,0.21618452668190002,32.5,0.7545580863952637,33.75,,,,
train_11725,0,0,2,0.9975274205207825,0.9975274205207825,34.25,0.0024726232513785362,28.25,,,,,,
train_05538,0,0,3,0.9462112188339233,0.9462112188339233,34.5,0.025215674191713333,30.875,0.02857310324907303,31.0,,,,
train_10188,1,1,3,0.9932942986488342,0.0007993367617018521,28.875,0.9932942986488342,36.0,0.005906343925744295,30.875,,,,
train_00264,1,1,3,0.7769657373428345,0.04966975748538971,31.5,0.7769657373428345,34.25,0.17336450517177582,32.75,,,,
train_08107,1,1,3,0.8550271987915039,0.02925742231309414,31.125,0.8550271987915039,34.5,0.11571534723043442,32.5,,,,
train_03324,1,1,3,0.9944878220558167,0.0009068555082194507,26.75,0.9944878220558167,33.75,0.004605392459779978,28.375,,,,
train_06268,1,1,2,0.9149009585380554,0.08509904146194458,31.125,0.9149009585380554,33.5,,,,,,
train_01946,1,1,3,0.9354785084724426,0.028249002993106842,32.25,0.9354785084724426,35.75,0.03627243638038635,32.5,,,,
train_09510,0,0,3,0.9922468662261963,0.9922468662261963,34.0,0.0031581043731421232,28.25,0.004595015197992325,28.625,,,,
train_10818,0,0,3,0.9960283041000366,0.9960283041000366,35.0,0.003170139854773879,29.25,0.0008015368366613984,27.875,,,,
train_02370,0,0,2,0.9669140577316284,0.9669140577316284,33.75,0.03308597952127457,30.375,,,,,,
train_08527,1,1,2,0.9933071732521057,0.006692850962281227,29.5,0.9933071732521057,34.5,,,,,,
train_11207,2,2,3,0.9358399510383606,0.00433379877358675,27.625,0.05982624366879463,30.25,0.9358399510383606,33.0,,,,
train_08989,1,1,3,0.9896640181541443,0.002779762726277113,30.375,0.9896640181541443,36.25,0.0075561776757240295,31.375,,,,
train_07127,2,2,3,0.9932942986488342,0.0014933575876057148,28.75,0.005212330259382725,30.0,0.9932942986488342,35.25,,,,
train_12099,1,1,3,0.9646021127700806,0.0023910095915198326,27.5,0.9646021127700806,33.5,0.03300686925649643,30.125,,,,
train_00206,1,1,2,0.9933071732521057,0.006692850962281227,29.25,0.9933071732521057,34.25,,,,,,
train_10923,0,0,2,0.9875683188438416,0.9875683188438416,33.25,0.01243165135383606,28.875,,,,,,
train_11429,2,2,3,0.9933876991271973,0.0007054785382933915,27.0,0.005906898993998766,29.125,0.9933876991271973,34.25,,,,
train_05870,1,1,3,0.9937648773193359,0.002173851942643523,28.625,0.9937648773193359,34.75,0.0040612900629639626,29.25,,,,
train_04858,2,2,3,0.9881219863891602,0.0009010505746118724,27.0,0.010977043770253658,29.5,0.9881219863891602,34.0,,,,
train_12540,1,1,3,0.9944878220558167,0.0009068555082194507,27.5,0.9944878220558167,34.5,0.004605392459779978,29.125,,,,
train_04944,0,0,3,0.9957062602043152,0.9957062602043152,33.75,0.002796733984723687,27.875,0.0014969836920499802,27.25,,,,
train_03666,0,0,3,0.9926199316978455,0.9926199316978455,33.75,0.005208791233599186,28.5,0.0021713473834097385,27.625,,,,
train_09220,2,2,3,0.9955019354820251,0.000907780253328383,27.25,0.0035903407260775566,28.625,0.9955019354820251,34.25,,,,
train_07771,1,1,3,0.9963636994361877,0.0011666219215840101,27.75,0.9963636994361877,34.5,0.0024697387125343084,28.5,,,,
train_09093,0,0,3,0.9947698712348938,0.9947698712348938,33.5,0.004065397195518017,28.0,0.0011647557839751244,26.75,,,,
train_04846,1,1,3,0.9950668811798096,0.002466524252668023,29.25,0.9950668811798096,35.25,0.002466524252668023,29.25,,,,
train_05983,2,2,3,0.9963994026184082,0.0008018355001695454,27.125,0.0027986811473965645,28.375,0.9963994026184082,34.25,,,,
train_07533,1,1,3,0.9929331541061401,0.0011626051273196936,29.0,0.9929331541061401,35.75,0.0059041958302259445,30.625,,,,
train_04273,1,1,2,0.9988304972648621,0.0011695101857185364,28.75,0.9988304972648621,35.5,,,,,,
train_07332,0,0,2,0.9968273043632507,0.9968273043632507,34.0,0.0031726830638945103,28.25,,,,,,
train_02229,1,1,2,0.9465966820716858,0.0534033328294754,31.375,0.9465966820716858,34.25,,,,,,
train_04747,0,0,3,0.5489178895950317,0.5489178895950317,32.5,0.2938145697116852,31.875,0.15726761519908905,31.25,,,,
train_09019,0,0,3,0.6285316944122314,0.6285316944122314,32.75,0.23122389614582062,31.75,0.14024437963962555,31.25,,,,
train_10125,1,1,2,0.9626730680465698,0.037326883524656296,31.5,0.9626730680465698,34.75,,,,,,
train_09811,1,1,2,0.9924227595329285,0.007577240467071533,30.125,0.9924227595329285,35.0,,,,,,
train_04965,1,1,2,0.977022647857666,0.022977370768785477,31.25,0.977022647857666,35.0,,,,,,
train_04638,0,0,2,0.9940890073776245,0.9940890073776245,33.75,0.005911068990826607,28.625,,,,,,
train_10054,0,0,2,0.9875683188438416,0.9875683188438416,33.5,0.01243165135383606,29.125,,,,,,
train_12528,3,3,4,0.9964377880096436,0.0027987887151539326,28.875,0.0004292081284802407,27.0,0.00033426762092858553,26.75,0.9964377880096436,34.75,,
train_04458,3,3,4,0.9966170191764832,0.0019239233806729317,28.5,0.0010298020206391811,27.875,0.0004292853409424424,27.0,0.9966170191764832,34.75,,
train_05167,0,0,4,0.9977924823760986,0.9977924823760986,34.5,0.0019261926645413041,28.25,0.0002300508931512013,26.125,5.133129525347613e-05,24.625,,
train_04483,0,0,4,0.9976828098297119,0.9976828098297119,34.5,0.0019259810214862227,28.25,0.00029535876819863915,26.375,9.588894317857921e-05,25.25,,
train_07742,2,2,4,0.9801520705223083,0.0016698066610842943,28.625,0.01795211248099804,31.0,0.9801520705223083,35.0,0.00022598372015636414,26.625,,
train_01834,1,1,3,0.8464469313621521,0.0064627015963196754,30.125,0.8464469313621521,35.0,0.14709040522575378,33.25,,,,
train_06104,1,1,3,0.8700675368309021,0.038228098303079605,31.875,0.8700675368309021,35.0,0.09170443564653397,32.75,,,,
train_06540,0,0,3,0.372122198343277,0.372122198343277,32.25,0.25575560331344604,31.875,0.372122198343277,32.25,,,,
train_03430,1,1,2,0.9914224743843079,0.008577484637498856,30.0,0.9914224743843079,34.75,,,,,,
train_07079,0,0,2,0.9890130758285522,0.9890130758285522,33.75,0.01098694372922182,29.25,,,,,,
train_03280,2,2,3,0.940597414970398,0.0063376957550644875,28.0,0.05306487902998924,30.125,0.940597414970398,33.0,,,,
train_09148,0,0,2,0.957912266254425,0.957912266254425,33.0,0.042087726294994354,29.875,,,,,,
train_10625,1,1,2,0.970687747001648,0.02931223064661026,30.75,0.970687747001648,34.25,,,,,,
train_08495,1,1,2,0.9953904151916504,0.004609572701156139,29.625,0.9953904151916504,35.0,,,,,,
train_01272,2,2,3,0.9906320571899414,0.0007971943123266101,27.625,0.008570646867156029,30.0,0.9906320571899414,34.75,,,,
train_02672,0,0,2,0.9669140577316284,0.9669140577316284,33.25,0.03308597952127457,29.875,,,,,,
train_10633,1,1,2,0.9626730680465698,0.037326883524656296,31.0,0.9626730680465698,34.25,,,,,,
train_10980,0,0,2,0.9626730680465698,0.9626730680465698,33.0,0.037326883524656296,29.75,,,,,,
train_11268,0,0,2,0.9820137619972229,0.9820137619972229,33.5,0.01798621006309986,29.5,,,,,,
train_08446,0,0,2,0.9796676635742188,0.9796676635742188,33.0,0.020332353189587593,29.125,,,,,,
train_11643,0,0,3,0.9848435521125793,0.9848435521125793,34.25,0.006635823752731085,29.25,0.00852056685835123,29.5,,,,
train_03250,0,0,3,0.9971777200698853,0.9971777200698853,35.0,0.0014991960488259792,28.5,0.0013230359181761742,28.375,,,,
train_05170,1,1,3,0.8880821466445923,0.03901960700750351,31.875,0.8880821466445923,35.0,0.07289822399616241,32.5,,,,
train_09025,0,0,3,0.7732715010643005,0.7732715010643005,33.0,0.13437442481517792,31.25,0.09235411882400513,30.875,,,,
train_09837,1,1,3,0.8607219457626343,0.048558611422777176,31.625,0.8607219457626343,34.5,0.09071942418813705,32.25,,,,
train_00052,1,1,3,0.9850317239761353,0.004025599453598261,30.0,0.9850317239761353,35.5,0.010942715220153332,31.0,,,,
train_05588,1,1,2,0.9324532747268677,0.06754669547080994,31.875,0.9324532747268677,34.5,,,,,,
train_07484,0,0,3,0.9723942875862122,0.9723942875862122,34.5,0.02018139883875847,30.625,0.007424321491271257,29.625,,,,
train_12384,2,2,3,0.9603813886642456,0.0023805475793778896,29.25,0.03723802790045738,32.0,0.9603813886642456,35.25,,,,
train_07409,2,2,3,0.9231429100036621,0.001080889138393104,28.5,0.07577618211507797,32.75,0.9231429100036621,35.25,,,,
train_05644,0,0,3,0.9913210272789001,0.9913210272789001,34.5,0.002784417010843754,28.625,0.005894610192626715,29.375,,,,
train_08829,0,0,3,0.9912236928939819,0.9912236928939819,34.25,0.003574910806491971,28.625,0.005201464518904686,29.0,,,,
train_11515,1,1,3,0.9651172161102295,0.005738796666264534,30.625,0.9651172161102295,35.75,0.029144015163183212,32.25,,,,
train_03704,1,1,3,0.971379280090332,0.0057760318741202354,30.625,0.971379280090332,35.75,0.022844651713967323,32.0,,,,
train_08070,1,1,3,0.8371505737304688,0.01737450622022152,31.875,0.8371505737304688,35.75,0.14547494053840637,34.0,,,,
train_04017,2,2,3,0.9839741587638855,0.007512735202908516,29.625,0.008513044565916061,29.75,0.9839741587638855,34.5,,,,
train_10713,1,1,3,0.842913031578064,0.010610708966851234,31.375,0.842913031578064,35.75,0.14647631347179413,34.0,,,,
train_05948,1,1,3,0.8698680996894836,0.012408002279698849,31.5,0.8698680996894836,35.75,0.11772384494543076,33.75,,,,
train_04225,0,0,3,0.9449998736381531,0.9449998736381531,34.75,0.04152039811015129,31.625,0.013479698449373245,30.5,,,,
train_05372,2,2,3,0.9713793992996216,0.00577603280544281,30.125,0.022844653576612473,31.5,0.9713793992996216,35.25,,,,
train_03213,2,2,3,0.9780884385108948,0.0039972239173948765,29.5,0.017914315685629845,31.0,0.9780884385108948,35.0,,,,
train_11787,0,0,3,0.9739938974380493,0.9739938974380493,34.75,0.020214596763253212,30.875,0.005791578907519579,29.625,,,,
train_03877,0,0,2,0.9669140577316284,0.9669140577316284,33.25,0.03308597952127457,29.875,,,,,,
train_12289,0,0,3,0.916897714138031,0.916897714138031,34.5,0.05172783136367798,31.625,0.03137451410293579,31.125,,,,
train_08519,2,2,3,0.9412870407104492,0.01184905506670475,30.625,0.046863920986652374,32.0,0.9412870407104492,35.0,,,,
train_01476,2,2,3,0.9643803238868713,0.0064979433082044125,29.75,0.02912176214158535,31.25,0.9643803238868713,34.75,,,,
train_07039,2,2,3,0.9686310291290283,0.0021188717801123857,29.375,0.029250122606754303,32.0,0.9686310291290283,35.5,,,,
train_01911,0,0,3,0.9114929437637329,0.9114929437637329,33.5,0.08478204905986786,31.125,0.0037250632885843515,28.0,,,,
train_06647,0,0,3,0.9955078363418579,0.9955078363418579,34.75,0.0016959670465439558,28.375,0.0027961768209934235,28.875,,,,
train_06463,2,2,3,0.9536725878715515,0.009349477477371693,30.375,0.036977898329496384,31.75,0.9536725878715515,35.0,,,,
train_06380,2,2,3,0.9651172161102295,0.005738796666264534,29.625,0.029144015163183212,31.25,0.9651172161102295,34.75,,,,
train_06418,0,0,3,0.9537315964698792,0.9537315964698792,34.25,0.028800198808312416,30.75,0.017468202859163284,30.25,,,,
train_12146,0,0,3,0.9769793152809143,0.9769793152809143,35.0,0.017893999814987183,31.0,0.005126717034727335,29.75,,,,
train_03871,0,0,3,0.9932564496994019,0.9932564496994019,34.5,0.0031613176688551903,28.75,0.003582242177799344,28.875,,,,
train_03790,2,2,3,0.9684336185455322,0.005758516490459442,29.625,0.025807881727814674,31.125,0.9684336185455322,34.75,,,,
train_02895,2,2,3,0.9230100512504578,0.0012246316764503717,28.375,0.07576528191566467,32.5,0.9230100512504578,35.0,,,,
train_11340,2,2,3,0.979037880897522,0.0051375194452703,30.0,0.01582467369735241,31.125,0.979037880897522,35.25,,,,
train_08743,1,1,3,0.9738498330116272,0.013891221024096012,32.0,0.9738498330116272,36.25,0.01225895993411541,31.875,,,,
train_11403,1,1,3,0.9576048851013184,0.022520707920193672,31.0,0.9576048851013184,34.75,0.0198744535446167,30.875,,,,
train_03789,0,0,3,0.895814061164856,0.895814061164856,33.25,0.07353289425373077,30.75,0.03065307065844536,29.875,,,,
train_04959,1,1,3,0.9313315153121948,0.009130452759563923,30.625,0.9313315153121948,35.25,0.05953802913427353,32.5,,,,
train_08416,1,1,3,0.9844942688941956,0.009651643224060535,31.375,0.9844942688941956,36.0,0.00585401663556695,30.875,,,,
train_08231,2,2,3,0.9598281383514404,0.007328377570956945,30.375,0.032843511551618576,31.875,0.9598281383514404,35.25,,,,
train_00485,0,0,3,0.9763128757476807,0.9763128757476807,34.5,0.017881793901324272,30.5,0.005805368069559336,29.375,,,,
train_11133,1,1,3,0.9851720333099365,0.009658287279307842,31.625,0.9851720333099365,36.25,0.005169708281755447,31.0,,,,
train_00296,1,1,3,0.973451554775238,0.01573437824845314,31.625,0.973451554775238,35.75,0.010814070701599121,31.25,,,,
train_04562,0,0,3,0.9755586981773376,0.9755586981773376,34.5,0.017867982387542725,30.5,0.006573263090103865,29.5,,,,
train_00064,0,0,3,0.9259825944900513,0.9259825944900513,34.75,0.052240367978811264,31.875,0.021777024492621422,31.0,,,,
train_04288,2,2,3,0.9849594235420227,0.007520257495343685,29.625,0.007520257495343685,29.625,0.9849594235420227,34.5,,,,
train_00684,0,0,3,0.9677333831787109,0.9677333831787109,34.25,0.020084664225578308,30.375,0.012181965634226799,29.875,,,,
train_09055,0,0,2,0.9959298968315125,0.9959298968315125,33.75,0.004070138093084097,28.25,,,,,,
train_08632,2,2,3,0.9970166683197021,0.0021809651516377926,29.125,0.0008023322443477809,28.125,0.9970166683197021,35.25,,,,
train_11500,0,0,3,0.9878826141357422,0.9878826141357422,34.25,0.004574804566800594,28.875,0.007542576175183058,29.375,,,,
train_04581,0,0,3,0.9665321707725525,0.9665321707725525,35.0,0.02273065783083439,31.25,0.010737203061580658,30.5,,,,
train_02256,1,1,3,0.9792018532752991,0.012326332740485668,31.875,0.9792018532752991,36.25,0.008471756242215633,31.5,,,,
train_01335,2,2,3,0.950957179069519,0.007260647136718035,29.625,0.04178214073181152,31.375,0.950957179069519,34.5,,,,
train_01152,0,0,2,0.7549149990081787,0.7549149990081787,32.75,0.24508501589298248,31.625,,,,,,
train_06438,1,1,2,0.9971990585327148,0.0028009270317852497,28.625,0.9971990585327148,34.5,,,,,,
train_08626,2,2,3,0.990752100944519,0.004048977512866259,28.5,0.005198989994823933,28.75,0.990752100944519,34.0,,,,
train_11694,2,2,3,0.9782649278640747,0.010867542587220669,29.75,0.010867542587220669,29.75,0.9782649278640747,34.25,,,,
train_10050,2,2,3,0.9846483469009399,0.0013064121594652534,27.875,0.01404525339603424,30.25,0.9846483469009399,34.5,,,,
train_09279,1,1,3,0.9695857763290405,0.001135268248617649,28.0,0.9695857763290405,34.75,0.02927895449101925,31.25,,,,
train_05282,2,2,3,0.9643803238868713,0.0064979433082044125,30.25,0.02912176214158535,31.75,0.9643803238868713,35.25,,,,
train_06604,1,1,3,0.9661662578582764,0.020052140578627586,30.875,0.9661662578582764,34.75,0.013781621120870113,30.5,,,,
train_01081,2,2,3,0.9618332982063293,0.01554658729583025,30.125,0.022620152682065964,30.5,0.9618332982063293,34.25,,,,
train_01626,2,2,3,0.949694812297821,0.0030226707458496094,29.5,0.047282520681619644,32.25,0.949694812297821,35.25,,,,
train_11087,2,2,3,0.9782649278640747,0.010867542587220669,29.75,0.010867542587220669,29.75,0.9782649278640747,34.25,,,,
train_05399,1,1,3,0.9851720333099365,0.009658287279307842,31.375,0.9851720333099365,36.0,0.005169708281755447,30.75,,,,
train_01842,0,0,3,0.9566383957862854,0.9566383957862854,34.5,0.03273436427116394,31.125,0.010627293027937412,30.0,,,,
train_10836,1,1,3,0.9795157313346863,0.009602834470570087,30.375,0.9795157313346863,35.0,0.010881437920033932,30.5,,,,
train_07289,0,0,3,0.9606947898864746,0.9606947898864746,34.25,0.025601647794246674,30.625,0.013703574426472187,30.0,,,,
train_07291,1,1,3,0.8649848103523254,0.01795218698680401,31.875,0.8649848103523254,35.75,0.11706296354532242,33.75,,,,
train_11089,1,1,3,0.9714339375495911,0.008404550142586231,30.75,0.9714339375495911,35.5,0.020161468535661697,31.625,,,,
train_00346,1,1,3,0.9598463773727417,0.022573422640562057,31.0,0.9598463773727417,34.75,0.017580199986696243,30.75,,,,
train_01652,1,1,3,0.9862913489341736,0.008533092215657234,31.25,0.9862913489341736,36.0,0.005175582133233547,30.75,,,,
train_02014,0,0,3,0.9622441530227661,0.9622441530227661,34.25,0.025642938911914825,30.625,0.012112867087125778,29.875,,,,
train_03784,1,1,3,0.9854978322982788,0.0035542603582143784,29.625,0.9854978322982788,35.25,0.010947893373668194,30.75,,,,
train_09619,0,0,3,0.9606947898864746,0.9606947898864746,34.5,0.025601647794246674,30.875,0.013703574426472187,30.25,,,,
train_11125,2,2,3,0.9135146737098694,0.011499453336000443,30.125,0.07498585432767868,32.0,0.9135146737098694,34.5,,,,
train_04426,2,2,3,0.9196819067001343,0.004826047457754612,30.0,0.07549208402633667,32.75,0.9196819067001343,35.25,,,,
train_09576,1,1,4,0.9921813011169434,0.00589972548186779,30.125,0.9921813011169434,35.25,0.0014916842337697744,28.75,0.00042737467447295785,27.5,,
train_10611,3,3,4,0.8934586048126221,0.030572472140192986,30.125,0.011246984824538231,29.125,0.06472192704677582,30.875,0.8934586048126221,33.5,,
train_10470,0,0,4,0.4482780694961548,0.4482780694961548,32.25,0.10002436488866806,30.75,0.23994597792625427,31.625,0.21175158023834229,31.5,,
train_01389,0,0,4,0.9657132029533386,0.9657132029533386,33.25,0.013775158673524857,29.0,0.00835505686700344,28.5,0.012156535871326923,28.875,,
train_05151,2,2,3,0.9606947898864746,0.013703574426472187,30.5,0.025601647794246674,31.125,0.9606947898864746,34.75,,,,
train_07370,1,1,3,0.8069112300872803,0.013042504899203777,30.375,0.8069112300872803,34.5,0.1800462305545807,33.0,,,,
train_12007,0,0,2,0.9241418242454529,0.9241418242454529,33.0,0.07585817575454712,30.5,,,,,,
train_10965,2,2,4,0.7899622917175293,0.02385479398071766,29.75,0.030630161985754967,30.0,0.7899622917175293,33.25,0.15555278956890106,31.625,,
train_01261,0,0,2,0.9465966820716858,0.9465966820716858,33.75,0.0534033328294754,30.875,,,,,,
train_04717,3,3,4,0.9653129577636719,0.015602829866111279,30.375,0.0034814621321856976,28.875,0.015602829866111279,30.375,0.9653129577636719,34.5,,
train_11619,1,1,4,0.9206000566482544,0.002930068178102374,28.5,0.9206000566482544,34.25,0.05193670466542244,31.375,0.024533160030841827,30.625,,
train_07699,1,1,2,0.9902915358543396,0.009708477184176445,31.125,0.9902915358543396,35.75,,,,,,
train_00597,1,1,2,0.9820137619972229,0.01798621006309986,30.5,0.9820137619972229,34.5,,,,,,
train_09300,0,0,2,0.9046505093574524,0.9046505093574524,33.75,0.09534946084022522,31.5,,,,,,
train_11885,0,0,2,0.9933071732521057,0.9933071732521057,33.25,0.006692850962281227,28.25,,,,,,
train_07398,1,1,4,0.5053181648254395,0.017291037365794182,30.125,0.5053181648254395,33.5,0.2386954128742218,32.75,0.2386954128742218,32.75,,
train_03341,2,2,3,0.9464991688728333,0.006377460900694132,28.0,0.047123417258262634,30.0,0.9464991688728333,33.0,,,,
train_07562,1,1,3,0.9938783049583435,0.000906299683265388,29.0,0.9938783049583435,36.0,0.005215394776314497,30.75,,,,
train_01234,2,2,3,0.9940441250801086,0.0031638245563954115,30.0,0.0027920654974877834,29.875,0.9940441250801086,35.75,,,,
train_03136,0,0,3,0.9828521609306335,0.9828521609306335,35.25,0.014019632712006569,31.0,0.003128203097730875,29.5,,,,
train_02052,1,1,2,0.9740425944328308,0.02595735713839531,31.125,0.9740425944328308,34.75,,,,,,
train_11108,1,1,3,0.9989598989486694,0.00048758761840872467,27.625,0.9989598989486694,35.25,0.0005525090964511037,27.75,,,,
train_09398,0,0,2,0.957912266254425,0.957912266254425,33.25,0.042087726294994354,30.125,,,,,,
train_10789,1,1,2,0.9978172779083252,0.002182716503739357,27.875,0.9978172779083252,34.0,,,,,,
train_10351,0,0,2,0.9859364032745361,0.9859364032745361,33.25,0.014063626527786255,29.0,,,,,,
train_02094,0,0,4,0.9815447330474854,0.9815447330474854,34.0,0.010903977788984776,29.5,0.0035400029737502337,28.375,0.004011348821222782,28.5,,
train_03707,1,1,4,0.9571598172187805,0.022510241717100143,30.5,0.9571598172187805,34.25,0.00828105490654707,29.5,0.012048863805830479,29.875,,
train_12393,1,1,4,0.9906384944915771,0.007563618011772633,29.875,0.9906384944915771,34.75,0.0013143597170710564,28.125,0.0004835259751416743,27.125,,
train_11794,1,1,4,0.9353184103965759,0.0038224325980991125,29.0,0.9353184103965759,34.5,0.052767056971788406,31.625,0.008092089556157589,29.75,,
train_07494,0,0,4,0.9810110926628113,0.9810110926628113,33.5,0.00961749441921711,28.875,0.0035380783956497908,27.875,0.005833304952830076,28.375,,
train_07253,1,1,2,0.9525741338729858,0.04742587357759476,31.25,0.9525741338729858,34.25,,,,,,
train_02268,1,1,4,0.9749284386634827,0.015758249908685684,31.125,0.9749284386634827,35.25,0.0057971361093223095,30.125,0.003516141092404723,29.625,,
train_09137,2,2,4,0.9596982002258301,0.01208081841468811,29.875,0.008303016424179077,29.5,0.9596982002258301,34.25,0.01991790160536766,30.375,,
train_06202,3,3,4,0.9768282175064087,0.010851581580936909,29.75,0.002743709599599242,28.375,0.009576487354934216,29.625,0.9768282175064087,34.25,,
train_06541,1,1,4,0.9556646943092346,0.0034466651268303394,29.125,0.9556646943092346,34.75,0.012030043639242649,30.375,0.028858574107289314,31.25,,
train_12033,1,1,4,0.9899678230285645,0.003150850534439087,29.5,0.9899678230285645,35.25,0.005194874480366707,30.0,0.0016865289071574807,28.875,,
train_01181,0,0,4,0.9500138163566589,0.9500138163566589,33.0,0.025317011401057243,29.375,0.009313608519732952,28.375,0.015355543233454227,28.875,,
train_03070,1,1,2,0.9669140577316284,0.03308597952127457,31.625,0.9669140577316284,35.0,,,,,,
train_07578,0,0,4,0.8854641318321228,0.8854641318321228,33.25,0.02359681949019432,29.625,0.03433316946029663,30.0,0.05660582333803177,30.5,,
train_06547,2,2,4,0.9779866337776184,0.006589622236788273,29.25,0.0031127172987908125,28.5,0.9779866337776184,34.25,0.012311034835875034,29.875,,
train_00263,2,2,4,0.9464130997657776,0.005627577658742666,28.375,0.006376881152391434,28.5,0.9464130997657776,33.5,0.041582487523555756,30.375,,
train_11781,2,2,3,0.9929322004318237,0.00037744230940006673,26.125,0.006690324749797583,29.0,0.9929322004318237,34.0,,,,
train_06755,3,3,4,0.9738237261772156,0.01225863117724657,30.375,0.0030994676053524017,29.0,0.01081820484250784,30.25,0.9738237261772156,34.75,,
train_12725,2,2,4,0.894569993019104,0.0036559030413627625,28.0,0.018566206097602844,29.625,0.894569993019104,33.5,0.08320796489715576,31.125,,
train_11624,2,2,4,0.937008798122406,0.009186111390590668,29.375,0.007154150400310755,29.125,0.937008798122406,34.0,0.04665092006325722,31.0,,
train_08871,2,2,4,0.9401358962059021,0.0026406485121697187,28.375,0.02505377307534218,30.625,0.9401358962059021,34.25,0.032169681042432785,30.875,,
train_11526,1,1,4,0.9789018034934998,0.010874617844820023,31.0,0.9789018034934998,35.5,0.007474007084965706,30.625,0.0027495338581502438,29.625,,
train_04794,0,0,4,0.9733712673187256,0.9733712673187256,33.75,0.015733081847429276,29.625,0.005787876900285482,28.625,0.00510778371244669,28.5,,
train_05006,0,0,4,0.9731916189193726,0.9731916189193726,33.0,0.013881832361221313,28.75,0.004506771452724934,27.625,0.008419756777584553,28.25,,
train_03139,0,0,4,0.9713365435600281,0.9713365435600281,33.75,0.017790649086236954,29.75,0.005775778088718653,28.625,0.0050971065647900105,28.5,,
train_05930,3,3,4,0.9247556924819946,0.00906598661094904,29.375,0.007060596719384193,29.125,0.05911765247583389,31.25,0.9247556924819946,34.0,,
train_01529,0,0,4,0.9708230495452881,0.9708230495452881,33.75,0.01569189317524433,29.625,0.003967531956732273,28.25,0.009517614729702473,29.125,,
train_00356,0,0,4,0.9402323365211487,0.9402323365211487,33.75,0.015197440050542355,29.625,0.019513899460434914,29.875,0.025056341663002968,30.125,,
train_12277,1,1,4,0.9718363881111145,0.0035049894358962774,29.625,0.9718363881111145,35.25,0.01079612784087658,30.75,0.01386250089854002,31.0,,
train_05554,2,2,4,0.8547285795211792,0.009495177306234837,29.25,0.020101290196180344,30.0,0.8547285795211792,33.75,0.1156749352812767,31.75,,
train_06686,2,2,4,0.7154514789581299,0.027741065248847008,29.5,0.05182713642716408,30.125,0.7154514789581299,32.75,0.2049802988767624,31.5,,
train_03075,0,0,4,0.9847704172134399,0.9847704172134399,34.25,0.009654349647462368,29.625,0.0024410018231719732,28.25,0.003134308382868767,28.5,,
train_07840,0,0,4,0.9654797911643982,0.9654797911643982,34.0,0.00946523156017065,29.375,0.007371529005467892,29.125,0.017683379352092743,30.0,,
train_01410,0,0,4,0.8504782319068909,0.8504782319068909,33.5,0.037367407232522964,30.375,0.042342815548181534,30.5,0.06981150805950165,31.0,,
train_06013,3,3,4,0.963945209980011,0.015580723062157631,29.875,0.008339759893715382,29.25,0.012134280055761337,29.625,0.963945209980011,34.0,,
train_08622,0,0,4,0.932856559753418,0.932856559753418,33.5,0.024859784170985222,29.875,0.010363101027905941,29.0,0.03192059323191643,30.125,,
train_04234,3,3,4,0.9773359298706055,0.006585237570106983,29.5,0.002137913601472974,28.375,0.013940947130322456,30.25,0.9773359298706055,34.5,,
train_04374,1,1,4,0.9792957305908203,0.0058231051079928875,30.125,0.9792957305908203,35.25,0.010878993198275566,30.75,0.004002158064395189,29.75,,
train_07730,1,1,4,0.9708605408668518,0.013848581351339817,30.75,0.9708605408668518,35.0,0.009517982602119446,30.375,0.005772947799414396,29.875,,
train_07394,2,2,4,0.936120867729187,0.005566377658396959,28.625,0.02201545238494873,30.0,0.936120867729187,33.75,0.03629734367132187,30.5,,
train_10277,0,0,4,0.4899701178073883,0.4899701178073883,31.875,0.12388385087251663,30.5,0.12388385087251663,30.5,0.26226210594177246,31.25,,
train_06154,0,0,4,0.9830963611602783,0.9830963611602783,33.75,0.010921214707195759,29.25,0.002436852315440774,27.75,0.003545599291101098,28.125,,
train_10002,0,0,4,0.9424445033073425,0.9424445033073425,33.75,0.013443248346447945,29.5,0.01186362560838461,29.375,0.03224867582321167,30.375,,
train_10359,3,3,4,0.859401524066925,0.01225870382040739,29.5,0.03775946795940399,30.625,0.09058025479316711,31.5,0.859401524066925,33.75,,
train_06659,3,3,4,0.9778091311454773,0.00513107143342495,29.5,0.0031121522188186646,29.0,0.01394769735634327,30.5,0.9778091311454773,34.75,,
train_01450,3,3,4,0.9613246321678162,0.01553836464881897,30.125,0.00942449551075697,29.625,0.013712558895349503,30.0,0.9613246321678162,34.25,,
train_12107,3,3,4,0.9369413256645203,0.036329157650470734,30.5,0.01336474996060133,29.5,0.01336474996060133,29.5,0.9369413256645203,33.75,,
train_04908,0,0,3,0.9889302849769592,0.9889302849769592,34.0,0.005189429968595505,28.75,0.005880394019186497,28.875,,,,
train_03508,0,0,2,0.957912266254425,0.957912266254425,33.0,0.042087726294994354,29.875,,,,,,
train_01805,2,2,3,0.9940187931060791,0.004062327556312084,29.75,0.00191890774294734,29.0,0.9940187931060791,35.25,,,,
train_06273,1,1,2,0.9820137619972229,0.01798621006309986,30.75,0.9820137619972229,34.75,,,,,,
train_04363,0,0,2,0.9953904151916504,0.9953904151916504,33.75,0.004609572701156139,28.375,,,,,,
train_04381,0,0,2,0.9959298968315125,0.9959298968315125,33.5,0.004070138093084097,28.0,,,,,,
train_08525,0,0,3,0.9922468662261963,0.9922468662261963,35.0,0.004595015197992325,29.625,0.0031581043731421232,29.25,,,,
train_00727,0,0,2,0.9978172779083252,0.9978172779083252,33.75,0.002182716503739357,27.625,,,,,,
train_11931,0,0,4,0.979788601398468,0.979788601398468,34.0,0.009605510160326958,29.375,0.004004172049462795,28.5,0.0066017634235322475,29.0,,
train_05716,0,0,3,0.8352184295654297,0.8352184295654297,33.0,0.1451391875743866,31.25,0.019642455503344536,29.25,,,,
train_06429,1,1,3,0.9550774693489075,0.022461270913481712,31.25,0.9550774693489075,35.0,0.022461270913481712,31.25,,,,
train_07530,1,1,3,0.9615374803543091,0.009426582604646683,30.875,0.9615374803543091,35.5,0.029035916551947594,32.0,,,,
train_00123,2,2,4,0.9560863375663757,0.012035351246595383,29.875,0.012035351246595383,29.875,0.9560863375663757,34.25,0.01984293945133686,30.375,,
train_05360,3,3,4,0.9545976519584656,0.010604622773826122,30.0,0.009358546696603298,29.875,0.02543916553258896,30.875,0.9545976519584656,34.5,,
train_03316,3,3,4,0.9521830677986145,0.005661887116730213,29.125,0.022393200546503067,30.5,0.01976192742586136,30.375,0.9521830677986145,34.25,,
train_10393,1,1,2,0.9149009585380554,0.08509904146194458,31.625,0.9149009585380554,34.0,,,,,,
train_10114,3,3,4,0.9349746108055115,0.008089114911854267,29.0,0.010386629961431026,29.25,0.04654964432120323,30.75,0.9349746108055115,33.75,,
train_11995,3,3,4,0.9785435795783997,0.0074712722562253475,29.125,0.0031144898384809494,28.25,0.01087063830345869,29.5,0.9785435795783997,34.0,,
train_03740,3,3,4,0.9255918860435486,0.024666188284754753,29.625,0.009074184112250805,28.625,0.04066767171025276,30.125,0.9255918860435486,33.25,,
train_09409,2,2,4,0.6244990229606628,0.014686809852719307,29.5,0.06582170724868774,31.0,0.6244990229606628,33.25,0.29499244689941406,32.5,,
train_05537,2,2,4,0.9300938844680786,0.013267076574265957,29.25,0.010332410223782063,29.0,0.9300938844680786,33.5,0.04630664736032486,30.5,,
train_04210,2,2,4,0.936120867729187,0.005566377658396959,28.625,0.02201545238494873,30.0,0.936120867729187,33.75,0.03629734367132187,30.5,,
train_08790,0,0,4,0.982313871383667,0.982313871383667,34.0,0.010912522673606873,29.5,0.0027591176331043243,28.125,0.004014492500573397,28.5,,
train_03306,2,2,4,0.886987030506134,0.030351025983691216,30.125,0.018408827483654022,29.625,0.886987030506134,33.5,0.06425312906503677,30.875,,
train_12636,0,0,4,0.9319813251495361,0.9319813251495361,34.0,0.011731913313269615,29.625,0.028143396601080894,30.5,0.028143396601080894,30.5,,
train_00000,0,0,4,0.894740104675293,0.894740104675293,33.0,0.02701880969107151,29.5,0.021042270585894585,29.25,0.057198818773031235,30.25,,
train_00233,1,1,4,0.9846907258033752,0.008519244380295277,29.75,0.9846907258033752,34.5,0.004024206195026636,29.0,0.0027657938189804554,28.625,,
train_06692,3,3,4,0.9713365435600281,0.017790649086236954,30.5,0.0050971065647900105,29.25,0.005775778088718653,29.375,0.9713365435600281,34.5,,
train_05798,3,3,4,0.9808351993560791,0.005146950948983431,29.75,0.0016709704650565982,28.625,0.012346893548965454,30.625,0.9808351993560791,35.0,,
train_06412,0,0,4,0.969619631767273,0.969619631767273,33.0,0.010771501809358597,28.5,0.007403136696666479,28.125,0.01220570970326662,28.625,,
train_11589,0,0,4,0.9617695808410645,0.9617695808410645,33.75,0.0034686827566474676,28.125,0.005718890577554703,28.625,0.029042923822999,30.25,,
train_03582,0,0,4,0.8252381086349487,0.8252381086349487,33.0,0.021991850808262825,29.375,0.04108618572354317,30.0,0.11168383061885834,31.0,,
train_11229,0,0,4,0.9255111217498779,0.9255111217498779,33.5,0.009073392488062382,28.875,0.013201707042753696,29.25,0.052213769406080246,30.625,,
train_00951,0,0,4,0.8444007635116577,0.8444007635116577,33.25,0.05398073047399521,30.5,0.047637831419706345,30.375,0.05398073047399521,30.5,,
train_11520,0,0,4,0.9622524380683899,0.9622524380683899,33.75,0.0176242683082819,29.75,0.009433591738343239,29.125,0.010689659975469112,29.25,,
train_00610,0,0,4,0.906235933303833,0.906235933303833,32.75,0.0351385772228241,29.5,0.01880832575261593,28.875,0.03981722891330719,29.625,,
train_10034,3,3,4,0.9449241757392883,0.013478619046509266,29.75,0.004958507139235735,28.75,0.036638688296079636,30.75,0.9449241757392883,34.0,,
train_06403,1,1,4,0.983677864074707,0.009643638506531715,30.125,0.983677864074707,34.75,0.0035476963967084885,29.125,0.0031308310572057962,29.0,,
train_05690,0,0,2,0.9525741338729858,0.9525741338729858,32.75,0.04742587357759476,29.75,,,,,,
train_06433,2,2,4,0.9593397974967957,0.009405036456882954,29.625,0.013684246689081192,30.0,0.9593397974967957,34.25,0.017570922151207924,30.25,,
train_07120,2,2,4,0.9098019599914551,0.0054098800756037235,28.625,0.01888233609497547,29.875,0.9098019599914551,33.75,0.06590583920478821,31.125,,
train_04625,3,3,4,0.9312244653701782,0.052536092698574066,30.125,0.007109986152499914,28.125,0.009129404090344906,28.375,0.9312244653701782,33.0,,
train_06281,1,1,4,0.9610453248023987,0.010676249861717224,30.25,0.9610453248023987,34.75,0.010676249861717224,30.25,0.017602158710360527,30.75,,
train_03351,0,0,4,0.9063513278961182,0.9063513278961182,33.25,0.07439784705638885,30.75,0.007841475307941437,28.5,0.011409279890358448,28.875,,
train_10652,2,2,4,0.9449241757392883,0.009263711050152779,29.125,0.013478619046509266,29.5,0.9449241757392883,33.75,0.03233352676033974,30.375,,
train_02901,2,2,4,0.9698169231414795,0.005766741931438446,29.125,0.01220819354057312,29.875,0.9698169231414795,34.25,0.01220819354057312,29.875,,
train_05386,1,1,4,0.9735706448554993,0.00510883005335927,29.5,0.9735706448554993,34.75,0.007433303166180849,29.875,0.013887238688766956,30.5,,
train_03595,3,3,4,0.9677106142044067,0.009487101808190346,29.875,0.0027181000914424658,28.625,0.020084192976355553,30.625,0.9677106142044067,34.5,,
train_08922,1,1,4,0.9754188656806946,0.012278711423277855,30.625,0.9754188656806946,35.0,0.00956267025321722,30.375,0.002739751012995839,29.125,,
train_02494,1,1,4,0.9428402185440063,0.028471307829022408,31.0,0.9428402185440063,34.5,0.013448893092572689,30.25,0.015239592641592026,30.375,,
train_00730,0,0,4,0.9148733019828796,0.9148733019828796,33.25,0.016756489872932434,29.25,0.016756489872932434,29.25,0.05161362513899803,30.375,,
train_10067,0,0,4,0.9776787757873535,0.9776787757873535,34.25,0.010861030779778957,29.75,0.003995549865067005,28.75,0.007464669179171324,29.375,,
train_08004,2,2,4,0.9388113617897034,0.006325661204755306,29.5,0.008122310042381287,29.75,0.9388113617897034,34.5,0.046740662306547165,31.5,,
train_10343,2,2,4,0.8617467284202576,0.0045220316387712955,28.25,0.0429038405418396,30.5,0.8617467284202576,33.5,0.09082743525505066,31.25,,
train_07893,1,1,4,0.9830535054206848,0.00515859154984355,29.75,0.9830535054206848,35.0,0.009637517854571342,30.375,0.0021504207979887724,28.875,,
train_10109,2,2,4,0.9508805274963379,0.009322104975581169,28.875,0.007260061800479889,28.625,0.9508805274963379,33.5,0.03253734111785889,30.125,,
train_08828,1,1,4,0.9349746108055115,0.008089114911854267,30.5,0.9349746108055115,35.25,0.010386629961431026,30.75,0.04654964432120323,32.25,,
train_07059,1,1,4,0.9859887361526489,0.010953346267342567,30.5,0.9859887361526489,35.0,0.001903406111523509,28.75,0.0011544740991666913,28.25,,
train_01599,1,1,4,0.9743056297302246,0.0178450308740139,31.0,0.9743056297302246,35.0,0.005112686660140753,29.75,0.0027366243302822113,29.125,,
train_11727,0,0,4,0.9729088544845581,0.9729088544845581,33.75,0.013877798803150654,29.5,0.00578512717038393,28.625,0.007428250275552273,28.875,,
train_00477,1,1,4,0.7447160482406616,0.010622803121805191,30.0,0.7447160482406616,34.25,0.16616861522197723,32.75,0.07849249243736267,32.0,,
train_09908,2,2,4,0.9122452735900879,0.006965078413486481,28.375,0.045418016612529755,30.25,0.9122452735900879,33.25,0.03537158668041229,30.0,,
train_04447,3,3,4,0.9790079593658447,0.0035308541264384985,28.875,0.00513736205175519,29.25,0.012323891744017601,30.125,0.9790079593658447,34.5,,
train_08592,0,0,4,0.9887048602104187,0.9887048602104187,34.5,0.0066618407145142555,29.5,0.0014864575350657105,28.0,0.0031468309462070465,28.75,,
train_11770,1,1,4,0.9874717593193054,0.005181776359677315,29.75,0.9874717593193054,35.0,0.004572901874780655,29.625,0.002773605054244399,29.125,,
train_02735,2,2,4,0.916678249835968,0.016789548099040985,29.5,0.014816723763942719,29.375,0.916678249835968,33.5,0.05171545222401619,30.625,,
train_01994,1,1,4,0.9744722843170166,0.015750877559185028,30.625,0.9744722843170166,34.75,0.005794423632323742,29.625,0.003982445690780878,29.25,,
train_07327,0,0,4,0.8897419571876526,0.8897419571876526,33.0,0.026867879554629326,29.5,0.0390925332903862,29.875,0.04429764300584793,30.0,,
train_07582,2,2,4,0.9254297614097595,0.027945557609200478,30.25,0.014958178624510765,29.625,0.9254297614097595,33.75,0.03166646510362625,30.375,,
train_00745,3,3,4,0.9773128032684326,0.009581238031387329,30.375,0.003524740459397435,29.375,0.009581238031387329,30.375,0.9773128032684326,35.0,,
train_06509,3,3,4,0.9277172684669495,0.016991734504699707,29.75,0.00295272096991539,28.0,0.05233823135495186,30.875,0.9277172684669495,33.75,,
train_08003,0,0,4,0.9831026196479797,0.9831026196479797,34.0,0.007506080437451601,29.125,0.003545621642842889,28.375,0.005845741368830204,28.875,,
train_02024,2,2,4,0.9610399007797241,0.003927550744265318,28.25,0.009421704337000847,29.125,0.9610399007797241,33.75,0.025610845535993576,30.125,,
train_10062,0,0,4,0.974162757396698,0.974162757396698,33.75,0.008428159169852734,29.0,0.0035133794881403446,28.125,0.013895684853196144,29.5,,
train_06374,2,2,4,0.9270592927932739,0.03172222152352333,30.875,0.013223789632320404,30.0,0.9270592927932739,34.25,0.02799476496875286,30.75,,
train_01320,2,2,4,0.8115482926368713,0.007021268364042044,28.5,0.02162702940404415,29.625,0.8115482926368713,33.25,0.1598033308982849,31.625,,
train_05016,1,1,4,0.9717796444892883,0.0021257593762129545,28.875,0.9717796444892883,35.0,0.012232900597155094,30.625,0.01386169157922268,30.75,,
train_02403,2,2,4,0.9223806262016296,0.007042462471872568,28.625,0.011611058376729488,29.125,0.9223806262016296,33.5,0.05896581709384918,30.75,,
train_00084,2,2,4,0.8599727153778076,0.005794450640678406,28.5,0.017848163843154907,29.625,0.8599727153778076,33.5,0.11638464778661728,31.5,,
train_12568,3,3,4,0.9331088066101074,0.007124373223632574,29.625,0.013310081325471401,30.25,0.046456750482320786,31.5,0.9331088066101074,34.5,,
train_10179,2,2,4,0.9508793354034424,0.011969804763793945,29.625,0.017415963113307953,30.0,0.9508793354034424,34.0,0.01973487064242363,30.125,,
train_00130,1,1,4,0.9805588126182556,0.004007319919764996,29.75,0.9805588126182556,35.25,0.0045408885926008224,29.875,0.010893025435507298,30.75,,
train_09325,2,2,4,0.7592651844024658,0.007443574722856283,28.875,0.015758046880364418,29.625,0.7592651844024658,33.5,0.21753312647342682,32.25,,
train_06134,0,0,4,0.9423595666885376,0.9423595666885376,33.75,0.01186255645006895,29.375,0.00923856906592846,29.125,0.03653924539685249,30.5,,
train_12137,2,2,4,0.873936116695404,0.007561028935015202,28.75,0.02639058418571949,30.0,0.873936116695404,33.5,0.09211219102144241,31.25,,
train_06226,1,1,4,0.9774075150489807,0.01579832099378109,30.625,0.9774075150489807,34.75,0.005128963850438595,29.5,0.0016651309560984373,28.375,,
train_05787,0,0,4,0.9327342510223389,0.9327342510223389,33.75,0.036166030913591385,30.5,0.011741391383111477,29.375,0.019358281046152115,29.875,,
train_05566,0,0,4,0.9698169231414795,0.9698169231414795,33.5,0.01220819354057312,29.125,0.005766741931438446,28.375,0.01220819354057312,29.125,,
train_02693,0,0,4,0.8327231407165527,0.8327231407165527,33.75,0.0774553120136261,31.375,0.05323420837521553,31.0,0.03658730164170265,30.625,,
train_02222,0,0,4,0.5771122574806213,0.5771122574806213,31.875,0.12877115607261658,30.375,0.12877115607261658,30.375,0.1653454303741455,30.625,,
train_01121,0,0,4,0.9167749285697937,0.9167749285697937,33.5,0.05860745906829834,30.75,0.013077091425657272,29.25,0.011540492996573448,29.125,,
train_06561,3,3,4,0.9373007416725159,0.017167262732982635,29.75,0.009188973344862461,29.125,0.03634309396147728,30.5,0.9373007416725159,33.75,,
train_00470,1,1,2,0.9399133324623108,0.06008664518594742,31.75,0.9399133324623108,34.5,,,,,,
train_08691,1,1,4,0.9810110926628113,0.00961749441921711,30.375,0.9810110926628113,35.0,0.005833304952830076,29.875,0.0035380783956497908,29.375,,
train_00710,0,0,4,0.9819532036781311,0.9819532036781311,34.25,0.010908515192568302,29.75,0.0031253418419510126,28.5,0.00401301821693778,28.75,,
train_05132,1,1,4,0.9521884322166443,0.004996626637876034,29.0,0.9521884322166443,34.25,0.025374962016940117,30.625,0.017439940944314003,30.25,,
train_09662,2,2,4,0.9694119691848755,0.008387057110667229,29.5,0.006531846709549427,29.25,0.9694119691848755,34.25,0.015669085085392,30.125,,
train_00787,2,2,4,0.8086735606193542,0.013070991262793541,29.375,0.019018180668354034,29.75,0.8086735606193542,33.5,0.15923726558685303,31.875,,
train_09836,0,0,4,0.9528133869171143,0.9528133869171143,33.75,0.011994150467216969,29.375,0.0064200060442090034,28.75,0.028772471472620964,30.25,,
train_09497,2,2,4,0.9140273928642273,0.021495863795280457,30.25,0.018970033153891563,30.125,0.9140273928642273,34.0,0.04550674185156822,31.0,,
train_07129,3,3,4,0.9673604965209961,0.020076926797628403,29.875,0.003078896552324295,28.0,0.009483668953180313,29.125,0.9673604965209961,33.75,,
train_02567,2,2,4,0.9456534385681152,0.010505261830985546,29.25,0.015285064466297626,29.625,0.9456534385681152,33.75,0.028556259348988533,30.25,,
train_03991,1,1,4,0.971947431564331,0.013864085078239441,30.75,0.971947431564331,35.0,0.005779410246759653,29.875,0.008408992551267147,30.25,,
train_04221,1,1,4,0.9821073412895203,0.01091022789478302,30.75,0.9821073412895203,35.25,0.004548059776425362,29.875,0.0024344008415937424,29.25,,
train_06329,1,1,4,0.9844218492507935,0.00585358589887619,29.625,0.9844218492507935,34.75,0.005165771581232548,29.5,0.004558777902275324,29.375,,
train_06908,1,1,4,0.9800332188606262,0.004005171824246645,29.5,0.9800332188606262,35.0,0.007482645567506552,30.125,0.008478948846459389,30.25,,
train_06833,3,3,4,0.9444488883018494,0.022211309522390366,29.75,0.0081710834056139,28.75,0.025168709456920624,29.875,0.9444488883018494,33.5,,
train_10434,0,0,4,0.9519411325454712,0.9519411325454712,33.0,0.017435410991311073,29.0,0.008235904388129711,28.25,0.022387510165572166,29.25,,
train_08400,0,0,4,0.9424445033073425,0.9424445033073425,34.0,0.03224867582321167,30.625,0.01186362560838461,29.625,0.013443248346447945,29.75,,
train_07444,1,1,4,0.9890945553779602,0.007551829796284437,30.625,0.9890945553779602,35.5,0.0024517204146832228,29.5,0.0009019374847412109,28.5,,
train_00530,3,3,4,0.9667978286743164,0.00395108200609684,28.5,0.00348681746982038,28.375,0.025764288380742073,30.375,0.9667978286743164,34.0,,
train_05529,3,3,4,0.9487702250480652,0.007243949919939041,29.125,0.015335442498326302,29.875,0.028650378808379173,30.5,0.9487702250480652,34.0,,
train_00967,1,1,4,0.9902565479278564,0.006672296207398176,30.5,0.9902565479278564,35.5,0.001911644940264523,29.25,0.0011594712268561125,28.75,,
train_09715,2,2,4,0.5386452674865723,0.026817569509148598,29.25,0.0643320083618164,30.125,0.5386452674865723,32.25,0.3702051341533661,31.875,,
train_10784,0,0,4,0.9477498531341553,0.9477498531341553,33.75,0.032430216670036316,30.375,0.01052855048328638,29.25,0.009291413240134716,29.125,,
train_08816,3,3,4,0.9300362467765808,0.03606141731142998,30.5,0.009117755107581615,29.125,0.024784626439213753,30.125,0.9300362467765808,33.75,,
train_05684,3,3,4,0.9682429432868958,0.005757382605224848,29.125,0.012188379652798176,29.875,0.013811243698000908,30.0,0.9682429432868958,34.25,,
train_08056,0,0,2,0.9940890073776245,0.9940890073776245,34.0,0.005911068990826607,28.875,,,,,,
train_06080,3,3,4,0.9586384296417236,0.009398161433637142,29.375,0.019895905628800392,30.125,0.012067477218806744,29.625,0.9586384296417236,34.0,,
train_00099,3,3,4,0.8235725164413452,0.028181100264191628,30.375,0.02194746397435665,30.125,0.1262989342212677,31.875,0.8235725164413452,33.75,,
train_05052,0,0,4,0.9556484818458557,0.9556484818458557,34.0,0.010616296902298927,29.5,0.008267979137599468,29.25,0.025467170402407646,30.375,,
train_09320,3,3,4,0.9681419134140015,0.015648556873202324,29.875,0.0023997840471565723,28.0,0.013809802010655403,29.75,0.9681419134140015,34.0,,
train_08408,0,0,2,0.562176525592804,0.562176525592804,33.5,0.43782350420951843,33.25,,,,,,
train_09604,0,0,2,0.9465966820716858,0.9465966820716858,33.75,0.0534033328294754,30.875,,,,,,
train_01639,0,0,3,0.9981198906898499,0.9981198906898499,34.75,0.0015006125904619694,28.25,0.00037941429764032364,26.875,,,,
train_00866,1,1,3,0.9922468662261963,0.0031581043731421232,30.25,0.9922468662261963,36.0,0.004595015197992325,30.625,,,,
train_02529,1,1,3,0.9895336031913757,0.005883981939405203,29.875,0.9895336031913757,35.0,0.0045824502594769,29.625,,,,
train_06620,2,2,3,0.9168115258216858,0.007931973785161972,28.75,0.07525647431612015,31.0,0.9168115258216858,33.5,,,,
train_03461,2,2,3,0.9556489586830139,0.007296469062566757,28.375,0.037054531276226044,30.0,0.9556489586830139,33.25,,,,
train_11388,1,1,4,0.9894891381263733,0.004582243971526623,29.625,0.9894891381263733,35.0,0.0031493271235376596,29.25,0.0027792714536190033,29.125,,
train_02840,0,0,2,0.9933071732521057,0.9933071732521057,33.75,0.006692850962281227,28.75,,,,,,
train_11553,2,2,4,0.7889838218688965,0.01637483760714531,29.375,0.03928119316697121,30.25,0.7889838218688965,33.25,0.1553601175546646,31.625,,
train_02875,0,0,4,0.9564005136489868,0.9564005136489868,33.75,0.008274485357105732,29.0,0.006444175727665424,28.75,0.02888079360127449,30.25,,
train_12402,0,0,4,0.9165360331535339,0.9165360331535339,33.75,0.027676990255713463,30.25,0.024424858391284943,30.125,0.0313621386885643,30.375,,
train_11562,1,1,4,0.7864030599594116,0.011217436753213406,29.75,0.7864030599594116,34.0,0.026909232139587402,30.625,0.1754702478647232,32.5,,
train_12322,2,2,4,0.9437313675880432,0.011879824101924896,29.875,0.022194433957338333,30.5,0.9437313675880432,34.25,0.022194433957338333,30.5,,
train_09788,1,1,4,0.9639325737953186,0.005058254115283489,29.25,0.9639325737953186,34.5,0.008339650928974152,29.75,0.02266952209174633,30.75,,
train_11659,3,3,4,0.950482964515686,0.007257026620209217,28.875,0.02870209887623787,30.25,0.013557910919189453,29.5,0.950482964515686,33.75,,
train_01502,0,0,4,0.8655087947845459,0.8655087947845459,33.0,0.043091144412755966,30.0,0.02035481669008732,29.25,0.07104528695344925,30.5,,
train_04522,3,3,4,0.9605375528335571,0.00941677950322628,28.625,0.004448171705007553,27.875,0.025597458705306053,29.625,0.9605375528335571,33.25,,
train_01518,1,1,4,0.9835751056671143,0.009642631746828556,30.875,0.9835751056671143,35.5,0.002762660151347518,29.625,0.004019646439701319,30.0,,
train_06703,1,1,4,0.6830700039863586,0.03001200221478939,30.125,0.6830700039863586,33.25,0.13450445234775543,31.625,0.1524135321378708,31.75,,
train_01580,2,2,4,0.8077724575996399,0.024392616003751755,30.25,0.05851484462618828,31.125,0.8077724575996399,33.75,0.10932011157274246,31.75,,
train_02179,0,0,4,0.5572604537010193,0.5572604537010193,32.75,0.14089751243591309,31.375,0.09683734178543091,31.0,0.20500469207763672,31.75,,
train_05443,1,1,4,0.8813902735710144,0.030159516260027885,30.375,0.8813902735710144,33.75,0.04972463846206665,30.875,0.038725584745407104,30.625,,
train_11396,3,3,4,0.8378245830535889,0.03681144490838051,30.375,0.02530010975897312,30.0,0.10006387531757355,31.375,0.8378245830535889,33.5,,
train_06746,3,3,4,0.951829195022583,0.008234936743974686,29.25,0.0030294638127088547,28.25,0.03690642490983009,30.75,0.951829195022583,34.0,,
train_08605,2,2,4,0.9512941837310791,0.013569481670856476,29.75,0.006409769412130117,29.0,0.9512941837310791,34.0,0.028726594522595406,30.5,,
train_12422,1,1,2,0.9875683188438416,0.01243165135383606,30.875,0.9875683188438416,35.25,,,,,,
train_01406,3,3,4,0.9717796444892883,0.012232900597155094,29.125,0.0021257593762129545,27.375,0.01386169157922268,29.25,0.9717796444892883,33.5,,
train_01663,3,3,4,0.9587457180023193,0.022547539323568344,30.25,0.0050310357473790646,28.75,0.013675772584974766,29.75,0.9587457180023193,34.0,,
train_00254,3,3,4,0.7792831063270569,0.01259593851864338,28.625,0.03423931077122688,29.625,0.17388157546520233,31.25,0.7792831063270569,32.75,,
train_03779,0,0,4,0.9434224963188171,0.9434224963188171,33.75,0.009248988702893257,29.125,0.02218717150390148,30.0,0.025141356512904167,30.125,,
train_06698,2,2,4,0.7993960380554199,0.016590936109423637,29.375,0.045098841190338135,30.375,0.7993960380554199,33.25,0.13891419768333435,31.5,,
train_02739,1,1,4,0.9818069934844971,0.008494295179843903,30.25,0.9818069934844971,35.0,0.004546668846160173,29.625,0.005152050405740738,29.75,,
train_10694,2,2,4,0.9338905215263367,0.011755947023630142,29.625,0.013321232050657272,29.75,0.9338905215263367,34.0,0.04103228449821472,30.875,,
train_09351,0,0,4,0.9767597317695618,0.9767597317695618,33.5,0.010850821621716022,29.0,0.0065813553519546986,28.5,0.005808025598526001,28.375,,
train_10172,2,2,4,0.9108919501304626,0.004218266811221838,28.375,0.01890495792031288,29.875,0.9108919501304626,33.75,0.06598479300737381,31.125,,
train_11084,0,0,4,0.9798948168754578,0.9798948168754578,33.75,0.007481588516384363,28.875,0.0051420158706605434,28.5,0.007481588516384363,28.875,,
train_10640,2,2,4,0.918957531452179,0.005464321002364159,28.625,0.009009142406284809,29.125,0.918957531452179,33.75,0.06656906008720398,31.125,,
train_10902,1,1,4,0.9794975519180298,0.01088123582303524,30.75,0.9794975519180298,35.25,0.007478555664420128,30.375,0.0021426421590149403,29.125,,
train_01602,2,2,4,0.9562645554542542,0.010623140260577202,29.75,0.010623140260577202,29.75,0.9562645554542542,34.25,0.022489188238978386,30.5,,
train_12149,1,1,3,0.9569700360298157,0.017527518793940544,30.75,0.9569700360298157,34.75,0.025502387434244156,31.125,,,,
train_01454,1,1,4,0.9673275947570801,0.005076069384813309,29.75,0.9673275947570801,35.0,0.013798186555504799,30.75,0.013798186555504799,30.75,,
train_04230,1,1,4,0.9832044839859009,0.0035459890495985746,29.125,0.9832044839859009,34.75,0.006624779663980007,29.75,0.006624779663980007,29.75,,
train_04694,1,1,4,0.9891759753227234,0.005881855264306068,29.625,0.9891759753227234,34.75,0.0021638136822730303,28.625,0.0027783920522779226,28.875,,
train_03771,1,1,4,0.9688087701797485,0.0094978678971529,30.375,0.9688087701797485,35.0,0.0094978678971529,30.375,0.012195502407848835,30.625,,
train_12000,1,1,4,0.9805831909179688,0.012343721464276314,30.625,0.9805831909179688,35.0,0.0035365354269742966,29.375,0.0035365354269742966,29.375,,
train_04252,1,1,4,0.9402562379837036,0.011836079880595207,30.125,0.9402562379837036,34.5,0.01951439492404461,30.625,0.028393277898430824,31.0,,
train_05814,2,2,4,0.9418764710426331,0.006346313748508692,29.5,0.019548021256923676,30.625,0.9418764710426331,34.5,0.032229240983724594,31.125,,
train_08514,3,3,4,0.9676434993743896,0.006519930437207222,29.25,0.005753818433731794,29.125,0.020082799717783928,30.375,0.9676434993743896,34.25,,
train_08462,2,2,4,0.940701961517334,0.0055936179123818874,28.375,0.017229557037353516,29.5,0.940701961517334,33.5,0.03647497296333313,30.25,,
train_02592,1,1,4,0.9836143255233765,0.003130628727376461,29.25,0.9836143255233765,35.0,0.006627541035413742,30.0,0.006627541035413742,30.0,,
train_02969,2,2,4,0.9268020987510681,0.00486341118812561,29.0,0.009086048230528831,29.625,0.9268020987510681,34.25,0.05924847349524498,31.5,,
train_05077,0,0,4,0.8164021372795105,0.8164021372795105,32.75,0.06701436638832092,30.25,0.0406462699174881,29.75,0.07593722641468048,30.375,,
train_12297,0,0,4,0.9303362965583801,0.9303362965583801,34.0,0.021879414096474648,30.25,0.011711206287145615,29.625,0.036073051393032074,30.75,,
train_04460,2,2,4,0.9706777930259705,0.00577186094596982,29.125,0.00577186094596982,29.125,0.9706777930259705,34.25,0.017778584733605385,30.25,,
train_12687,0,0,4,0.9632119536399841,0.9632119536399841,33.75,0.007354213390499353,28.875,0.009442998096346855,29.125,0.0199908260256052,29.875,,
train_01080,3,3,4,0.9838013052940369,0.004555904306471348,28.875,0.003131224075332284,28.5,0.008511548861861229,29.5,0.9838013052940369,34.25,,
train_02635,0,0,2,0.9324532747268677,0.9324532747268677,32.75,0.06754669547080994,30.125,,,,,,
train_11372,2,2,4,0.9687730669975281,0.0027210842818021774,28.625,0.01774369738996029,30.5,0.9687730669975281,34.5,0.01076209731400013,30.0,,
train_02570,1,1,4,0.9459617137908936,0.003865929553285241,28.75,0.9459617137908936,34.25,0.01349341869354248,30.0,0.036678917706012726,31.0,,
train_11699,3,3,4,0.9741854071617126,0.006564009469002485,28.75,0.008428354747593403,29.0,0.01082222256809473,29.25,0.9741854071617126,33.75,,
train_09267,2,2,4,0.9425663948059082,0.0038520535454154015,29.0,0.025118542835116386,30.875,0.9425663948059082,34.5,0.02846303954720497,31.0,,
train_07938,3,3,4,0.9606106281280518,0.01552682463079691,29.875,0.003925796132534742,28.5,0.019936837255954742,30.125,0.9606106281280518,34.0,,
train_03006,2,2,4,0.9372851848602295,0.004918421618640423,28.75,0.004918421618640423,28.75,0.9372851848602295,34.0,0.052878014743328094,31.125,,
train_06381,3,3,4,0.9767428040504456,0.0027434697840362787,28.625,0.006581241264939308,29.5,0.01393248699605465,30.25,0.9767428040504456,34.5,,
train_01079,2,2,4,0.8909168839454651,0.016317712143063545,30.25,0.009897192940115929,29.75,0.8909168839454651,34.25,0.08286817371845245,31.875,,
train_06314,1,1,4,0.9675851464271545,0.01218009926378727,30.375,0.9675851464271545,34.75,0.009485871531069279,30.125,0.010748900473117828,30.25,,
train_05832,1,1,4,0.9721599817276001,0.013867116533219814,30.75,0.9721599817276001,35.0,0.006550362333655357,30.0,0.007422532420605421,30.125,,
train_07269,0,0,4,0.9288878440856934,0.9288878440856934,33.5,0.021845350041985512,29.75,0.01324987318366766,29.25,0.03601688891649246,30.25,,
train_12080,0,0,4,0.9392794370651245,0.9392794370651245,33.75,0.015182037837803364,29.625,0.013398101553320885,29.5,0.032140374183654785,30.375,,
train_11150,3,3,4,0.9730086326599121,0.006556080654263496,29.0,0.006556080654263496,29.0,0.013879221864044666,29.75,0.9730086326599121,34.0,,
train_09304,2,2,4,0.9670567512512207,0.0057503292337059975,29.125,0.017712263390421867,30.25,0.9670567512512207,34.25,0.009480691514909267,29.625,,
train_03475,1,1,4,0.9749284386634827,0.015758249908685684,30.625,0.9749284386634827,34.75,0.0057971361093223095,29.625,0.003516141092404723,29.125,,
train_08197,2,2,4,0.8234854936599731,0.008073167875409126,28.875,0.0062873889692127705,28.625,0.8234854936599731,33.5,0.16215389966964722,31.875,,
train_01735,1,1,4,0.9843754172325134,0.0035502121318131685,29.625,0.9843754172325134,35.25,0.007515798322856426,30.375,0.004558562766760588,29.875,,
train_02717,0,0,4,0.9404078125953674,0.9404078125953674,33.5,0.04682014882564545,30.5,0.007180101703852415,28.625,0.00559186888858676,28.375,,
train_11175,3,3,4,0.9122103452682495,0.014744507148861885,29.125,0.006964811589568853,28.375,0.06608030200004578,30.625,0.9122103452682495,33.25,,
train_04185,2,2,4,0.8617801070213318,0.005806628614664078,28.5,0.01578405313193798,29.5,0.8617801070213318,33.5,0.11662925034761429,31.5,,
train_12035,0,0,4,0.9780162572860718,0.9780162572860718,33.75,0.01086478028446436,29.25,0.004529114346951246,28.375,0.006589822005480528,28.75,,
train_03359,0,0,4,0.973548948764801,0.973548948764801,34.0,0.017831170931458473,30.0,0.0035111659672111273,28.375,0.00510871596634388,28.75,,
train_08279,2,2,4,0.9606143236160278,0.0018544219201430678,28.0,0.017594266682863235,30.25,0.9606143236160278,34.25,0.01993691362440586,30.375,,
train_08869,0,0,4,0.9152483344078064,0.9152483344078064,33.5,0.045567531138658524,30.5,0.014793611131608486,29.375,0.02439054101705551,29.875,,
train_01561,2,2,4,0.9425241351127625,0.00494591286405921,29.25,0.005604452919214964,29.375,0.9425241351127625,34.5,0.046925511211156845,31.5,,
train_10631,2,2,4,0.9492155313491821,0.011948860250413418,29.875,0.013539832085371017,30.0,0.9492155313491821,34.25,0.025295738130807877,30.625,,
train_06498,1,1,4,0.9552263021469116,0.007293242029845715,29.875,0.9552263021469116,34.75,0.025455918163061142,31.125,0.012024524621665478,30.375,,
train_04096,2,2,4,0.9305544495582581,0.0038029635325074196,28.5,0.019313041120767593,30.125,0.9305544495582581,34.0,0.04632957652211189,31.0,,
train_07717,2,2,4,0.9478327631950378,0.003873575944453478,28.5,0.02862207032740116,30.5,0.9478327631950378,34.0,0.019671641290187836,30.125,,
train_10400,1,1,4,0.9907167553901672,0.002782719675451517,29.625,0.9907167553901672,35.5,0.004587929230183363,30.125,0.0019125333055853844,29.25,,
train_02591,1,1,2,0.9902915358543396,0.009708477184176445,30.875,0.9902915358543396,35.5,,,,,,
train_02866,0,0,2,0.9626730680465698,0.9626730680465698,35.0,0.037326883524656296,31.75,,,,,,
train_00760,2,2,4,0.7997423410415649,0.012926631607115269,29.375,0.008884335868060589,29.0,0.7997423410415649,33.5,0.17844665050506592,32.0,,
train_08861,3,3,4,0.9643593430519104,0.004465870093554258,28.875,0.015587416477501392,30.125,0.015587416477501392,30.125,0.9643593430519104,34.25,,
train_11168,0,0,4,0.9673937559127808,0.9673937559127808,33.75,0.01771843619644642,29.75,0.006518248002976179,28.75,0.008369595743715763,29.0,,
train_05384,2,2,4,0.9543089866638184,0.003441775683313608,28.375,0.01980605162680149,30.125,0.9543089866638184,34.0,0.022443197667598724,30.25,,
train_01040,0,0,4,0.9634926319122314,0.9634926319122314,33.75,0.0034748970065265894,28.125,0.003937574103474617,28.25,0.029094956815242767,30.25,,
train_12158,0,0,4,0.9860251545906067,0.9860251545906067,34.0,0.006643785163760185,29.0,0.0021569211967289448,27.875,0.005174185149371624,28.75,,
train_06991,0,0,4,0.965297520160675,0.965297520160675,33.25,0.010723487474024296,28.75,0.003944950178265572,27.75,0.02003411017358303,29.375,,
train_02174,0,0,4,0.9117245674133301,0.9117245674133301,33.25,0.04539209231734276,30.25,0.021441707387566566,29.5,0.021441707387566566,29.5,,
train_10097,2,2,4,0.9605944156646729,0.003925730008631945,28.75,0.0064724343828856945,29.25,0.9605944156646729,34.25,0.029007438570261,30.75,,
train_03531,1,1,2,0.970687747001648,0.02931223064661026,33.0,0.970687747001648,36.5,,,,,,
train_01955,1,1,2,0.970687747001648,0.02931223064661026,33.0,0.970687747001648,36.5,,,,,,
train_05630,0,0,2,0.9525741338729858,0.9525741338729858,34.75,0.04742587357759476,31.75,,,,,,
train_05400,1,1,4,0.9753506779670715,0.006571861449629068,30.0,0.9753506779670715,35.0,0.012277853675186634,30.625,0.005799646954983473,29.875,,
train_09741,1,1,2,0.9796676635742188,0.020332353189587593,30.625,0.9796676635742188,34.5,,,,,,
train_01354,0,0,4,0.9803653359413147,0.9803653359413147,33.75,0.012340978719294071,29.375,0.0027536447159945965,27.875,0.004539992660284042,28.375,,
train_04749,1,1,4,0.9869205951690674,0.0027720569632947445,29.125,0.9869205951690674,35.0,0.007535231299698353,30.125,0.0027720569632947445,29.125,,
train_06157,0,0,4,0.969620406627655,0.969620406627655,33.75,0.004490233492106199,28.375,0.005765573587268591,28.625,0.020123830065131187,29.875,,
train_05442,2,2,4,0.8502824902534485,0.04796965792775154,30.625,0.022659260779619217,29.875,0.8502824902534485,33.5,0.07908859103918076,31.125,,
train_11416,0,0,4,0.8788403868675232,0.8788403868675232,32.75,0.03407634049654007,29.5,0.02342030219733715,29.125,0.06366298347711563,30.125,,
train_07201,3,3,4,0.9675851464271545,0.009485871531069279,29.625,0.01218009926378727,29.875,0.010748900473117828,29.75,0.9675851464271545,34.25,,
train_00258,1,1,2,0.9875683188438416,0.01243165135383606,31.875,0.9875683188438416,36.25,,,,,,
train_00246,0,0,2,0.9465966820716858,0.9465966820716858,34.75,0.0534033328294754,31.875,,,,,,
train_00758,0,0,2,0.9465966820716858,0.9465966820716858,34.75,0.0534033328294754,31.875,,,,,,
train_02079,1,1,2,0.9890130758285522,0.01098694372922182,31.0,0.9890130758285522,35.5,,,,,,
train_03188,0,0,4,0.8838744163513184,0.8838744163513184,32.5,0.03883473202586174,29.375,0.02078673429787159,28.75,0.05650419741868973,29.75,,
train_10210,2,2,3,0.997766375541687,0.0013238168321549892,28.875,0.0009098451700992882,28.5,0.997766375541687,35.5,,,,
train_05621,0,0,2,0.9940890073776245,0.9940890073776245,35.0,0.005911068990826607,29.875,,,,,,
train_12351,0,0,2,0.957912266254425,0.957912266254425,35.0,0.042087726294994354,31.875,,,,,,
train_05987,0,0,4,0.9497363567352295,0.9497363567352295,33.5,0.019711147993803024,29.625,0.008216829039156437,28.75,0.022335657849907875,29.75,,
train_11759,1,1,4,0.9713717103004456,0.02016017585992813,31.125,0.9713717103004456,35.0,0.004498343914747238,29.625,0.003969774581491947,29.5,,
train_02761,0,0,4,0.952558159828186,0.952558159828186,33.5,0.009338552132248878,28.875,0.009338552132248878,28.875,0.028764763846993446,30.0,,
train_11241,3,3,4,0.9419143199920654,0.013435686007142067,29.5,0.01954880729317665,29.875,0.02510116621851921,30.125,0.9419143199920654,33.75,,
train_02120,3,0,4,0.29633331298828125,0.29633331298828125,32.0,0.29633331298828125,32.0,0.20366671681404114,31.625,0.20366671681404114,31.625,,
train_03984,0,0,2,0.9947799444198608,0.9947799444198608,33.5,0.005220125894993544,28.25,,,,,,
train_10639,1,1,2,0.8933094143867493,0.10669060051441193,31.875,0.8933094143867493,34.0,,,,,,
train_11413,0,0,3,0.7491059899330139,0.7491059899330139,33.25,0.18940365314483643,31.875,0.061490364372730255,30.75,,,,
train_00178,0,0,2,0.9978172779083252,0.9978172779083252,34.75,0.002182716503739357,28.625,,,,,,
train_02508,0,0,2,0.9964063763618469,0.9964063763618469,33.75,0.0035936026833951473,28.125,,,,,,
train_03518,0,0,2,0.9959298968315125,0.9959298968315125,33.5,0.004070138093084097,28.0,,,,,,
train_02924,1,1,4,0.894740104675293,0.021042270585894585,31.25,0.894740104675293,35.0,0.057198818773031235,32.25,0.02701880969107151,31.5,,
train_08172,2,2,3,0.98875892162323,0.004578862804919481,29.125,0.0066622053273022175,29.5,0.98875892162323,34.5,,,,
train_01054,0,0,3,0.9763128757476807,0.9763128757476807,33.5,0.017881793901324272,29.5,0.005805368069559336,28.375,,,,
train_00468,0,0,2,0.9859364032745361,0.9859364032745361,33.25,0.014063626527786255,29.0,,,,,,
train_02496,2,2,4,0.6590610146522522,0.037181682884693146,30.125,0.061302222311496735,30.625,0.6590610146522522,33.0,0.24245503544807434,32.0,,
train_01034,3,3,4,0.7936986088752747,0.06515075266361237,30.75,0.05749533697962761,30.625,0.0836552157998085,31.0,0.7936986088752747,33.25,,
train_00879,0,0,2,0.9933071732521057,0.9933071732521057,33.25,0.006692850962281227,28.25,,,,,,
train_09854,0,0,2,0.9902915358543396,0.9902915358543396,33.25,0.009708477184176445,28.625,,,,,,
train_10990,0,0,2,0.9914224743843079,0.9914224743843079,33.25,0.008577484637498856,28.5,,,,,,
train_04373,0,0,2,0.9820137619972229,0.9820137619972229,33.25,0.01798621006309986,29.25,,,,,,
train_08692,0,0,3,0.9968211650848389,0.9968211650848389,35.0,0.0027998657897114754,29.125,0.00037892060936428607,27.125,,,,
train_05473,1,1,2,0.9953904151916504,0.004609572701156139,29.625,0.9953904151916504,35.0,,,,,,
train_09214,2,2,3,0.9566383957862854,0.010627293027937412,29.0,0.03273436427116394,30.125,0.9566383957862854,33.5,,,,
train_11714,0,0,3,0.9932564496994019,0.9932564496994019,34.5,0.0031613176688551903,28.75,0.003582242177799344,28.875,,,,
train_04881,2,2,3,0.9626038074493408,0.0044577401131391525,28.375,0.03293849155306816,30.375,0.9626038074493408,33.75,,,,
train_05932,0,0,3,0.7264880537986755,0.7264880537986755,33.0,0.1621014028787613,31.5,0.11141055822372437,31.125,,,,
train_09062,0,0,3,0.9668521881103516,0.9668521881103516,34.75,0.025765737518668175,31.125,0.0073820073157548904,29.875,,,,
train_10878,1,1,3,0.9764977693557739,0.013928991742432117,31.5,0.9764977693557739,35.75,0.009573248215019703,31.125,,,,
train_03930,2,2,3,0.8762080073356628,0.005210123024880886,29.875,0.1185818612575531,33.0,0.8762080073356628,35.0,,,,
train_05172,1,1,3,0.8439652919769287,0.00937560759484768,31.25,0.8439652919769287,35.75,0.14665916562080383,34.0,,,,
train_07141,1,1,3,0.9615374803543091,0.009426582604646683,31.125,0.9615374803543091,35.75,0.029035916551947594,32.25,,,,
train_06014,1,1,3,0.9589699506759644,0.012071650475263596,31.375,0.9589699506759644,35.75,0.028958383947610855,32.25,,,,
train_11411,1,1,3,0.9764977693557739,0.013928991742432117,32.0,0.9764977693557739,36.25,0.009573248215019703,31.625,,,,
train_05455,2,2,3,0.9030733704566956,0.0017433417961001396,29.0,0.09518323093652725,33.0,0.9030733704566956,35.25,,,,
train_03915,0,0,3,0.9691205620765686,0.9691205620765686,34.5,0.02011345513164997,30.625,0.01076595764607191,30.0,,,,
train_09919,2,2,3,0.9425994157791138,0.010471334680914879,30.5,0.046929262578487396,32.0,0.9425994157791138,35.0,,,,
train_08126,2,2,3,0.9196819067001343,0.004826047457754612,30.0,0.07549208402633667,32.75,0.9196819067001343,35.25,,,,
train_06497,0,0,2,0.9875683188438416,0.9875683188438416,33.75,0.01243165135383606,29.375,,,,,,
train_09630,0,0,3,0.9878826141357422,0.9878826141357422,34.25,0.004574804566800594,28.875,0.007542576175183058,29.375,,,,
train_01887,0,0,3,0.9479232430458069,0.9479232430458069,34.25,0.036754973232746124,31.0,0.015321752056479454,30.125,,,,
train_10276,1,1,2,0.9991958737373352,0.0008040859247557819,27.625,0.9991958737373352,34.75,,,,,,
train_12272,0,0,3,0.9106257557868958,0.9106257557868958,34.5,0.05821435526013374,31.75,0.0311599001288414,31.125,,,,
train_10602,1,1,3,0.9706328511238098,0.006540072616189718,30.75,0.9706328511238098,35.75,0.02282709814608097,32.0,,,,
train_04063,2,2,3,0.9676916003227234,0.0065202550031244755,30.25,0.02578810788691044,31.625,0.9676916003227234,35.25,,,,
train_11763,1,1,3,0.9792018532752991,0.012326332740485668,31.625,0.9792018532752991,36.0,0.008471756242215633,31.25,,,,
train_08189,2,2,3,0.910540759563446,0.014717520214617252,30.875,0.07474173605442047,32.5,0.910540759563446,35.0,,,,
train_01490,0,0,3,0.9341068267822266,0.9341068267822266,34.25,0.04650643840432167,31.25,0.019386768341064453,30.375,,,,
train_03090,2,2,3,0.9398043155670166,0.007175494451075792,29.875,0.053020134568214417,31.875,0.9398043155670166,34.75,,,,
train_04204,0,0,3,0.9433068633079529,0.9433068633079529,34.75,0.0414460115134716,31.625,0.015247135423123837,30.625,,,,
train_01348,2,2,3,0.8776379227638245,0.0035867055412381887,29.5,0.118775375187397,33.0,0.8776379227638245,35.0,,,,
train_00847,1,1,3,0.8956494331359863,0.009949767030775547,31.5,0.8956494331359863,36.0,0.09440075606107712,33.75,,,,
train_06368,0,0,3,0.85527104139328,0.85527104139328,34.0,0.10214756429195404,31.875,0.04258143901824951,31.0,,,,
train_02610,2,2,3,0.9739938974380493,0.005791578907519579,30.125,0.020214596763253212,31.375,0.9739938974380493,35.25,,,,
train_00429,1,1,3,0.9686853885650635,0.015657341107726097,31.625,0.9686853885650635,35.75,0.015657341107726097,31.625,,,,
train_08739,2,2,3,0.8776379227638245,0.0035867055412381887,29.5,0.118775375187397,33.0,0.8776379227638245,35.0,,,,
train_11805,2,2,3,0.9874747395515442,0.006653552409261465,29.5,0.005871739238500595,29.375,0.9874747395515442,34.5,,,,
train_07005,1,1,3,0.9775974154472351,0.00845787487924099,30.25,0.9775974154472351,35.0,0.013944678008556366,30.75,,,,
train_00103,0,0,3,0.9606947898864746,0.9606947898864746,34.75,0.025601647794246674,31.125,0.013703574426472187,30.5,,,,
train_09154,2,2,3,0.8732564449310303,0.008561105467379093,30.625,0.11818240582942963,33.25,0.8732564449310303,35.25,,,,
train_11262,1,1,3,0.9603321552276611,0.01066832710057497,31.0,0.9603321552276611,35.5,0.02899951860308647,32.0,,,,
train_04790,0,0,3,0.9747056365013123,0.9747056365013123,34.5,0.017852356657385826,30.5,0.007441968657076359,29.625,,,,
train_05329,2,2,3,0.842913031578064,0.010610708966851234,30.875,0.14647631347179413,33.5,0.842913031578064,35.25,,,,
train_06843,1,1,3,0.9844942688941956,0.009651643224060535,31.625,0.9844942688941956,36.25,0.00585401663556695,31.125,,,,
train_03600,0,0,3,0.8634033799171448,0.8634033799171448,33.25,0.10311882942914963,31.125,0.033477783203125,30.0,,,,
train_04609,1,1,3,0.9792018532752991,0.012326332740485668,31.625,0.9792018532752991,36.0,0.008471756242215633,31.25,,,,
train_06113,0,0,3,0.9665321707725525,0.9665321707725525,34.75,0.02273065783083439,31.0,0.010737203061580658,30.25,,,,
train_04662,2,2,3,0.9918928146362305,0.004053639248013496,29.0,0.004053639248013496,29.0,0.9918928146362305,34.5,,,,
train_10579,0,0,3,0.9552866220474243,0.9552866220474243,33.5,0.03268811106681824,30.125,0.012025284580886364,29.125,,,,
train_09333,1,1,3,0.9878901839256287,0.008546924218535423,31.25,0.9878901839256287,36.0,0.00356288836337626,30.375,,,,
train_01168,0,0,3,0.9169458150863647,0.9169458150863647,34.0,0.05861838161945343,31.25,0.024435777217149734,30.375,,,,
train_01648,0,0,3,0.9459933042526245,0.9459933042526245,34.25,0.03668013960123062,31.0,0.01732647232711315,30.25,,,,
train_00357,2,2,3,0.9044840335845947,0.02127142623066902,31.0,0.07424456626176834,32.25,0.9044840335845947,34.75,,,,
train_10617,1,1,3,0.8834920525550842,0.0439864806830883,32.25,0.8834920525550842,35.25,0.07252144813537598,32.75,,,,
train_03741,2,2,3,0.7714213132858276,0.007562748622149229,30.125,0.22101591527462006,33.5,0.7714213132858276,34.75,,,,
train_06708,0,0,3,0.9677531123161316,0.9677531123161316,34.25,0.022759372368454933,30.5,0.009487518109381199,29.625,,,,
train_06689,0,0,3,0.986877977848053,0.986877977848053,33.75,0.010963224805891514,29.25,0.0021587868686765432,27.625,,,,
train_03066,0,0,3,0.9496329426765442,0.9496329426765442,34.75,0.036821264773607254,31.5,0.01354578509926796,30.5,,,,
train_00234,1,1,3,0.8978524208068848,0.018634332343935966,30.125,0.8978524208068848,34.0,0.0835132822394371,31.625,,,,
train_04971,1,1,3,0.9746900796890259,0.009555526077747345,30.375,0.9746900796890259,35.0,0.015754397958517075,30.875,,,,
train_10612,0,0,2,0.970687747001648,0.970687747001648,33.0,0.02931223064661026,29.5,,,,,,
train_07835,2,2,3,0.9720391035079956,0.005100793205201626,29.75,0.022860169410705566,31.25,0.9720391035079956,35.0,,,,
train_12013,1,1,3,0.9576048851013184,0.022520707920193672,32.0,0.9576048851013184,35.75,0.0198744535446167,31.875,,,,
train_09549,1,1,2,0.9890130758285522,0.01098694372922182,30.0,0.9890130758285522,34.5,,,,,,
train_11266,0,0,3,0.9195862412452698,0.9195862412452698,34.5,0.05878717824816704,31.75,0.02162659540772438,30.75,,,,
train_03452,2,2,3,0.9500322341918945,0.0026684452313929796,29.625,0.04729931801557541,32.5,0.9500322341918945,35.5,,,,
train_03495,1,1,3,0.9524868726730347,0.010581173934042454,31.25,0.9524868726730347,35.75,0.036931924521923065,32.5,,,,
train_08916,0,0,2,0.9465966820716858,0.9465966820716858,33.0,0.0534033328294754,30.125,,,,,,
train_01957,1,1,3,0.9598463773727417,0.022573422640562057,32.25,0.9598463773727417,36.0,0.017580199986696243,32.0,,,,
train_01131,1,1,3,0.9186437129974365,0.03561968356370926,32.5,0.9186437129974365,35.75,0.04573657736182213,32.75,,,,
train_08075,1,1,3,0.9703481197357178,0.020138932392001152,30.875,0.9703481197357178,34.75,0.00951295904815197,30.125,,,,
train_12352,2,2,3,0.9844739437103271,0.0031333649531006813,28.75,0.012392697855830193,30.125,0.9844739437103271,34.5,,,,
train_09239,2,2,3,0.9985371828079224,0.0005522752762772143,27.0,0.0009105480276048183,27.5,0.9985371828079224,34.5,,,,
train_09047,2,1,3,0.372122198343277,0.25575560331344604,31.625,0.372122198343277,32.0,0.372122198343277,32.0,,,,
train_11859,1,1,3,0.9087991714477539,0.05127094313502312,30.625,0.9087991714477539,33.5,0.03992984816431999,30.375,,,,
train_10989,1,1,3,0.9259392619132996,0.04609980061650276,32.75,0.9259392619132996,35.75,0.027960943058133125,32.25,,,,
train_00010,0,0,3,0.9900667667388916,0.9900667667388916,34.25,0.004046176560223103,28.75,0.005887152161449194,29.125,,,,
train_03482,0,0,3,0.98875892162323,0.98875892162323,34.25,0.004578862804919481,28.875,0.0066622053273022175,29.25,,,,
train_09073,1,1,3,0.8698680996894836,0.012408002279698849,31.5,0.8698680996894836,35.75,0.11772384494543076,33.75,,,,
train_05751,0,0,3,0.9714339375495911,0.9714339375495911,34.75,0.020161468535661697,30.875,0.008404550142586231,30.0,,,,
train_09006,2,2,3,0.7676551342010498,0.012407989241182804,30.625,0.21993687748908997,33.5,0.7676551342010498,34.75,,,,
train_01220,0,0,2,0.9859364032745361,0.9859364032745361,33.5,0.014063626527786255,29.25,,,,,,
train_12163,2,2,3,0.9818790555000305,0.009626003913581371,29.625,0.00849491823464632,29.5,0.9818790555000305,34.25,,,,
train_00455,2,2,3,0.9871800541877747,0.0031419778242707253,28.75,0.009677973575890064,29.875,0.9871800541877747,34.5,,,,
train_11315,1,1,2,0.9968273043632507,0.0031726830638945103,28.5,0.9968273043632507,34.25,,,,,,
train_09496,0,0,3,0.9098445177078247,0.9098445177078247,34.25,0.06590891629457474,31.625,0.02424653433263302,30.625,,,,
train_09716,2,2,3,0.7649592757225037,0.015876224264502525,31.125,0.21916452050209045,33.75,0.7649592757225037,35.0,,,,
train_11750,0,0,2,0.9859364032745361,0.9859364032745361,33.5,0.014063626527786255,29.25,,,,,,
train_03577,0,0,2,0.9947799444198608,0.9947799444198608,33.75,0.005220125894993544,28.5,,,,,,
train_04450,0,0,3,0.985612154006958,0.985612154006958,34.0,0.00852721557021141,29.25,0.005860663950443268,28.875,,,,
train_10968,0,0,2,0.9953904151916504,0.9953904151916504,33.25,0.004609572701156139,27.875,,,,,,
train_03963,2,2,3,0.8783347606658936,0.0027955470141023397,29.25,0.11886967718601227,33.0,0.8783347606658936,35.0,,,,
train_04577,0,0,3,0.8128825426101685,0.8128825426101685,34.0,0.14125779271125793,32.25,0.045859698206186295,31.125,,,,
train_11035,2,2,3,0.8879783749580383,0.018429402261972427,31.125,0.09359222650527954,32.75,0.8879783749580383,35.0,,,,
train_06649,0,0,3,0.8978958129882812,0.8978958129882812,34.5,0.05740055814385414,31.75,0.04470359906554222,31.5,,,,
train_03492,1,1,3,0.9219290018081665,0.019134026020765305,31.625,0.9219290018081665,35.5,0.0589369460940361,32.75,,,,
train_05358,0,2,3,0.5121443271636963,0.3988583981990814,32.0,0.08899733424186707,30.5,0.5121443271636963,32.25,,,,
train_07552,0,0,3,0.9651523232460022,0.9651523232460022,34.0,0.022698208689689636,30.25,0.012149474583566189,29.625,,,,
train_09636,1,1,3,0.9746900796890259,0.009555526077747345,30.375,0.9746900796890259,35.0,0.015754397958517075,30.875,,,,
train_04131,1,1,2,0.9840936064720154,0.01590639166533947,30.125,0.9840936064720154,34.25,,,,,,
train_11366,2,2,3,0.925847589969635,0.014964932575821877,30.875,0.05918745696544647,32.25,0.925847589969635,35.0,,,,
train_10246,3,3,4,0.9071768522262573,0.031041882932186127,30.625,0.016615523025393486,30.0,0.04516567289829254,31.0,0.9071768522262573,34.0,,
train_08158,1,1,3,0.9937648773193359,0.0040612900629639626,29.25,0.9937648773193359,34.75,0.002173851942643523,28.625,,,,
train_07645,1,1,2,0.9940890073776245,0.005911068990826607,28.625,0.9940890073776245,33.75,,,,,,
train_04815,0,0,4,0.619719386100769,0.619719386100769,33.0,0.09503704309463501,31.125,0.10769106447696686,31.25,0.17755258083343506,31.75,,
train_08377,1,1,2,0.977022647857666,0.022977370768785477,31.25,0.977022647857666,35.0,,,,,,
train_10459,2,2,3,0.9757610559463501,0.003987712319940329,28.25,0.02025127410888672,29.875,0.9757610559463501,33.75,,,,
train_03863,2,2,3,0.949694812297821,0.0030226707458496094,27.75,0.047282520681619644,30.5,0.949694812297821,33.5,,,,
train_05659,0,0,3,0.9106257557868958,0.9106257557868958,33.75,0.05821435526013374,31.0,0.0311599001288414,30.375,,,,
train_09382,0,0,2,0.9940890073776245,0.9940890073776245,33.5,0.005911068990826607,28.375,,,,,,
train_11650,1,1,3,0.6984180212020874,0.044648367911577225,30.75,0.6984180212020874,33.5,0.25693365931510925,32.5,,,,
train_08645,2,2,3,0.9642951488494873,0.0027085067704319954,27.625,0.03299636393785477,30.125,0.9642951488494873,33.5,,,,
train_04497,2,2,3,0.9635935425758362,0.013744923286139965,29.75,0.022661548107862473,30.25,0.9635935425758362,34.0,,,,
train_07577,0,0,2,0.9914224743843079,0.9914224743843079,33.75,0.008577484637498856,29.0,,,,,,
train_04072,0,0,2,0.9796676635742188,0.9796676635742188,33.5,0.020332353189587593,29.625,,,,,,
train_00500,1,1,2,0.9933071732521057,0.006692850962281227,30.25,0.9933071732521057,35.25,,,,,,
train_02657,1,1,2,0.9914224743843079,0.008577484637498856,31.0,0.9914224743843079,35.75,,,,,,
train_10102,3,3,4,0.4725528061389923,0.2866177558898926,31.375,0.10544078797101974,30.375,0.13538864254951477,30.625,0.4725528061389923,31.875,,
train_04341,3,3,4,0.6703736186027527,0.08006471395492554,30.625,0.08006471395492554,30.625,0.16949699819087982,31.375,0.6703736186027527,32.75,,
train_07988,1,1,3,0.980177640914917,0.012338615022599697,31.875,0.980177640914917,36.25,0.007483747787773609,31.375,,,,
train_08777,1,1,3,0.980177640914917,0.012338615022599697,31.875,0.980177640914917,36.25,0.007483747787773609,31.375,,,,
train_01724,0,0,3,0.9794298410415649,0.9794298410415649,34.5,0.01397081557661295,30.25,0.006599346175789833,29.5,,,,
train_00666,1,1,3,0.9889301657676697,0.00518942903727293,29.25,0.9889301657676697,34.5,0.005880393553525209,29.375,,,,
train_02571,0,0,3,0.9981653094291687,0.9981653094291687,34.75,0.0008032565820030868,27.625,0.0010314017999917269,27.875,,,,
train_01583,1,1,3,0.9755586981773376,0.006573263090103865,30.75,0.9755586981773376,35.75,0.017867982387542725,31.75,,,,
train_11018,2,2,3,0.9028638005256653,0.0019750066567212343,28.875,0.09516114741563797,32.75,0.9028638005256653,35.0,,,,
train_05582,1,1,3,0.9714339375495911,0.020161468535661697,30.875,0.9714339375495911,34.75,0.008404550142586231,30.0,,,,
train_08940,1,1,3,0.9714164137840271,0.01779211312532425,32.25,0.9714164137840271,36.25,0.010791461914777756,31.75,,,,
train_02317,2,2,3,0.9447877407073975,0.008174016140401363,30.0,0.04703821241855621,31.75,0.9447877407073975,34.75,,,,
train_04404,1,1,3,0.9916402101516724,0.0052036503329873085,29.25,0.9916402101516724,34.5,0.0031561735086143017,28.75,,,,
train_03927,0,0,3,0.9755586981773376,0.9755586981773376,34.5,0.017867982387542725,30.5,0.006573263090103865,29.5,,,,
train_12673,0,0,2,0.9914224743843079,0.9914224743843079,33.0,0.008577484637498856,28.25,,,,,,
train_06512,1,1,4,0.9391693472862244,0.002327968133613467,29.25,0.9391693472862244,35.25,0.02208714745938778,31.5,0.036415547132492065,32.0,,
train_00388,0,0,3,0.916897714138031,0.916897714138031,34.25,0.05172783136367798,31.375,0.03137451410293579,30.875,,,,
train_09098,0,0,3,0.9746571779251099,0.9746571779251099,34.75,0.020228363573551178,30.875,0.005114531144499779,29.5,,,,
train_07526,2,2,3,0.912118136882782,0.013010665774345398,30.25,0.07487121224403381,32.0,0.912118136882782,34.5,,,,
train_03986,0,0,3,0.9714164137840271,0.9714164137840271,34.5,0.01779211312532425,30.5,0.010791461914777756,30.0,,,,
train_03019,2,2,4,0.9763018488883972,0.0012953381519764662,28.375,0.017881592735648155,31.0,0.9763018488883972,35.0,0.004521174822002649,29.625,,
train_10663,1,1,3,0.9425994157791138,0.010471334680914879,31.25,0.9425994157791138,35.75,0.046929262578487396,32.75,,,,
train_00606,2,2,3,0.9313315153121948,0.009130452759563923,30.125,0.05953802913427353,32.0,0.9313315153121948,34.75,,,,
train_10474,1,1,3,0.9603321552276611,0.01066832710057497,31.25,0.9603321552276611,35.75,0.02899951860308647,32.25,,,,
train_05277,1,1,3,0.9598463773727417,0.022573422640562057,32.25,0.9598463773727417,36.0,0.017580199986696243,32.0,,,,
train_11545,2,2,3,0.9868914484977722,0.004570214543491602,29.625,0.008538284339010715,30.25,0.9868914484977722,35.0,,,,
train_04053,0,0,3,0.9623990654945374,0.9623990654945374,34.0,0.019973954185843468,30.125,0.01762695424258709,30.0,,,,
train_00876,0,0,3,0.9726497530937195,0.9726497530937195,33.75,0.017814701423048973,29.75,0.009535523131489754,29.125,,,,
train_08558,1,1,3,0.9874217510223389,0.008542872034013271,31.25,0.9874217510223389,36.0,0.004035367164760828,30.5,,,,
train_01993,2,2,3,0.9377286434173584,0.002324396977201104,27.75,0.05994698405265808,31.0,0.9377286434173584,33.75,,,,
train_00797,0,0,3,0.9479232430458069,0.9479232430458069,34.75,0.036754973232746124,31.5,0.015321752056479454,30.625,,,,
train_02157,1,1,2,0.9940890073776245,0.005911068990826607,29.625,0.9940890073776245,34.75,,,,,,
train_08031,0,0,3,0.9635935425758362,0.9635935425758362,34.25,0.022661548107862473,30.5,0.013744923286139965,30.0,,,,
train_01835,2,2,3,0.9367378950119019,0.003378404537215829,29.875,0.05988365039229393,32.75,0.9367378950119019,35.5,,,,
train_08545,1,1,3,0.9622441530227661,0.012112867087125778,30.125,0.9622441530227661,34.5,0.025642938911914825,30.875,,,,
train_06075,2,2,3,0.9392029047012329,0.0007558075594715774,28.125,0.06004123017191887,32.5,0.9392029047012329,35.25,,,,
train_02686,2,2,3,0.9752432107925415,0.004516272339969873,28.875,0.020240526646375656,30.375,0.9752432107925415,34.25,,,,
train_10412,3,3,4,0.9755786061286926,0.0006928308866918087,27.75,0.000785080308560282,27.875,0.02294340915977955,31.25,0.9755786061286926,35.0,,
train_08114,2,2,4,0.9871740341186523,0.00037525343941524625,27.875,0.010966513305902481,31.25,0.9871740341186523,35.75,0.0014841561205685139,29.25,,
train_06231,2,2,3,0.9657684564590454,0.005067887715995312,29.5,0.029163680970668793,31.25,0.9657684564590454,34.75,,,,
train_10922,0,0,3,0.9752432107925415,0.9752432107925415,34.75,0.020240526646375656,30.875,0.004516272339969873,29.375,,,,
train_00664,2,2,3,0.9232601523399353,0.000954002549406141,28.375,0.0757858082652092,32.75,0.9232601523399353,35.25,,,,
train_03865,0,0,2,0.9989677667617798,0.9989677667617798,34.25,0.0010322310263291001,27.375,,,,,,
train_07212,2,2,3,0.9606500864028931,0.0021014136727899313,29.375,0.03724844753742218,32.25,0.9606500864028931,35.5,,,,
train_03375,1,1,3,0.9496329426765442,0.036821264773607254,31.25,0.9496329426765442,34.5,0.01354578509926796,30.25,,,,
train_03042,0,0,3,0.9939515590667725,0.9939515590667725,34.5,0.002463759621605277,28.5,0.0035847490653395653,28.875,,,,
train_01439,2,2,3,0.9228595495223999,0.0013874631840735674,28.75,0.07575292885303497,32.75,0.9228595495223999,35.25,,,,
train_00380,1,1,3,0.9775974154472351,0.013944678008556366,32.0,0.9775974154472351,36.25,0.00845787487924099,31.5,,,,
train_00691,1,1,3,0.9824659824371338,0.010914212092757225,31.5,0.9824659824371338,36.0,0.006619803607463837,31.0,,,,
train_10091,0,0,3,0.9844739437103271,0.9844739437103271,33.5,0.012392697855830193,29.125,0.0031333649531006813,27.75,,,,
train_05207,1,1,3,0.963546633720398,0.007356768939644098,30.875,0.963546633720398,35.75,0.029096586629748344,32.25,,,,
train_00751,0,0,3,0.9829908609390259,0.9829908609390259,34.25,0.008504536934196949,29.5,0.008504536934196949,29.5,,,,
train_09884,1,1,3,0.9763128757476807,0.005805368069559336,30.875,0.9763128757476807,36.0,0.017881793901324272,32.0,,,,
train_01230,1,1,3,0.9775974154472351,0.013944678008556366,32.0,0.9775974154472351,36.25,0.00845787487924099,31.5,,,,
train_03599,2,2,3,0.8788782358169556,0.0021785213612020016,29.0,0.1189432367682457,33.0,0.8788782358169556,35.0,,,,
train_07247,1,1,3,0.9752546548843384,0.013911260291934013,30.25,0.9752546548843384,34.5,0.01083410158753395,30.0,,,,
train_00285,3,3,4,0.945356547832489,0.022232655435800552,30.5,0.007217885926365852,29.375,0.025192897766828537,30.625,0.945356547832489,34.25,,
train_08417,3,3,4,0.8208619952201843,0.08651821315288544,31.5,0.04630986973643303,30.875,0.04630986973643303,30.875,0.8208619952201843,33.75,,
train_10469,2,2,3,0.9588924646377563,0.00829604547470808,30.5,0.032811496406793594,31.875,0.9588924646377563,35.25,,,,
train_06204,2,2,4,0.611046552658081,0.05015775188803673,31.0,0.05015775188803673,31.0,0.611046552658081,33.5,0.2886379659175873,32.75,,
train_02671,0,0,3,0.9943704009056091,0.9943704009056091,34.5,0.0024647978134453297,28.5,0.0031648629810661077,28.75,,,,
train_08866,0,0,3,0.9618332982063293,0.9618332982063293,34.25,0.022620152682065964,30.5,0.01554658729583025,30.125,,,,
train_04569,0,0,2,0.9241418242454529,0.9241418242454529,33.25,0.07585817575454712,30.75,,,,,,
train_04869,1,1,2,0.9996199607849121,0.0003799845289904624,27.625,0.9996199607849121,35.5,,,,,,
train_07164,0,0,3,0.9283581376075745,0.9283581376075745,34.75,0.05237438529729843,31.875,0.019267458468675613,30.875,,,,
train_10154,1,1,3,0.9511468410491943,0.01197317149490118,31.375,0.9511468410491943,35.75,0.03687996417284012,32.5,,,,
train_01039,2,2,3,0.9515184760093689,0.019748136401176453,29.125,0.02873336896300316,29.5,0.9515184760093689,33.0,,,,
train_03566,1,1,2,0.9890130758285522,0.01098694372922182,29.75,0.9890130758285522,34.25,,,,,,
train_08903,1,1,3,0.9824768900871277,0.012367559596896172,30.125,0.9824768900871277,34.5,0.005155565682798624,29.25,,,,
train_00057,1,1,3,0.9626036882400513,0.008328153751790524,31.0,0.9626036882400513,35.75,0.0290681142359972,32.25,,,,
train_09016,2,2,3,0.9313315153121948,0.009130452759563923,30.125,0.05953802913427353,32.0,0.9313315153121948,34.75,,,,
train_01265,2,2,3,0.9783686399459839,0.005817592144012451,29.375,0.015813855454325676,30.375,0.9783686399459839,34.5,,,,
train_11830,2,2,3,0.8102157711982727,0.009000685065984726,30.75,0.18078358471393585,33.75,0.8102157711982727,35.25,,,,
train_11251,2,2,3,0.9030733704566956,0.0017433417961001396,28.75,0.09518323093652725,32.75,0.9030733704566956,35.0,,,,
train_02891,0,0,3,0.9479232430458069,0.9479232430458069,34.25,0.036754973232746124,31.0,0.015321752056479454,30.125,,,,
train_01383,1,1,2,0.9890130758285522,0.01098694372922182,31.25,0.9890130758285522,35.75,,,,,,
train_01644,2,2,3,0.8783347606658936,0.0027955470141023397,29.25,0.11886967718601227,33.0,0.8783347606658936,35.0,,,,
train_03332,1,1,2,0.9924227595329285,0.007577240467071533,30.375,0.9924227595329285,35.25,,,,,,
train_07268,2,2,3,0.9524868726730347,0.010581173934042454,30.75,0.036931924521923065,32.0,0.9524868726730347,35.25,,,,
train_05643,1,1,3,0.9425994157791138,0.010471334680914879,31.25,0.9425994157791138,35.75,0.046929262578487396,32.75,,,,
train_06184,1,1,3,0.9413607716560364,0.03650051727890968,32.75,0.9413607716560364,36.0,0.0221386831253767,32.25,,,,
train_08162,2,2,3,0.9807697534561157,0.009615128859877586,29.625,0.009615128859877586,29.625,0.9807697534561157,34.25,,,,
train_07777,1,1,3,0.9219290018081665,0.019134026020765305,31.625,0.9219290018081665,35.5,0.0589369460940361,32.75,,,,
train_02797,0,0,2,0.9968273043632507,0.9968273043632507,34.0,0.0031726830638945103,28.25,,,,,,
train_07510,1,1,2,0.977022647857666,0.022977370768785477,31.0,0.977022647857666,34.75,,,,,,
train_10288,0,0,4,0.9444859623908997,0.9444859623908997,34.25,0.025169698521494865,30.625,0.02852100506424904,30.75,0.0018232868751510978,28.0,,
train_11966,2,2,4,0.966327428817749,0.001452814438380301,28.5,0.020055484026670456,31.125,0.966327428817749,35.0,0.012164266780018806,30.625,,
train_00576,3,3,4,0.7712122201919556,0.0011594706447795033,27.5,0.006672292947769165,29.25,0.2209560126066208,32.75,0.7712122201919556,34.0,,
train_01498,2,2,4,0.986057698726654,0.0013082820223644376,28.625,0.010954112745821476,30.75,0.986057698726654,35.25,0.0016798676224425435,28.875,,
train_10586,1,1,4,0.9811869859695435,0.0013018196914345026,28.875,0.9811869859695435,35.5,0.010900003835558891,31.0,0.006611185614019632,30.5,,
train_09577,2,2,4,0.9584537744522095,0.003050548490136862,29.25,0.03279648348689079,31.625,0.9584537744522095,35.0,0.005699174478650093,29.875,,
train_02077,0,0,4,0.9447219967842102,0.9447219967842102,34.5,0.02517598867416382,30.875,0.019607078284025192,30.625,0.010494913905858994,30.0,,
train_10015,0,0,4,0.9288397431373596,0.9288397431373596,34.5,0.0593787357211113,31.75,0.005523082800209522,29.375,0.006258472800254822,29.5,,
train_03925,3,3,4,0.9206382632255554,0.0020138879772275686,29.375,0.001777249970473349,29.25,0.07557059079408646,33.0,0.9206382632255554,35.5,,
train_06269,1,1,3,0.9068633317947388,0.05797382816672325,33.0,0.9068633317947388,35.75,0.03516290709376335,32.5,,,,
train_01605,0,0,4,0.9587676525115967,0.9587676525115967,34.75,0.025550290942192078,31.125,0.00503115076571703,29.5,0.010650946758687496,30.25,,
train_09000,2,2,3,0.7633455991744995,0.017952168360352516,31.0,0.21870218217372894,33.5,0.7633455991744995,34.75,,,,
train_12249,0,0,4,0.9621617197990417,0.9621617197990417,34.5,0.02905476652085781,31.0,0.00572122260928154,29.375,0.0030623499769717455,28.75,,
train_07814,3,3,4,0.969620406627655,0.003086089389398694,28.75,0.004490233492106199,29.125,0.02280328795313835,30.75,0.969620406627655,34.5,,
train_00999,0,0,4,0.9650629758834839,0.9650629758834839,34.25,0.02571805566549301,30.625,0.00573847396299243,29.125,0.0034805606119334698,28.625,,
train_05843,3,3,4,0.8804367184638977,0.026586884632706642,30.5,0.01108306273818016,29.625,0.08189336955547333,31.625,0.8804367184638977,34.0,,
train_02996,2,2,3,0.9381298422813416,0.01516345702111721,28.625,0.046706732362508774,29.75,0.9381298422813416,32.75,,,,
train_03406,3,3,4,0.9297789335250854,0.028076892718672752,30.5,0.010328912176191807,29.5,0.031815286725759506,30.625,0.9297789335250854,34.0,,
train_04134,0,0,3,0.9922468662261963,0.9922468662261963,34.25,0.0031581043731421232,28.5,0.004595015197992325,28.875,,,,
train_03782,1,1,2,0.9669140577316284,0.03308597952127457,30.625,0.9669140577316284,34.0,,,,,,
train_00245,1,1,2,0.9875683188438416,0.01243165135383606,30.375,0.9875683188438416,34.75,,,,,,
train_00897,0,0,2,0.9947799444198608,0.9947799444198608,33.5,0.005220125894993544,28.25,,,,,,
train_09215,0,0,2,0.9980732202529907,0.9980732202529907,33.75,0.0019267346942797303,27.5,,,,,,
train_00849,2,2,3,0.9866006970405579,0.005866541992872953,29.375,0.007532788906246424,29.625,0.9866006970405579,34.5,,,,
train_02390,0,0,2,0.9875683188438416,0.9875683188438416,33.5,0.01243165135383606,29.125,,,,,,
train_07534,2,2,3,0.9738498330116272,0.013891221024096012,30.0,0.01225895993411541,29.875,0.9738498330116272,34.25,,,,
train_07418,0,0,2,0.9971990585327148,0.9971990585327148,33.5,0.0028009270317852497,27.625,,,,,,
train_10145,0,0,2,0.9902915358543396,0.9902915358543396,33.5,0.009708477184176445,28.875,,,,,,
train_11129,3,3,4,0.9739943146705627,0.0012922766618430614,29.125,0.010820100083947182,31.25,0.013893282040953636,31.5,0.9739943146705627,35.75,,
train_06066,2,2,4,0.9818875193595886,0.0024338560178875923,29.25,0.0140058733522892,31.0,0.9818875193595886,35.25,0.001672763261012733,28.875,,
train_01385,3,3,4,0.9953389167785645,0.00116542202886194,28.5,0.0010284814052283764,28.375,0.0024671985302120447,29.25,0.9953389167785645,35.25,,
train_08409,2,2,4,0.9514031410217285,0.0003616558969952166,27.625,0.04736757278442383,32.5,0.9514031410217285,35.5,0.0008675673743709922,28.5,,
train_04701,3,3,4,0.9680433869361877,0.00032474237377755344,27.0,0.0023995398078113794,29.0,0.02923237718641758,31.5,0.9680433869361877,35.0,,
train_01200,3,3,4,0.9760296940803528,0.0004763954784721136,27.375,0.0005398267530836165,27.5,0.022954018786549568,31.25,0.9760296940803528,35.0,,
train_02027,0,0,4,0.9702741503715515,0.9702741503715515,34.75,0.025856930762529373,31.125,0.003088169964030385,29.0,0.0007808116497471929,27.625,,
train_10187,1,1,4,0.9974023103713989,0.0008026425493881106,28.875,0.9974023103713989,36.0,0.001699194428510964,29.625,9.586197847966105e-05,26.75,,
train_06060,3,3,4,0.9812043309211731,0.0007896075258031487,28.375,0.0021463758312165737,29.375,0.015859689563512802,31.375,0.9812043309211731,35.5,,
train_11004,0,0,4,0.971648097038269,0.971648097038269,35.25,0.022850973531603813,31.5,0.003092542989179492,29.5,0.0024084749165922403,29.25,,
train_12121,2,2,4,0.984176516532898,0.0021528773941099644,29.625,0.009648527950048447,31.125,0.984176516532898,35.75,0.004022104665637016,30.25,,
train_00770,2,2,4,0.9797716736793518,0.0006140490295365453,28.625,0.017945144325494766,32.0,0.9797716736793518,36.0,0.0016691585769876838,29.625,,
train_09615,0,0,2,0.9875683188438416,0.9875683188438416,33.5,0.01243165135383606,29.125,,,,,,
train_00975,0,0,4,0.9511381983757019,0.9511381983757019,34.5,0.04179009795188904,31.375,0.004991115070879459,29.25,0.002080606296658516,28.375,,
train_04655,2,1,4,0.32486945390701294,0.13542573153972626,30.875,0.32486945390701294,31.75,0.28669628500938416,31.625,0.25300857424736023,31.5,,
train_04937,3,3,4,0.9513641595840454,0.003888007951900363,29.0,0.02237394079566002,30.75,0.02237394079566002,30.75,0.9513641595840454,34.5,,
train_07396,2,2,4,0.9857170581817627,0.0014819656498730183,29.0,0.009663630276918411,30.875,0.9857170581817627,35.5,0.0031373214442282915,29.75,,
train_02193,0,0,4,0.9746503829956055,0.9746503829956055,34.5,0.017851345241069794,30.5,0.00398317351937294,29.0,0.0035151380579918623,28.875,,
train_10053,0,0,2,0.9902915358543396,0.9902915358543396,33.75,0.009708477184176445,29.125,,,,,,
train_05304,1,1,2,0.9924227595329285,0.007577240467071533,29.875,0.9924227595329285,34.75,,,,,,
train_12051,1,1,3,0.9764977693557739,0.013928991742432117,30.25,0.9764977693557739,34.5,0.009573248215019703,29.875,,,,
train_05484,1,1,2,0.9820137619972229,0.01798621006309986,30.5,0.9820137619972229,34.5,,,,,,
train_05542,1,1,2,0.9914224743843079,0.008577484637498856,29.5,0.9914224743843079,34.25,,,,,,
train_04891,0,0,2,0.9890130758285522,0.9890130758285522,33.5,0.01098694372922182,29.0,,,,,,
train_12120,1,1,2,0.977022647857666,0.022977370768785477,30.75,0.977022647857666,34.5,,,,,,
train_01845,0,0,2,0.9820137619972229,0.9820137619972229,33.0,0.01798621006309986,29.0,,,,,,
train_08503,3,3,4,0.6483554840087891,0.18575696647167206,32.0,0.05322025716304779,30.75,0.1126672774553299,31.5,0.6483554840087891,33.25,,
train_12145,0,0,4,0.6748164892196655,0.6748164892196655,32.75,0.07112513482570648,30.5,0.10348646342754364,30.875,0.15057191252708435,31.25,,
train_04128,0,0,4,0.8950614333152771,0.8950614333152771,34.0,0.0393262542784214,30.875,0.021049827337265015,30.25,0.044562485069036484,31.0,,
train_10237,1,3,4,0.40067967772483826,0.16702812910079956,31.0,0.18926768004894257,31.125,0.24302451312541962,31.375,0.40067967772483826,31.875,,
train_10208,1,1,3,0.9929331541061401,0.0011626051273196936,28.25,0.9929331541061401,35.0,0.0059041958302259445,29.875,,,,
train_03170,1,1,2,0.9982993006706238,0.001700722612440586,28.375,0.9982993006706238,34.75,,,,,,
train_03079,0,1,3,0.6162590980529785,0.3737800419330597,33.25,0.6162590980529785,33.75,0.0099609000608325,29.625,,,,
train_07026,1,0,3,0.6145204901695251,0.6145204901695251,33.5,0.3727255165576935,33.0,0.012753966264426708,29.625,,,,
train_08955,1,1,4,0.9939078092575073,0.0021741646341979504,29.875,0.9939078092575073,36.0,0.0035845914389938116,30.375,0.0003334189241286367,28.0,,
train_11529,0,0,4,0.8966037034988403,0.8966037034988403,34.5,0.09450133144855499,32.25,0.006041268352419138,29.5,0.0028536932077258825,28.75,,
train_11508,0,0,4,0.886987030506134,0.886987030506134,34.0,0.06425312906503677,31.375,0.018408827483654022,30.125,0.030351025983691216,30.625,,
train_06915,1,1,4,0.9736086130142212,0.012255923822522163,30.875,0.9736086130142212,35.25,0.012255923822522163,30.875,0.001879506860859692,29.0,,
train_00711,0,0,4,0.673946738243103,0.673946738243103,33.5,0.1033530905842781,31.625,0.02961115539073944,30.375,0.19308899343013763,32.25,,
train_11072,2,2,4,0.9739508032798767,0.0030998720321804285,29.5,0.017838532105088234,31.25,0.9739508032798767,35.25,0.0051108249463140965,30.0,,
train_03121,2,2,4,0.7744240760803223,0.0009067573118954897,28.75,0.22187621891498566,34.25,0.7744240760803223,35.5,0.0027930093929171562,29.875,,
train_04930,1,1,2,0.9859364032745361,0.014063626527786255,30.0,0.9859364032745361,34.25,,,,,,
train_03410,3,3,4,0.9681260585784912,0.003956510219722986,29.5,0.002117767231538892,28.875,0.02579968422651291,31.375,0.9681260585784912,35.0,,
train_02166,3,3,4,0.9807569980621338,0.005146540701389313,29.25,0.007488171570003033,29.625,0.006608288735151291,29.5,0.9807569980621338,34.5,,
train_07274,3,3,4,0.9509045481681824,0.0034294973593205214,28.875,0.003886129707098007,29.0,0.04177983105182648,31.375,0.9509045481681824,34.5,,
train_01068,0,0,4,0.840322732925415,0.840322732925415,33.75,0.03692120313644409,30.625,0.022393841296434402,30.125,0.10036224126815796,31.625,,
train_02449,2,2,4,0.8961819410324097,0.0041501461528241634,29.125,0.03474874421954155,31.25,0.8961819410324097,34.5,0.06491920351982117,31.875,,
train_06562,2,2,4,0.9654984474182129,0.0018638505134731531,29.0,0.02915552817285061,31.75,0.9654984474182129,35.25,0.0034821312874555588,29.625,,
train_02572,0,0,4,0.8182962536811829,0.8182962536811829,34.0,0.06716984510421753,31.5,0.11074435710906982,32.0,0.0037894637789577246,28.625,,
train_10711,1,1,4,0.9657099843025208,0.0016452028648927808,29.125,0.9657099843025208,35.5,0.029161915183067322,32.0,0.003482894040644169,29.875,,
train_04893,3,3,4,0.8909776210784912,0.0013395306887105107,28.25,0.07313589751720428,32.25,0.034546952694654465,31.5,0.8909776210784912,34.75,,
train_05963,1,1,4,0.9201207160949707,0.0025844299234449863,29.375,0.9201207160949707,35.25,0.04581011086702347,32.25,0.03148479759693146,31.875,,
train_03391,1,1,4,0.9913156032562256,0.002457225928083062,29.75,0.9913156032562256,35.75,0.0058945780619978905,30.625,0.00033254933077841997,27.75,,
train_10955,0,0,4,0.9812621474266052,0.9812621474266052,34.75,0.007492028642445803,29.875,0.008489580824971199,30.0,0.0027561637107282877,28.875,,
train_11978,0,0,4,0.5792585015296936,0.5792585015296936,33.5,0.21309731900691986,32.5,0.07839411497116089,31.5,0.12925004959106445,32.0,,
train_01527,0,0,2,0.9914224743843079,0.9914224743843079,33.5,0.008577484637498856,28.75,,,,,,
train_02043,1,1,2,0.9324532747268677,0.06754669547080994,31.875,0.9324532747268677,34.5,,,,,,
train_08710,0,0,2,0.9980732202529907,0.9980732202529907,35.0,0.0019267346942797303,28.75,,,,,,
train_11959,3,3,4,0.9288510680198669,0.003349960083141923,28.875,0.031783536076545715,31.125,0.03601546213030815,31.25,0.9288510680198669,34.5,,
train_05404,0,0,4,0.9567839503288269,0.9567839503288269,34.0,0.012044132687151432,29.625,0.013647789135575294,29.75,0.01752411015331745,30.0,,
train_10733,0,0,4,0.9639407992362976,0.9639407992362976,34.25,0.02266971580684185,30.5,0.009450143203139305,29.625,0.003939405549317598,28.75,,
train_09394,1,1,4,0.9795539379119873,0.001890984014607966,29.5,0.9795539379119873,35.75,0.017941156402230263,31.75,0.0006139125907793641,28.375,,
train_04835,0,0,4,0.9809843301773071,0.9809843301773071,34.5,0.01585613563656807,30.375,0.002145894570276141,28.375,0.0010136488126590848,27.625,,
train_00251,0,0,4,0.9556355476379395,0.9556355476379395,34.25,0.03705400973558426,31.0,0.005682416260242462,29.125,0.0016280397539958358,27.875,,
train_12251,1,1,4,0.9974134564399719,0.0008026515133678913,28.625,0.9974134564399719,35.75,0.0016992134042084217,29.375,8.459883974865079e-05,26.375,,
train_11394,2,2,4,0.9037184119224548,0.00030316374613903463,27.25,0.09525121748447418,33.0,0.9037184119224548,35.25,0.0007272520451806486,28.125,,
train_09314,0,0,3,0.9981653094291687,0.9981653094291687,35.0,0.0008032565820030868,27.875,0.0010314017999917269,28.125,,,,
train_00630,2,2,4,0.9774268865585327,0.0065858508460223675,30.25,0.010858233086764812,30.75,0.9774268865585327,35.25,0.005129065830260515,30.0,,
train_12368,1,1,4,0.9719185829162598,0.005779238883405924,30.875,0.9719185829162598,36.0,0.01780131086707115,32.0,0.004500876180827618,30.625,,
train_10365,3,3,4,0.970185399055481,0.0034990347921848297,29.625,0.0034990347921848297,29.625,0.022816574200987816,31.5,0.970185399055481,35.25,,
train_06343,2,2,4,0.9706205129623413,0.0014592688530683517,28.75,0.02282680757343769,31.5,0.9706205129623413,35.25,0.005093349143862724,30.0,,
train_07196,2,2,4,0.9774346351623535,0.004526420962065458,29.875,0.008456466719508171,30.5,0.9774346351623535,35.25,0.00958243291825056,30.625,,
train_00089,1,1,4,0.9917169213294983,0.002785528777167201,29.875,0.9917169213294983,35.75,0.005204052664339542,30.5,0.0002935925731435418,27.625,,
train_12443,2,2,3,0.9892978668212891,0.0031487185042351484,28.5,0.007553382311016321,29.375,0.9892978668212891,34.25,,,,
train_05010,1,1,4,0.9933469295501709,0.005212606396526098,31.25,0.9933469295501709,36.5,0.0013179532252252102,29.875,0.0001225887390319258,27.5,,
train_08892,1,1,4,0.9974234104156494,0.0016992304008454084,29.875,0.9974234104156494,36.25,0.0008026595460250974,29.125,7.465897215297446e-05,26.75,,
train_06419,0,0,4,0.9688878655433655,0.9688878655433655,34.5,0.01382044330239296,30.25,0.006528315134346485,29.5,0.010763373225927353,30.0,,
train_11738,1,1,4,0.9926417469978333,0.00590246357023716,31.125,0.9926417469978333,36.25,0.0013170175952836871,29.625,0.00013881264021620154,27.375,,
train_12666,2,2,4,0.9716323018074036,0.0016552922315895557,29.125,0.020165584981441498,31.625,0.9716323018074036,35.5,0.006546807009726763,30.5,,
train_03611,2,2,4,0.9769166111946106,0.0016642946284264326,29.375,0.020275257527828217,31.875,0.9769166111946106,35.75,0.0011438516667112708,29.0,,
train_11438,1,1,4,0.9890422224998474,0.00755142979323864,31.375,0.9890422224998474,36.25,0.003147904761135578,30.5,0.0002583957102615386,28.0,,
train_09963,0,0,4,0.9613255262374878,0.9613255262374878,34.75,0.025618456304073334,31.125,0.007339810486882925,29.875,0.005716250278055668,29.625,,
train_01522,0,0,4,0.9884633421897888,0.9884633421897888,35.0,0.006660213693976402,30.0,0.003564955433830619,29.375,0.0013114737812429667,28.375,,
train_07482,2,2,4,0.9767678380012512,0.0016640411922708154,28.875,0.02027216926217079,31.375,0.9767678380012512,35.25,0.001295956433750689,28.625,,
train_10671,3,3,4,0.9743056297302246,0.0027366243302822113,28.625,0.005112686660140753,29.25,0.0178450308740139,30.5,0.9743056297302246,34.5,,
train_02432,0,0,4,0.9875640273094177,0.9875640273094177,34.5,0.0075401440262794495,29.625,0.0024479266721755266,28.5,0.0024479266721755266,28.5,,
train_12113,3,3,4,0.9780547022819519,0.003997086081653833,29.0,0.003997086081653833,29.0,0.013951200991868973,30.25,0.9780547022819519,34.5,,
train_06793,0,0,4,0.979620635509491,0.979620635509491,34.5,0.01583409309387207,30.375,0.0035330636892467737,28.875,0.0010122397216036916,27.625,,
train_09136,0,0,4,0.9670567512512207,0.9670567512512207,34.25,0.017712263390421867,30.25,0.0057503292337059975,29.125,0.009480691514909267,29.625,,
train_12630,1,1,4,0.9883176684379578,0.000619405007455498,28.125,0.9883176684379578,35.5,0.005876751150935888,30.375,0.005186215043067932,30.25,,
train_09611,1,1,4,0.9797950983047485,0.00311847310513258,29.5,0.9797950983047485,35.25,0.007480827625840902,30.375,0.009605573490262032,30.625,,
train_05019,1,1,4,0.9809021949768066,0.0031219967640936375,29.5,0.9809021949768066,35.25,0.007489280309528112,30.375,0.008486466482281685,30.5,,
train_04742,2,2,4,0.8001083731651306,0.004757618065923452,28.875,0.016605718061327934,30.125,0.8001083731651306,34.0,0.1785283088684082,32.5,,
train_04555,0,0,4,0.8102052211761475,0.8102052211761475,33.25,0.04570865258574486,30.375,0.05869107320904732,30.625,0.08539500087499619,31.0,,
train_04993,3,3,4,0.9647618532180786,0.012144559063017368,29.875,0.003070625476539135,28.5,0.02002299204468727,30.375,0.9647618532180786,34.25,,
train_11815,2,2,4,0.9539114832878113,0.0008698547026142478,28.0,0.019797800108790398,31.125,0.9539114832878113,35.0,0.02542087994515896,31.375,,
train_05186,1,1,4,0.9044857621192932,0.0047463057562708855,29.5,0.9044857621192932,34.75,0.03974033147096634,31.625,0.05102759972214699,31.875,,
train_09339,3,3,4,0.7738274931907654,0.0719771683216095,30.625,0.04946913570165634,30.25,0.1047261580824852,31.0,0.7738274931907654,33.0,,
train_11733,0,0,3,0.9867032766342163,0.9867032766342163,34.0,0.006648354697972536,29.0,0.006648354697972536,29.0,,,,
train_07328,0,0,4,0.9268222451210022,0.9268222451210022,33.75,0.019235581159591675,29.875,0.01322040893137455,29.5,0.04072172939777374,30.625,,
train_00698,3,3,4,0.8760191798210144,0.02645348757505417,29.75,0.016044851392507553,29.25,0.08148247003555298,30.875,0.8760191798210144,33.25,,
train_00885,1,1,2,0.9820137619972229,0.01798621006309986,30.25,0.9820137619972229,34.25,,,,,,
train_06063,0,0,2,0.9924227595329285,0.9924227595329285,33.25,0.007577240467071533,28.375,,,,,,
train_12319,1,1,2,0.9149009585380554,0.08509904146194458,31.625,0.9149009585380554,34.0,,,,,,
train_06247,3,3,4,0.9785364270210266,0.00846599880605936,31.0,0.00846599880605936,31.0,0.004531522747129202,30.375,0.9785364270210266,35.75,,
train_00946,3,3,4,0.992396891117096,0.0016906671226024628,29.375,0.00131669279653579,29.125,0.004595709964632988,30.375,0.992396891117096,35.75,,
train_03164,0,0,4,0.9687362909317017,0.9687362909317017,35.0,0.022782493382692337,31.25,0.0057603162713348866,29.875,0.002720980904996395,29.125,,
train_10691,2,2,4,0.9844017624855042,0.0019003424094989896,29.75,0.012391788884997368,31.625,0.9844017624855042,36.0,0.0013060849159955978,29.375,,
train_03078,2,2,4,0.9788201451301575,0.0031153701711446047,29.75,0.009596015326678753,30.875,0.9788201451301575,35.5,0.008468453772366047,30.75,,
train_04375,3,3,4,0.9416559934616089,0.0008586791227571666,27.75,0.00436073262244463,29.375,0.053124599158763885,31.875,0.9416559934616089,34.75,,
train_10501,1,1,4,0.9967129230499268,0.0007078399648889899,28.75,0.9967129230499268,36.0,0.0024706043768674135,30.0,0.00010855078289750963,26.875,,
train_12058,3,3,4,0.9914531707763672,0.0014905895804986358,29.0,0.0011608722852542996,28.75,0.005895395763218403,30.375,0.9914531707763672,35.5,,
train_12675,2,2,4,0.9934211373329163,0.00048488416359759867,27.875,0.004600452724844217,30.125,0.9934211373329163,35.5,0.0014935482759028673,29.0,,
train_10802,0,0,4,0.9805835485458374,0.9805835485458374,35.0,0.017960015684366226,31.0,0.0013010191032662988,28.375,0.0001553845650050789,26.25,,
train_12415,0,0,4,0.9723803997039795,0.9723803997039795,34.25,0.020181110128760338,30.375,0.005781984888017178,29.125,0.0016565666301175952,27.875,,
train_03912,2,2,4,0.9751614332199097,0.0006111596594564617,28.625,0.0229336004704237,32.25,0.9751614332199097,36.0,0.0012938251020386815,29.375,,
train_08898,3,3,4,0.9828255772590637,0.0016743612941354513,29.125,0.0031281185802072287,29.75,0.01237194798886776,31.125,0.9828255772590637,35.5,,
train_10133,1,1,4,0.9961903095245361,0.0003786807938013226,28.375,0.9961903095245361,36.25,0.0031706555746495724,30.5,0.00026026321575045586,28.0,,
train_07167,3,3,4,0.9874120950698853,0.0019061538623645902,29.5,0.0031427163630723953,30.0,0.007538984064012766,30.875,0.9874120950698853,35.75,,
train_00217,1,1,4,0.9963548183441162,0.0005510682822205126,28.75,0.9963548183441162,36.25,0.002469716826453805,30.25,0.0006244421238079667,28.875,,
train_01064,2,2,4,0.9899305105209351,0.0019110154826194048,29.75,0.006670099683105946,31.0,0.9899305105209351,36.0,0.001488300273194909,29.5,,
train_07665,3,3,4,0.9728843569755554,0.0011391304433345795,28.5,0.00578498188406229,30.125,0.02019157074391842,31.375,0.9728843569755554,35.25,,
train_02769,2,2,4,0.9682649374008179,0.000882943335454911,28.75,0.020095696672797203,31.875,0.9682649374008179,35.75,0.010756452567875385,31.25,,
train_12055,0,0,4,0.9857599139213562,0.9857599139213562,35.25,0.008528494276106358,30.5,0.0035552054177969694,29.625,0.002156341215595603,29.125,,
train_05467,3,3,4,0.981283962726593,0.0004226807504892349,28.0,0.0024323598481714725,29.75,0.01586097851395607,31.625,0.981283962726593,35.75,,
train_04557,1,1,4,0.9971248507499695,0.0006249247235246003,28.875,0.9971248507499695,36.25,0.0016987217823043466,29.875,0.0005514941876754165,28.75,,
train_09561,2,2,4,0.9555806517601013,0.004425216931849718,29.375,0.03269817307591438,31.375,0.9555806517601013,34.75,0.00729594798758626,29.875,,
train_11208,2,2,4,0.9734105467796326,0.0018791245529428124,28.75,0.02020249143242836,31.125,0.9734105467796326,35.0,0.00450778566300869,29.625,,
train_07830,2,2,4,0.9638860821723938,0.0030678382609039545,29.0,0.02568669430911541,31.125,0.9638860821723938,34.75,0.007359360344707966,29.875,,
train_06987,1,1,4,0.9915367364883423,0.0011609700741246343,29.0,0.9915367364883423,35.75,0.006680922117084265,30.75,0.0006214224849827588,28.375,,
train_04159,0,0,4,0.9483809471130371,0.9483809471130371,34.25,0.0324518121778965,30.875,0.013527927920222282,30.0,0.005639279261231422,29.125,,
train_03589,1,1,4,0.996113657951355,0.00048619837616570294,28.375,0.996113657951355,36.0,0.003170411568135023,30.25,0.00022966382675804198,27.625,,
train_10806,3,3,4,0.9799351096153259,0.0027524360921233892,28.625,0.0014732728013768792,28.0,0.01583917625248432,30.375,0.9799351096153259,34.5,,
train_08159,0,0,4,0.9441788792610168,0.9441788792610168,34.5,0.04700789600610733,31.5,0.004954596050083637,29.25,0.003858643351122737,29.0,,
train_00789,1,1,4,0.991568386554718,0.00048397984937764704,28.125,0.991568386554718,35.75,0.007570717483758926,30.875,0.0003769238537643105,27.875,,
train_11755,0,0,4,0.9634317755699158,0.9634317755699158,34.75,0.02567458711564541,31.125,0.009445153176784515,30.125,0.001448460971005261,28.25,,
train_09570,0,0,4,0.9621965885162354,0.9621965885162354,34.5,0.019969752058386803,30.625,0.0121122682467103,30.125,0.005721429828554392,29.375,,
train_11376,0,0,4,0.9684680700302124,0.9684680700302124,34.75,0.029245201498270035,31.25,0.0018695832695811987,28.5,0.0004171603941358626,27.0,,
train_02673,1,1,2,0.9626730680465698,0.037326883524656296,31.5,0.9626730680465698,34.75,,,,,,
train_01069,1,1,4,0.9954183101654053,0.0014965508598834276,29.25,0.9954183101654053,35.75,0.0021774687338620424,29.625,0.0009077040012925863,28.75,,
train_10104,2,2,4,0.9202989935874939,0.0008392040617763996,28.25,0.07554274052381516,32.75,0.9202989935874939,35.25,0.003319116309285164,29.625,,
train_11924,1,1,4,0.9947351217269897,0.0019202905241400003,29.5,0.9947351217269897,35.75,0.003166023874655366,30.0,0.00017861483502201736,27.125,,
train_03228,0,0,4,0.983959972858429,0.983959972858429,34.75,0.008512921631336212,30.0,0.005850839428603649,29.625,0.0016762937884777784,28.375,,
train_10629,1,1,4,0.9923635721206665,0.001690610428340733,29.375,0.9923635721206665,35.75,0.003158475738018751,30.0,0.0027873453218489885,29.875,,
train_11484,3,3,4,0.9458619952201843,0.001422045985236764,28.0,0.005624300800263882,29.375,0.04709169641137123,31.5,0.9458619952201843,34.5,,
train_10181,3,3,4,0.9630469679832458,0.007352953776717186,29.625,0.0039357529021799564,29.0,0.025664331391453743,30.875,0.9630469679832458,34.5,,
train_04233,0,0,4,0.969041109085083,0.969041109085083,34.25,0.0201118066906929,30.375,0.005762128625065088,29.125,0.005085060838609934,29.0,,
train_06781,0,0,2,0.9914224743843079,0.9914224743843079,34.25,0.008577484637498856,29.5,,,,,,
train_03698,0,0,2,0.9875683188438416,0.9875683188438416,33.75,0.01243165135383606,29.375,,,,,,
train_01273,1,1,2,0.9902915358543396,0.009708477184176445,30.375,0.9902915358543396,35.0,,,,,,
train_02928,1,1,2,0.9875683188438416,0.01243165135383606,30.375,0.9875683188438416,34.75,,,,,,
train_04917,2,2,3,0.9908674955368042,0.0024561150930821896,28.75,0.006676412653177977,29.75,0.9908674955368042,34.75,,,,
train_09796,0,0,2,0.9986749291419983,0.9986749291419983,34.0,0.001325022429227829,27.375,,,,,,
train_08672,1,1,2,0.957912266254425,0.042087726294994354,30.875,0.957912266254425,34.0,,,,,,
train_00404,0,0,2,0.9964063763618469,0.9964063763618469,33.5,0.0035936026833951473,27.875,,,,,,
train_03502,0,0,4,0.5987341403961182,0.5987341403961182,32.75,0.22026200592517853,31.75,0.06310611218214035,30.5,0.11789774149656296,31.125,,
train_07190,2,2,4,0.6704235672950745,0.012279236689209938,29.75,0.07066212594509125,31.5,0.6704235672950745,33.75,0.2466350793838501,32.75,,
train_06957,3,3,4,0.8278185129165649,0.041214656084775925,30.5,0.03209800645709038,30.25,0.09886882454156876,31.375,0.8278185129165649,33.5,,
train_06366,0,0,2,0.9859364032745361,0.9859364032745361,33.75,0.014063626527786255,29.5,,,,,,
train_12420,0,0,2,0.9890130758285522,0.9890130758285522,33.75,0.01098694372922182,29.25,,,,,,
train_10416,2,2,3,0.9893981218338013,0.0009022143203765154,27.5,0.009699718095362186,29.875,0.9893981218338013,34.5,,,,
train_01430,1,1,2,0.9875683188438416,0.01243165135383606,30.125,0.9875683188438416,34.5,,,,,,
train_00912,0,0,2,0.9740425944328308,0.9740425944328308,33.0,0.02595735713839531,29.375,,,,,,
train_01301,0,0,2,0.9820137619972229,0.9820137619972229,34.25,0.01798621006309986,30.25,,,,,,
train_10725,0,0,2,0.9968273043632507,0.9968273043632507,34.5,0.0031726830638945103,28.75,,,,,,
train_03887,0,0,2,0.9924227595329285,0.9924227595329285,33.5,0.007577240467071533,28.625,,,,,,
train_05144,0,0,2,0.9940890073776245,0.9940890073776245,34.0,0.005911068990826607,28.875,,,,,,
train_08028,1,1,2,0.9820137619972229,0.01798621006309986,30.75,0.9820137619972229,34.75,,,,,,
train_03010,0,0,2,0.9241418242454529,0.9241418242454529,33.25,0.07585817575454712,30.75,,,,,,
train_05778,0,0,2,0.9626730680465698,0.9626730680465698,33.25,0.037326883524656296,30.0,,,,,,
train_02454,1,1,2,0.9820137619972229,0.01798621006309986,31.0,0.9820137619972229,35.0,,,,,,
train_11017,0,0,2,0.9859364032745361,0.9859364032745361,33.0,0.014063626527786255,28.75,,,,,,
train_03190,3,3,4,0.5492218732833862,0.0017480527749285102,28.25,0.021295642480254173,30.75,0.4277344048023224,33.75,0.5492218732833862,34.0,,
train_09597,0,0,4,0.9775595664978027,0.9775595664978027,34.75,0.017904628068208694,30.75,0.003525630570948124,29.125,0.0010101100197061896,27.875,,
train_02234,2,2,4,0.9803353548049927,0.0006962090265005827,28.5,0.017955468967556953,31.75,0.9803353548049927,35.75,0.0010129781439900398,28.875,,
train_04518,0,0,4,0.9593690633773804,0.9593690633773804,34.75,0.03282780200242996,31.375,0.005704616662114859,29.625,0.0020986113231629133,28.625,,
train_00608,2,2,4,0.9668066501617432,0.0027155610732734203,29.375,0.0291950311511755,31.75,0.9668066501617432,35.25,0.0012827401515096426,28.625,,
train_05970,0,0,4,0.9771612882614136,0.9771612882614136,35.0,0.02028033509850502,31.125,0.002137531526386738,28.875,0.0004209049220662564,27.25,,
train_07223,2,2,4,0.982250988483429,0.001303231343626976,28.875,0.01401105709373951,31.25,0.982250988483429,35.5,0.002434756839647889,29.5,,
train_04473,1,1,4,0.986346423625946,0.007530847564339638,30.875,0.986346423625946,35.75,0.005865029990673065,30.625,0.0002576914266683161,27.5,,
train_08909,1,1,4,0.9961555600166321,0.0005509580369107425,28.5,0.9961555600166321,36.0,0.003170544980093837,30.25,0.0001229353656526655,27.0,,
train_11261,1,1,4,0.9936187267303467,0.0027908706106245518,30.125,0.9936187267303467,36.0,0.0031624706462025642,30.25,0.0004279938293620944,28.25,,
train_06255,3,3,4,0.9565436840057373,0.0006793128559365869,28.0,0.00568781653419137,30.125,0.03708922490477562,32.0,0.9565436840057373,35.25,,
train_02407,3,3,4,0.9678493738174438,0.005755042657256126,29.625,0.015643827617168427,30.625,0.010751836001873016,30.25,0.9678493738174438,34.75,,
train_04311,0,0,4,0.9540748000144958,0.9540748000144958,34.5,0.03264664113521576,31.125,0.010598814114928246,30.0,0.0026797999162226915,28.625,,
train_07185,0,0,4,0.9861298203468323,0.9861298203468323,34.75,0.008531694300472736,30.0,0.004030087497085333,29.25,0.0013083777157589793,28.125,,
train_03719,3,3,4,0.9633744359016418,0.004461308941245079,29.375,0.006491166073828936,29.75,0.02567305974662304,31.125,0.9633744359016418,34.75,,
train_07739,1,1,4,0.9865498542785645,0.0027710157446563244,29.875,0.9865498542785645,35.75,0.006647320929914713,30.75,0.004031803924590349,30.25,,
train_10917,2,2,4,0.9772191047668457,0.0021376581862568855,29.125,0.01789839193224907,31.25,0.9772191047668457,35.25,0.00274480739608407,29.375,,
train_03668,2,2,4,0.9728711843490601,0.00397590221837163,29.75,0.015724997967481613,31.125,0.9728711843490601,35.25,0.007427962496876717,30.375,,
train_01451,2,2,4,0.9845510125160217,0.002765401266515255,29.375,0.0075171394273638725,30.375,0.9845510125160217,35.25,0.005166449584066868,30.0,,
train_12338,1,1,4,0.9945165514945984,0.0016942783258855343,29.625,0.9945165514945984,36.0,0.003586786799132824,30.375,0.00020235266129020602,27.5,,
train_07805,0,0,4,0.8547308444976807,0.8547308444976807,34.0,0.07016058266162872,31.5,0.03755425289273262,30.875,0.03755425289273262,30.875,,
train_01106,1,1,2,0.9859364032745361,0.014063626527786255,30.5,0.9859364032745361,34.75,,,,,,
train_11115,1,1,2,0.9525741338729858,0.04742587357759476,32.0,0.9525741338729858,35.0,,,,,,
train_01196,0,0,4,0.6054069995880127,0.6054069995880127,31.375,0.09284217655658722,29.5,0.10520395636558533,29.625,0.19654688239097595,30.25,,
train_04632,1,1,4,0.7323188781738281,0.04131460562348366,29.875,0.7323188781738281,32.75,0.12725792825222015,31.0,0.09910858422517776,30.75,,
train_04583,0,0,4,0.6198310852050781,0.6198310852050781,31.375,0.08388501405715942,29.375,0.09505417943000793,29.5,0.20122969150543213,30.25,,
train_06135,3,3,4,0.8414642810821533,0.025410020723938942,29.25,0.03262710943818092,29.5,0.10049857944250107,30.625,0.8414642810821533,32.75,,
train_07821,1,1,4,0.8227808475494385,0.019349951297044754,29.5,0.8227808475494385,33.25,0.09826716035604477,31.125,0.0596020482480526,30.625,,
train_04871,3,3,4,0.8542290925979614,0.03312205523252487,29.5,0.04252956062555313,29.75,0.07011938840150833,30.25,0.8542290925979614,32.75,,
train_11338,2,2,4,0.589248538017273,0.033243127167224884,29.0,0.062106337398290634,29.625,0.589248538017273,31.875,0.3154020309448242,31.25,,
train_10977,3,3,4,0.8677360415458679,0.026203356683254242,29.25,0.043202031403779984,29.75,0.06285858899354935,30.125,0.8677360415458679,32.75,,
train_04808,1,1,4,0.8660383224487305,0.01586204580962658,29.5,0.8660383224487305,33.5,0.06273560971021652,30.875,0.0553639754652977,30.75,,
train_00193,1,1,4,0.7471175789833069,0.03719679266214371,30.0,0.7471175789833069,33.0,0.10111136734485626,31.0,0.11457420140504837,31.125,,
train_08713,0,0,4,0.6315497159957886,0.6315497159957886,31.625,0.09685128182172775,29.75,0.06656484305858612,29.375,0.20503416657447815,30.5,,
train_07082,1,1,4,0.7011284232139587,0.03490712493658066,29.75,0.7011284232139587,32.75,0.15644289553165436,31.25,0.10752152651548386,30.875,,
train_01231,0,0,4,0.5878419280052185,0.5878419280052185,31.5,0.1311652660369873,30.0,0.09014847874641418,29.625,0.19084432721138,30.375,,
train_00804,0,0,4,0.6095080375671387,0.6095080375671387,31.375,0.09347108751535416,29.5,0.07279535382986069,29.25,0.2242255061864853,30.375,,
train_00236,2,2,4,0.548301637172699,0.035051751881837845,29.125,0.08408478647470474,30.0,0.548301637172699,31.875,0.33256176114082336,31.375,,
train_11212,1,1,2,0.9947799444198608,0.005220125894993544,29.5,0.9947799444198608,34.75,,,,,,
